[04:57:07] [ServerMain/INFO]: [bootstrap] Running Java 21 (OpenJDK 64-Bit Server VM 21.0.9+10-Ubuntu-124.04; Ubuntu null) on Linux 6.8.0-1030-azure (amd64)
[04:57:07] [ServerMain/INFO]: [bootstrap] Loading Pluto 1.21.4-37-HEAD@412ab86 (2025-06-29T17:29:59Z) for Minecraft 1.21.4
[04:57:07] [ServerMain/INFO]: [PluginInitializerManager] Initializing plugins...
[04:57:08] [Paper Plugin Remapper Thread - 1/INFO]: [ReobfServer] Remapping server...
[04:57:14] [Paper Plugin Remapper Thread - 1/INFO]: [ReobfServer] Done remapping server in 6455ms.
[04:57:14] [Paper Plugin Remapper Thread - 2/INFO]: [PluginRemapper] Remapping plugin 'plugins/Vault.jar'...
[04:57:14] [Paper Plugin Remapper Thread - 3/INFO]: [PluginRemapper] Remapping plugin 'plugins/zAuctionHouse-3.2.2.9.jar'...
[04:57:14] [Paper Plugin Remapper Thread - 1/INFO]: [PluginRemapper] Remapping plugin 'plugins/MMOCore-1.13.1-SNAPSHOT.jar'...
[04:57:14] [Paper Plugin Remapper Thread - 4/INFO]: [PluginRemapper] Remapping plugin 'plugins/MythicMobs-5.11.1.jar'...
[04:57:15] [Paper Plugin Remapper Thread - 2/INFO]: [PluginRemapper] Done remapping plugin 'plugins/Vault.jar' in 273ms.
[04:57:15] [Paper Plugin Remapper Thread - 2/INFO]: [PluginRemapper] Remapping plugin 'plugins/LibsDisguises-11.0.14-Premium.jar'...
[04:57:15] [Paper Plugin Remapper Thread - 1/INFO]: [PluginRemapper] Done remapping plugin 'plugins/MMOCore-1.13.1-SNAPSHOT.jar' in 623ms.
[04:57:15] [Paper Plugin Remapper Thread - 1/INFO]: [PluginRemapper] Remapping plugin 'plugins/MythicLib-dist-1.7.1.jar'...
[04:57:15] [Paper Plugin Remapper Thread - 3/INFO]: [PluginRemapper] Done remapping plugin 'plugins/zAuctionHouse-3.2.2.9.jar' in 738ms.
[04:57:15] [Paper Plugin Remapper Thread - 3/INFO]: [PluginRemapper] Remapping plugin 'plugins/CustomNameplates-Bukkit-3.0.36.jar'...
[04:57:15] [Paper Plugin Remapper Thread - 2/INFO]: [PluginRemapper] Done remapping plugin 'plugins/LibsDisguises-11.0.14-Premium.jar' in 918ms.
[04:57:15] [Paper Plugin Remapper Thread - 2/INFO]: [PluginRemapper] Remapping plugin 'plugins/CustomFishing-2.3.20.jar'...
[04:57:16] [Paper Plugin Remapper Thread - 1/INFO]: [PluginRemapper] Done remapping plugin 'plugins/MythicLib-dist-1.7.1.jar' in 1140ms.
[04:57:16] [Paper Plugin Remapper Thread - 1/INFO]: [PluginRemapper] Remapping plugin 'plugins/SkinsRestorer.jar'...
[04:57:16] [Paper Plugin Remapper Thread - 3/INFO]: [PluginRemapper] Done remapping plugin 'plugins/CustomNameplates-Bukkit-3.0.36.jar' in 1344ms.
[04:57:16] [Paper Plugin Remapper Thread - 3/INFO]: [PluginRemapper] Remapping plugin 'plugins/ShopGUIPlus-1.112.0.jar'...
[04:57:17] [Paper Plugin Remapper Thread - 3/INFO]: [PluginRemapper] Done remapping plugin 'plugins/ShopGUIPlus-1.112.0.jar' in 460ms.
[04:57:17] [Paper Plugin Remapper Thread - 3/INFO]: [PluginRemapper] Remapping plugin 'plugins/AxGraves-1.26.0.jar'...
[04:57:17] [Paper Plugin Remapper Thread - 2/INFO]: [PluginRemapper] Done remapping plugin 'plugins/CustomFishing-2.3.20.jar' in 1567ms.
[04:57:17] [Paper Plugin Remapper Thread - 2/INFO]: [PluginRemapper] Remapping plugin 'plugins/AxQuestBoard-1.14.2.jar'...
[04:57:19] [Paper Plugin Remapper Thread - 1/INFO]: [PluginRemapper] Done remapping plugin 'plugins/SkinsRestorer.jar' in 2632ms.
[04:57:19] [Paper Plugin Remapper Thread - 1/INFO]: [PluginRemapper] Remapping plugin 'plugins/voicechat-bukkit-2.6.11.jar'...
[04:57:19] [Paper Plugin Remapper Thread - 2/INFO]: [PluginRemapper] Done remapping plugin 'plugins/AxQuestBoard-1.14.2.jar' in 1639ms.
[04:57:19] [Paper Plugin Remapper Thread - 2/INFO]: [PluginRemapper] Remapping plugin 'plugins/AxVaults-2.12.0.jar'...
[04:57:19] [Paper Plugin Remapper Thread - 3/INFO]: [PluginRemapper] Done remapping plugin 'plugins/AxGraves-1.26.0.jar' in 1997ms.
[04:57:19] [Paper Plugin Remapper Thread - 3/INFO]: [PluginRemapper] Remapping plugin 'plugins/CosmeticsCore_1.3.9.jar'...
[04:57:19] [Paper Plugin Remapper Thread - 1/INFO]: [PluginRemapper] Done remapping plugin 'plugins/voicechat-bukkit-2.6.11.jar' in 519ms.
[04:57:19] [Paper Plugin Remapper Thread - 1/INFO]: [PluginRemapper] Remapping plugin 'plugins/YDRAY-AxKoth-2.13.3.jar'...
[04:57:20] [Paper Plugin Remapper Thread - 3/INFO]: [PluginRemapper] Done remapping plugin 'plugins/CosmeticsCore_1.3.9.jar' in 936ms.
[04:57:20] [Paper Plugin Remapper Thread - 3/INFO]: [PluginRemapper] Remapping plugin 'plugins/LagFixer.jar'...
[04:57:21] [Paper Plugin Remapper Thread - 2/INFO]: [PluginRemapper] Done remapping plugin 'plugins/AxVaults-2.12.0.jar' in 1895ms.
[04:57:21] [Paper Plugin Remapper Thread - 2/INFO]: [PluginRemapper] Remapping plugin 'plugins/BlueSlimeCore-2.9.8.504.jar'...
[04:57:21] [Paper Plugin Remapper Thread - 3/INFO]: [PluginRemapper] Done remapping plugin 'plugins/LagFixer.jar' in 964ms.
[04:57:21] [Paper Plugin Remapper Thread - 3/INFO]: [PluginRemapper] Remapping plugin 'plugins/Vulcan-2.9.7.12.jar'...
[04:57:21] [Paper Plugin Remapper Thread - 1/INFO]: [PluginRemapper] Done remapping plugin 'plugins/YDRAY-AxKoth-2.13.3.jar' in 1747ms.
[04:57:21] [Paper Plugin Remapper Thread - 1/INFO]: [PluginRemapper] Remapping plugin 'plugins/PhoenixCrates-4.2.3.jar'...
[04:57:22] [Paper Plugin Remapper Thread - 2/INFO]: [PluginRemapper] Done remapping plugin 'plugins/BlueSlimeCore-2.9.8.504.jar' in 1143ms.
[04:57:22] [Paper Plugin Remapper Thread - 2/INFO]: [PluginRemapper] Remapping plugin 'plugins/zmenu-1.0.3.7.jar'...
[04:57:22] [Paper Plugin Remapper Thread - 3/INFO]: [PluginRemapper] Done remapping plugin 'plugins/Vulcan-2.9.7.12.jar' in 1216ms.
[04:57:22] [Paper Plugin Remapper Thread - 3/INFO]: [PluginRemapper] Remapping plugin 'plugins/BetterRTP-3.6.13.jar'...
[04:57:22] [Paper Plugin Remapper Thread - 3/INFO]: [PluginRemapper] Done remapping plugin 'plugins/BetterRTP-3.6.13.jar' in 325ms.
[04:57:22] [Paper Plugin Remapper Thread - 3/INFO]: [PluginRemapper] Remapping plugin 'plugins/TAB v5.5.0.jar'...
[04:57:22] [Paper Plugin Remapper Thread - 2/INFO]: [PluginRemapper] Done remapping plugin 'plugins/zmenu-1.0.3.7.jar' in 638ms.
[04:57:22] [Paper Plugin Remapper Thread - 2/INFO]: [PluginRemapper] Remapping plugin 'plugins/BetterHud-bukkit-1.14.1.jar'...
[04:57:23] [Paper Plugin Remapper Thread - 4/INFO]: [PluginRemapper] Done remapping plugin 'plugins/MythicMobs-5.11.1.jar' in 8560ms.
[04:57:23] [Paper Plugin Remapper Thread - 4/INFO]: [PluginRemapper] Remapping plugin 'plugins/worldguard-bukkit-7.0.13-dist.jar'...
[04:57:23] [Paper Plugin Remapper Thread - 1/INFO]: [PluginRemapper] Done remapping plugin 'plugins/PhoenixCrates-4.2.3.jar' in 2166ms.
[04:57:23] [Paper Plugin Remapper Thread - 1/INFO]: [PluginRemapper] Remapping plugin 'plugins/MMOItems-6.10.1-SNAPSHOT.jar'...
[04:57:24] [Paper Plugin Remapper Thread - 4/INFO]: [PluginRemapper] Done remapping plugin 'plugins/worldguard-bukkit-7.0.13-dist.jar' in 652ms.
[04:57:24] [Paper Plugin Remapper Thread - 4/INFO]: [PluginRemapper] Remapping plugin 'plugins/ChatManager-4.0.3.jar'...
[04:57:24] [Paper Plugin Remapper Thread - 1/INFO]: [PluginRemapper] Done remapping plugin 'plugins/MMOItems-6.10.1-SNAPSHOT.jar' in 725ms.
[04:57:24] [Paper Plugin Remapper Thread - 1/INFO]: [PluginRemapper] Remapping plugin 'plugins/InteractionVisualizer-1.18.19.0.jar'...
[04:57:24] [Paper Plugin Remapper Thread - 4/INFO]: [PluginRemapper] Done remapping plugin 'plugins/ChatManager-4.0.3.jar' in 457ms.
[04:57:24] [Paper Plugin Remapper Thread - 4/INFO]: [PluginRemapper] Remapping plugin 'plugins/AxAFKZone-1.9.0.jar'...
[04:57:24] [Paper Plugin Remapper Thread - 3/INFO]: [PluginRemapper] Done remapping plugin 'plugins/TAB v5.5.0.jar' in 1851ms.
[04:57:24] [Paper Plugin Remapper Thread - 3/INFO]: [PluginRemapper] Remapping plugin 'plugins/EcoJobs v3.77.2.jar'...
[04:57:25] [Paper Plugin Remapper Thread - 3/INFO]: [PluginRemapper] Done remapping plugin 'plugins/EcoJobs v3.77.2.jar' in 403ms.
[04:57:25] [Paper Plugin Remapper Thread - 3/INFO]: [PluginRemapper] Remapping plugin 'plugins/BetterRTPAddons-1.8.10.jar'...
[04:57:25] [Paper Plugin Remapper Thread - 3/INFO]: [PluginRemapper] Done remapping plugin 'plugins/BetterRTPAddons-1.8.10.jar' in 173ms.
[04:57:25] [Paper Plugin Remapper Thread - 3/INFO]: [PluginRemapper] Remapping plugin 'plugins/PlaceholderAPI-2.11.7.jar'...
[04:57:25] [Paper Plugin Remapper Thread - 2/INFO]: [PluginRemapper] Done remapping plugin 'plugins/BetterHud-bukkit-1.14.1.jar' in 2431ms.
[04:57:25] [Paper Plugin Remapper Thread - 2/INFO]: [PluginRemapper] Remapping plugin 'plugins/AxTrade-1.21.2.jar'...
[04:57:25] [Paper Plugin Remapper Thread - 3/INFO]: [PluginRemapper] Done remapping plugin 'plugins/PlaceholderAPI-2.11.7.jar' in 710ms.
[04:57:26] [Paper Plugin Remapper Thread - 4/INFO]: [PluginRemapper] Done remapping plugin 'plugins/AxAFKZone-1.9.0.jar' in 1714ms.
[04:57:27] [Paper Plugin Remapper Thread - 2/INFO]: [PluginRemapper] Done remapping plugin 'plugins/AxTrade-1.21.2.jar' in 1744ms.
[04:57:27] [Paper Plugin Remapper Thread - 1/INFO]: [PluginRemapper] Done remapping plugin 'plugins/InteractionVisualizer-1.18.19.0.jar' in 2882ms.
[04:57:29] [ServerMain/INFO]: [MavenLibraryResolver] Downloading https://maven-central.storage-download.googleapis.com/maven2/redis/clients/jedis/6.0.0/jedis-6.0.0.pom
[04:57:30] [ServerMain/INFO]: [MavenLibraryResolver] Downloading https://maven-central.storage-download.googleapis.com/maven2/org/sonatype/oss/oss-parent/7/oss-parent-7.pom
[04:57:30] [ServerMain/INFO]: [MavenLibraryResolver] Downloading https://maven-central.storage-download.googleapis.com/maven2/org/junit/junit-bom/5.13.0-M1/junit-bom-5.13.0-M1.pom
[04:57:30] [ServerMain/INFO]: [MavenLibraryResolver] Downloading https://maven-central.storage-download.googleapis.com/maven2/org/slf4j/slf4j-api/1.7.36/slf4j-api-1.7.36.pom
[04:57:30] [ServerMain/INFO]: [MavenLibraryResolver] Downloading https://maven-central.storage-download.googleapis.com/maven2/org/slf4j/slf4j-parent/1.7.36/slf4j-parent-1.7.36.pom
[04:57:30] [ServerMain/INFO]: [MavenLibraryResolver] Downloading https://maven-central.storage-download.googleapis.com/maven2/org/apache/commons/commons-pool2/2.12.1/commons-pool2-2.12.1.pom
[04:57:30] [ServerMain/INFO]: [MavenLibraryResolver] Downloading https://maven-central.storage-download.googleapis.com/maven2/org/apache/commons/commons-parent/79/commons-parent-79.pom
[04:57:30] [ServerMain/INFO]: [MavenLibraryResolver] Downloading https://maven-central.storage-download.googleapis.com/maven2/org/apache/apache/33/apache-33.pom
[04:57:30] [ServerMain/INFO]: [MavenLibraryResolver] Downloading https://maven-central.storage-download.googleapis.com/maven2/org/junit/junit-bom/5.11.4/junit-bom-5.11.4.pom
[04:57:30] [ServerMain/INFO]: [MavenLibraryResolver] Downloading https://maven-central.storage-download.googleapis.com/maven2/org/json/json/20250107/json-20250107.pom
[04:57:30] [ServerMain/INFO]: [MavenLibraryResolver] Downloading https://maven-central.storage-download.googleapis.com/maven2/com/google/code/gson/gson/2.12.1/gson-2.12.1.pom
[04:57:30] [ServerMain/INFO]: [MavenLibraryResolver] Downloading https://maven-central.storage-download.googleapis.com/maven2/com/google/code/gson/gson-parent/2.12.1/gson-parent-2.12.1.pom
[04:57:30] [ServerMain/INFO]: [MavenLibraryResolver] Downloading https://maven-central.storage-download.googleapis.com/maven2/com/google/errorprone/error_prone_annotations/2.36.0/error_prone_annotations-2.36.0.pom
[04:57:30] [ServerMain/INFO]: [MavenLibraryResolver] Downloading https://maven-central.storage-download.googleapis.com/maven2/com/google/errorprone/error_prone_parent/2.36.0/error_prone_parent-2.36.0.pom
[04:57:30] [ServerMain/INFO]: [MavenLibraryResolver] Downloading https://maven-central.storage-download.googleapis.com/maven2/redis/clients/authentication/redis-authx-core/0.1.1-beta2/redis-authx-core-0.1.1-beta2.pom
[04:57:30] [ServerMain/INFO]: [MavenLibraryResolver] Downloading https://maven-central.storage-download.googleapis.com/maven2/com/mysql/mysql-connector-j/9.3.0/mysql-connector-j-9.3.0.pom
[04:57:30] [ServerMain/INFO]: [MavenLibraryResolver] Downloading https://maven-central.storage-download.googleapis.com/maven2/com/google/protobuf/protobuf-java/4.29.0/protobuf-java-4.29.0.pom
[04:57:30] [ServerMain/INFO]: [MavenLibraryResolver] Downloading https://maven-central.storage-download.googleapis.com/maven2/com/google/protobuf/protobuf-parent/4.29.0/protobuf-parent-4.29.0.pom
[04:57:31] [ServerMain/INFO]: [MavenLibraryResolver] Downloading https://maven-central.storage-download.googleapis.com/maven2/com/google/protobuf/protobuf-bom/4.29.0/protobuf-bom-4.29.0.pom
[04:57:31] [ServerMain/INFO]: [MavenLibraryResolver] Downloading https://maven-central.storage-download.googleapis.com/maven2/org/mariadb/jdbc/mariadb-java-client/3.5.3/mariadb-java-client-3.5.3.pom
[04:57:31] [ServerMain/INFO]: [MavenLibraryResolver] Downloading https://maven-central.storage-download.googleapis.com/maven2/org/junit/junit-bom/5.7.0/junit-bom-5.7.0.pom
[04:57:31] [ServerMain/INFO]: [MavenLibraryResolver] Downloading https://maven-central.storage-download.googleapis.com/maven2/software/amazon/awssdk/bom/2.21.1/bom-2.21.1.pom
[04:57:31] [ServerMain/INFO]: [MavenLibraryResolver] Downloading https://maven-central.storage-download.googleapis.com/maven2/software/amazon/awssdk/aws-sdk-java-pom/2.21.1/aws-sdk-java-pom-2.21.1.pom
[04:57:31] [ServerMain/INFO]: [MavenLibraryResolver] Downloading https://maven-central.storage-download.googleapis.com/maven2/org/xerial/sqlite-jdbc/3.49.1.0/sqlite-jdbc-3.49.1.0.pom
[04:57:31] [ServerMain/INFO]: [MavenLibraryResolver] Downloading https://maven-central.storage-download.googleapis.com/maven2/com/h2database/h2/2.3.232/h2-2.3.232.pom
[04:57:31] [ServerMain/INFO]: [MavenLibraryResolver] Downloading https://maven-central.storage-download.googleapis.com/maven2/org/postgresql/postgresql/42.7.5/postgresql-42.7.5.pom
[04:57:31] [ServerMain/INFO]: [MavenLibraryResolver] Downloading https://maven-central.storage-download.googleapis.com/maven2/org/checkerframework/checker-qual/3.48.3/checker-qual-3.48.3.pom
[04:57:31] [ServerMain/INFO]: [MavenLibraryResolver] Downloading https://maven-central.storage-download.googleapis.com/maven2/redis/clients/jedis/6.0.0/jedis-6.0.0.jar
[04:57:31] [BasicRepositoryConnector-maven-central.storage-download.googleapis.com-0-0/INFO]: [MavenLibraryResolver] Downloading https://maven-central.storage-download.googleapis.com/maven2/org/slf4j/slf4j-api/1.7.36/slf4j-api-1.7.36.jar
[04:57:31] [BasicRepositoryConnector-maven-central.storage-download.googleapis.com-0-1/INFO]: [MavenLibraryResolver] Downloading https://maven-central.storage-download.googleapis.com/maven2/org/apache/commons/commons-pool2/2.12.1/commons-pool2-2.12.1.jar
[04:57:31] [BasicRepositoryConnector-maven-central.storage-download.googleapis.com-0-2/INFO]: [MavenLibraryResolver] Downloading https://maven-central.storage-download.googleapis.com/maven2/org/json/json/20250107/json-20250107.jar
[04:57:31] [BasicRepositoryConnector-maven-central.storage-download.googleapis.com-0-3/INFO]: [MavenLibraryResolver] Downloading https://maven-central.storage-download.googleapis.com/maven2/com/google/code/gson/gson/2.12.1/gson-2.12.1.jar
[04:57:31] [BasicRepositoryConnector-maven-central.storage-download.googleapis.com-0-4/INFO]: [MavenLibraryResolver] Downloading https://maven-central.storage-download.googleapis.com/maven2/com/google/errorprone/error_prone_annotations/2.36.0/error_prone_annotations-2.36.0.jar
[04:57:31] [BasicRepositoryConnector-maven-central.storage-download.googleapis.com-0-0/INFO]: [MavenLibraryResolver] Downloading https://maven-central.storage-download.googleapis.com/maven2/redis/clients/authentication/redis-authx-core/0.1.1-beta2/redis-authx-core-0.1.1-beta2.jar
[04:57:31] [BasicRepositoryConnector-maven-central.storage-download.googleapis.com-0-4/INFO]: [MavenLibraryResolver] Downloading https://maven-central.storage-download.googleapis.com/maven2/com/mysql/mysql-connector-j/9.3.0/mysql-connector-j-9.3.0.jar
[04:57:31] [BasicRepositoryConnector-maven-central.storage-download.googleapis.com-0-0/INFO]: [MavenLibraryResolver] Downloading https://maven-central.storage-download.googleapis.com/maven2/com/google/protobuf/protobuf-java/4.29.0/protobuf-java-4.29.0.jar
[04:57:31] [BasicRepositoryConnector-maven-central.storage-download.googleapis.com-0-2/INFO]: [MavenLibraryResolver] Downloading https://maven-central.storage-download.googleapis.com/maven2/org/mariadb/jdbc/mariadb-java-client/3.5.3/mariadb-java-client-3.5.3.jar
[04:57:31] [BasicRepositoryConnector-maven-central.storage-download.googleapis.com-0-1/INFO]: [MavenLibraryResolver] Downloading https://maven-central.storage-download.googleapis.com/maven2/org/xerial/sqlite-jdbc/3.49.1.0/sqlite-jdbc-3.49.1.0.jar
[04:57:31] [BasicRepositoryConnector-maven-central.storage-download.googleapis.com-0-3/INFO]: [MavenLibraryResolver] Downloading https://maven-central.storage-download.googleapis.com/maven2/com/h2database/h2/2.3.232/h2-2.3.232.jar
[04:57:31] [BasicRepositoryConnector-maven-central.storage-download.googleapis.com-0-0/INFO]: [MavenLibraryResolver] Downloading https://maven-central.storage-download.googleapis.com/maven2/org/postgresql/postgresql/42.7.5/postgresql-42.7.5.jar
[04:57:31] [BasicRepositoryConnector-maven-central.storage-download.googleapis.com-0-2/INFO]: [MavenLibraryResolver] Downloading https://maven-central.storage-download.googleapis.com/maven2/org/checkerframework/checker-qual/3.48.3/checker-qual-3.48.3.jar
[04:57:32] [ServerMain/INFO]: [MavenLibraryResolver] Downloading https://maven-central.storage-download.googleapis.com/maven2/org/jetbrains/kotlinx/kotlinx-coroutines-core/1.10.2/kotlinx-coroutines-core-1.10.2.pom
[04:57:32] [ServerMain/INFO]: [MavenLibraryResolver] Downloading https://maven-central.storage-download.googleapis.com/maven2/org/jetbrains/kotlinx/kotlinx-coroutines-bom/1.10.2/kotlinx-coroutines-bom-1.10.2.pom
[04:57:32] [ServerMain/INFO]: [MavenLibraryResolver] Downloading https://maven-central.storage-download.googleapis.com/maven2/org/jetbrains/kotlinx/kotlinx-coroutines-core-jvm/1.10.2/kotlinx-coroutines-core-jvm-1.10.2.pom
[04:57:32] [ServerMain/INFO]: [MavenLibraryResolver] Downloading https://maven-central.storage-download.googleapis.com/maven2/org/jetbrains/annotations/23.0.0/annotations-23.0.0.pom
[04:57:32] [ServerMain/INFO]: [MavenLibraryResolver] Downloading https://maven-central.storage-download.googleapis.com/maven2/org/jetbrains/kotlin/kotlin-stdlib/2.1.0/kotlin-stdlib-2.1.0.pom
[04:57:32] [ServerMain/INFO]: [MavenLibraryResolver] Downloading https://maven-central.storage-download.googleapis.com/maven2/org/jetbrains/annotations/13.0/annotations-13.0.pom
[04:57:32] [ServerMain/INFO]: [MavenLibraryResolver] Downloading https://maven-central.storage-download.googleapis.com/maven2/org/jetbrains/kotlin/kotlin-stdlib/2.2.0/kotlin-stdlib-2.2.0.pom
[04:57:32] [ServerMain/INFO]: [MavenLibraryResolver] Downloading https://maven-central.storage-download.googleapis.com/maven2/org/springframework/spring-expression/6.0.8/spring-expression-6.0.8.pom
[04:57:32] [ServerMain/INFO]: [MavenLibraryResolver] Downloading https://maven-central.storage-download.googleapis.com/maven2/org/springframework/spring-core/6.0.8/spring-core-6.0.8.pom
[04:57:32] [ServerMain/INFO]: [MavenLibraryResolver] Downloading https://maven-central.storage-download.googleapis.com/maven2/org/springframework/spring-jcl/6.0.8/spring-jcl-6.0.8.pom
[04:57:32] [ServerMain/INFO]: [MavenLibraryResolver] Downloading https://maven-central.storage-download.googleapis.com/maven2/org/spongepowered/configurate-yaml/4.2.0/configurate-yaml-4.2.0.pom
[04:57:32] [ServerMain/INFO]: [MavenLibraryResolver] Downloading https://maven-central.storage-download.googleapis.com/maven2/org/spongepowered/configurate-core/4.2.0/configurate-core-4.2.0.pom
[04:57:33] [ServerMain/INFO]: [MavenLibraryResolver] Downloading https://maven-central.storage-download.googleapis.com/maven2/io/leangen/geantyref/geantyref/1.3.16/geantyref-1.3.16.pom
[04:57:33] [ServerMain/INFO]: [MavenLibraryResolver] Downloading https://maven-central.storage-download.googleapis.com/maven2/net/kyori/option/1.1.0/option-1.1.0.pom
[04:57:33] [ServerMain/INFO]: [MavenLibraryResolver] Downloading https://maven-central.storage-download.googleapis.com/maven2/org/jetbrains/annotations/26.0.2/annotations-26.0.2.pom
[04:57:33] [ServerMain/INFO]: [MavenLibraryResolver] Downloading https://maven-central.storage-download.googleapis.com/maven2/org/jspecify/jspecify/1.0.0/jspecify-1.0.0.pom
[04:57:33] [ServerMain/INFO]: [org.eclipse.aether.internal.impl.DefaultArtifactResolver] Artifact com.google.errorprone:error_prone_annotations:pom:2.36.0 is present in the local repository, but cached from a remote repository ID that is unavailable in current build context, verifying that is downloadable from [central (https://maven-central.storage-download.googleapis.com/maven2, default, releases+snapshots), nexomc-release (https://repo.nexomc.com/releases, default, releases+snapshots), nexomc-snapshot (https://repo.nexomc.com/snapshots, default, releases+snapshots), paper (https://repo.papermc.io/repository/maven-public/, default, releases+snapshots)]
[04:57:33] [ServerMain/INFO]: [org.eclipse.aether.internal.impl.DefaultArtifactResolver] Artifact com.google.errorprone:error_prone_annotations:pom:2.36.0 is present in the local repository, but cached from a remote repository ID that is unavailable in current build context, verifying that is downloadable from [central (https://maven-central.storage-download.googleapis.com/maven2, default, releases+snapshots), nexomc-release (https://repo.nexomc.com/releases, default, releases+snapshots), nexomc-snapshot (https://repo.nexomc.com/snapshots, default, releases+snapshots), paper (https://repo.papermc.io/repository/maven-public/, default, releases+snapshots)]
[04:57:33] [ServerMain/INFO]: [MavenLibraryResolver] Downloading https://maven-central.storage-download.googleapis.com/maven2/com/google/errorprone/error_prone_annotations/2.36.0/error_prone_annotations-2.36.0.pom
[04:57:33] [ServerMain/INFO]: [org.eclipse.aether.internal.impl.DefaultArtifactResolver] Artifact com.google.errorprone:error_prone_parent:pom:2.36.0 is present in the local repository, but cached from a remote repository ID that is unavailable in current build context, verifying that is downloadable from [central (https://maven-central.storage-download.googleapis.com/maven2, default, releases+snapshots), nexomc-release (https://repo.nexomc.com/releases, default, releases+snapshots), nexomc-snapshot (https://repo.nexomc.com/snapshots, default, releases+snapshots), paper (https://repo.papermc.io/repository/maven-public/, default, releases+snapshots)]
[04:57:33] [ServerMain/INFO]: [org.eclipse.aether.internal.impl.DefaultArtifactResolver] Artifact com.google.errorprone:error_prone_parent:pom:2.36.0 is present in the local repository, but cached from a remote repository ID that is unavailable in current build context, verifying that is downloadable from [central (https://maven-central.storage-download.googleapis.com/maven2, default, releases+snapshots), nexomc-release (https://repo.nexomc.com/releases, default, releases+snapshots), nexomc-snapshot (https://repo.nexomc.com/snapshots, default, releases+snapshots), paper (https://repo.papermc.io/repository/maven-public/, default, releases+snapshots)]
[04:57:33] [ServerMain/INFO]: [MavenLibraryResolver] Downloading https://maven-central.storage-download.googleapis.com/maven2/com/google/errorprone/error_prone_parent/2.36.0/error_prone_parent-2.36.0.pom
[04:57:33] [ServerMain/INFO]: [MavenLibraryResolver] Downloading https://maven-central.storage-download.googleapis.com/maven2/org/checkerframework/checker-qual/3.49.0/checker-qual-3.49.0.pom
[04:57:33] [ServerMain/INFO]: [MavenLibraryResolver] Downloading https://maven-central.storage-download.googleapis.com/maven2/org/spongepowered/configurate-extra-kotlin/4.2.0/configurate-extra-kotlin-4.2.0.pom
[04:57:33] [ServerMain/INFO]: [MavenLibraryResolver] Downloading https://maven-central.storage-download.googleapis.com/maven2/org/jetbrains/kotlin/kotlin-stdlib-jdk8/1.5.30/kotlin-stdlib-jdk8-1.5.30.pom
[04:57:33] [ServerMain/INFO]: [MavenLibraryResolver] Downloading https://maven-central.storage-download.googleapis.com/maven2/org/jetbrains/kotlin/kotlin-stdlib/1.5.30/kotlin-stdlib-1.5.30.pom
[04:57:33] [ServerMain/INFO]: [MavenLibraryResolver] Downloading https://maven-central.storage-download.googleapis.com/maven2/org/jetbrains/kotlin/kotlin-stdlib-common/1.5.30/kotlin-stdlib-common-1.5.30.pom
[04:57:33] [ServerMain/INFO]: [MavenLibraryResolver] Downloading https://maven-central.storage-download.googleapis.com/maven2/org/jetbrains/kotlin/kotlin-stdlib-jdk7/1.5.30/kotlin-stdlib-jdk7-1.5.30.pom
[04:57:33] [ServerMain/INFO]: [MavenLibraryResolver] Downloading https://maven-central.storage-download.googleapis.com/maven2/org/jetbrains/kotlin/kotlin-reflect/1.4.20/kotlin-reflect-1.4.20.pom
[04:57:33] [ServerMain/INFO]: [MavenLibraryResolver] Downloading https://maven-central.storage-download.googleapis.com/maven2/org/jetbrains/kotlin/kotlin-stdlib/1.4.20/kotlin-stdlib-1.4.20.pom
[04:57:33] [ServerMain/INFO]: [MavenLibraryResolver] Downloading https://maven-central.storage-download.googleapis.com/maven2/org/jetbrains/kotlin/kotlin-stdlib-common/1.4.20/kotlin-stdlib-common-1.4.20.pom
[04:57:33] [ServerMain/INFO]: [MavenLibraryResolver] Downloading https://maven-central.storage-download.googleapis.com/maven2/org/jetbrains/kotlinx/kotlinx-coroutines-core-jvm/1.5.2/kotlinx-coroutines-core-jvm-1.5.2.pom
[04:57:33] [ServerMain/INFO]: [MavenLibraryResolver] Downloading https://maven-central.storage-download.googleapis.com/maven2/gs/mclo/java/2.2.1/java-2.2.1.pom
[04:57:33] [ServerMain/INFO]: [MavenLibraryResolver] Downloading https://maven-central.storage-download.googleapis.com/maven2/com/google/code/gson/gson/2.10/gson-2.10.pom
[04:57:33] [ServerMain/INFO]: [MavenLibraryResolver] Downloading https://maven-central.storage-download.googleapis.com/maven2/com/google/code/gson/gson-parent/2.10/gson-parent-2.10.pom
[04:57:33] [ServerMain/INFO]: [MavenLibraryResolver] Downloading https://maven-central.storage-download.googleapis.com/maven2/org/apache/httpcomponents/client5/httpclient5/5.4.3/httpclient5-5.4.3.pom
[04:57:33] [ServerMain/INFO]: [MavenLibraryResolver] Downloading https://maven-central.storage-download.googleapis.com/maven2/org/apache/httpcomponents/client5/httpclient5-parent/5.4.3/httpclient5-parent-5.4.3.pom
[04:57:34] [ServerMain/INFO]: [MavenLibraryResolver] Downloading https://maven-central.storage-download.googleapis.com/maven2/org/apache/httpcomponents/httpcomponents-parent/13/httpcomponents-parent-13.pom
[04:57:34] [ServerMain/INFO]: [MavenLibraryResolver] Downloading https://maven-central.storage-download.googleapis.com/maven2/org/apache/apache/27/apache-27.pom
[04:57:34] [ServerMain/INFO]: [MavenLibraryResolver] Downloading https://maven-central.storage-download.googleapis.com/maven2/org/junit/junit-bom/5.11.0/junit-bom-5.11.0.pom
[04:57:34] [ServerMain/INFO]: [MavenLibraryResolver] Downloading https://maven-central.storage-download.googleapis.com/maven2/org/apache/httpcomponents/core5/httpcore5/5.3.4/httpcore5-5.3.4.pom
[04:57:34] [ServerMain/INFO]: [MavenLibraryResolver] Downloading https://maven-central.storage-download.googleapis.com/maven2/org/apache/httpcomponents/core5/httpcore5-parent/5.3.4/httpcore5-parent-5.3.4.pom
[04:57:34] [ServerMain/INFO]: [org.eclipse.aether.internal.impl.DefaultArtifactResolver] Artifact org.junit:junit-bom:pom:5.11.4 is present in the local repository, but cached from a remote repository ID that is unavailable in current build context, verifying that is downloadable from [central (https://maven-central.storage-download.googleapis.com/maven2, default, releases+snapshots), nexomc-release (https://repo.nexomc.com/releases, default, releases+snapshots), nexomc-snapshot (https://repo.nexomc.com/snapshots, default, releases+snapshots), paper (https://repo.papermc.io/repository/maven-public/, default, releases+snapshots), apache.snapshots (https://repository.apache.org/snapshots, default, snapshots)]
[04:57:34] [ServerMain/INFO]: [org.eclipse.aether.internal.impl.DefaultArtifactResolver] Artifact org.junit:junit-bom:pom:5.11.4 is present in the local repository, but cached from a remote repository ID that is unavailable in current build context, verifying that is downloadable from [central (https://maven-central.storage-download.googleapis.com/maven2, default, releases+snapshots), nexomc-release (https://repo.nexomc.com/releases, default, releases+snapshots), nexomc-snapshot (https://repo.nexomc.com/snapshots, default, releases+snapshots), paper (https://repo.papermc.io/repository/maven-public/, default, releases+snapshots), apache.snapshots (https://repository.apache.org/snapshots, default, snapshots)]
[04:57:34] [ServerMain/INFO]: [MavenLibraryResolver] Downloading https://maven-central.storage-download.googleapis.com/maven2/org/junit/junit-bom/5.11.4/junit-bom-5.11.4.pom
[04:57:34] [ServerMain/INFO]: [MavenLibraryResolver] Downloading https://maven-central.storage-download.googleapis.com/maven2/org/apache/httpcomponents/core5/httpcore5-h2/5.3.4/httpcore5-h2-5.3.4.pom
[04:57:34] [ServerMain/INFO]: [org.eclipse.aether.internal.impl.DefaultArtifactResolver] Artifact org.slf4j:slf4j-api:pom:1.7.36 is present in the local repository, but cached from a remote repository ID that is unavailable in current build context, verifying that is downloadable from [central (https://maven-central.storage-download.googleapis.com/maven2, default, releases+snapshots), nexomc-release (https://repo.nexomc.com/releases, default, releases+snapshots), nexomc-snapshot (https://repo.nexomc.com/snapshots, default, releases+snapshots), paper (https://repo.papermc.io/repository/maven-public/, default, releases+snapshots), apache.snapshots (https://repository.apache.org/snapshots, default, snapshots)]
[04:57:34] [ServerMain/INFO]: [org.eclipse.aether.internal.impl.DefaultArtifactResolver] Artifact org.slf4j:slf4j-api:pom:1.7.36 is present in the local repository, but cached from a remote repository ID that is unavailable in current build context, verifying that is downloadable from [central (https://maven-central.storage-download.googleapis.com/maven2, default, releases+snapshots), nexomc-release (https://repo.nexomc.com/releases, default, releases+snapshots), nexomc-snapshot (https://repo.nexomc.com/snapshots, default, releases+snapshots), paper (https://repo.papermc.io/repository/maven-public/, default, releases+snapshots), apache.snapshots (https://repository.apache.org/snapshots, default, snapshots)]
[04:57:34] [ServerMain/INFO]: [MavenLibraryResolver] Downloading https://maven-central.storage-download.googleapis.com/maven2/org/slf4j/slf4j-api/1.7.36/slf4j-api-1.7.36.pom
[04:57:34] [ServerMain/INFO]: [org.eclipse.aether.internal.impl.DefaultArtifactResolver] Artifact org.slf4j:slf4j-parent:pom:1.7.36 is present in the local repository, but cached from a remote repository ID that is unavailable in current build context, verifying that is downloadable from [central (https://maven-central.storage-download.googleapis.com/maven2, default, releases+snapshots), nexomc-release (https://repo.nexomc.com/releases, default, releases+snapshots), nexomc-snapshot (https://repo.nexomc.com/snapshots, default, releases+snapshots), paper (https://repo.papermc.io/repository/maven-public/, default, releases+snapshots), apache.snapshots (https://repository.apache.org/snapshots, default, snapshots)]
[04:57:34] [ServerMain/INFO]: [org.eclipse.aether.internal.impl.DefaultArtifactResolver] Artifact org.slf4j:slf4j-parent:pom:1.7.36 is present in the local repository, but cached from a remote repository ID that is unavailable in current build context, verifying that is downloadable from [central (https://maven-central.storage-download.googleapis.com/maven2, default, releases+snapshots), nexomc-release (https://repo.nexomc.com/releases, default, releases+snapshots), nexomc-snapshot (https://repo.nexomc.com/snapshots, default, releases+snapshots), paper (https://repo.papermc.io/repository/maven-public/, default, releases+snapshots), apache.snapshots (https://repository.apache.org/snapshots, default, snapshots)]
[04:57:34] [ServerMain/INFO]: [MavenLibraryResolver] Downloading https://maven-central.storage-download.googleapis.com/maven2/org/slf4j/slf4j-parent/1.7.36/slf4j-parent-1.7.36.pom
[04:57:34] [ServerMain/INFO]: [MavenLibraryResolver] Downloading https://maven-central.storage-download.googleapis.com/maven2/software/amazon/awssdk/s3/2.32.4/s3-2.32.4.pom
[04:57:34] [ServerMain/INFO]: [MavenLibraryResolver] Downloading https://maven-central.storage-download.googleapis.com/maven2/software/amazon/awssdk/services/2.32.4/services-2.32.4.pom
[04:57:34] [ServerMain/INFO]: [MavenLibraryResolver] Downloading https://maven-central.storage-download.googleapis.com/maven2/software/amazon/awssdk/aws-sdk-java-pom/2.32.4/aws-sdk-java-pom-2.32.4.pom
[04:57:34] [ServerMain/INFO]: [MavenLibraryResolver] Downloading https://maven-central.storage-download.googleapis.com/maven2/software/amazon/awssdk/bom-internal/2.32.4/bom-internal-2.32.4.pom
[04:57:34] [ServerMain/INFO]: [MavenLibraryResolver] Downloading https://repo.nexomc.com/releases/org/junit/junit-bom/5.10.0/junit-bom-5.10.0.pom
[04:57:35] [ServerMain/INFO]: [MavenLibraryResolver] Downloading https://repo.nexomc.com/snapshots/org/junit/junit-bom/5.10.0/junit-bom-5.10.0.pom
[04:57:35] [ServerMain/INFO]: [MavenLibraryResolver] Downloading https://repo.papermc.io/repository/maven-public/org/junit/junit-bom/5.10.0/junit-bom-5.10.0.pom
[04:57:35] [ServerMain/INFO]: [MavenLibraryResolver] Downloading https://maven-central.storage-download.googleapis.com/maven2/software/amazon/awssdk/aws-xml-protocol/2.32.4/aws-xml-protocol-2.32.4.pom
[04:57:35] [ServerMain/INFO]: [MavenLibraryResolver] Downloading https://maven-central.storage-download.googleapis.com/maven2/software/amazon/awssdk/protocols/2.32.4/protocols-2.32.4.pom
[04:57:35] [ServerMain/INFO]: [MavenLibraryResolver] Downloading https://maven-central.storage-download.googleapis.com/maven2/software/amazon/awssdk/core/2.32.4/core-2.32.4.pom
[04:57:35] [ServerMain/INFO]: [MavenLibraryResolver] Downloading https://maven-central.storage-download.googleapis.com/maven2/software/amazon/awssdk/aws-query-protocol/2.32.4/aws-query-protocol-2.32.4.pom
[04:57:35] [ServerMain/INFO]: [MavenLibraryResolver] Downloading https://maven-central.storage-download.googleapis.com/maven2/software/amazon/awssdk/protocol-core/2.32.4/protocol-core-2.32.4.pom
[04:57:35] [ServerMain/INFO]: [MavenLibraryResolver] Downloading https://maven-central.storage-download.googleapis.com/maven2/software/amazon/awssdk/sdk-core/2.32.4/sdk-core-2.32.4.pom
[04:57:35] [ServerMain/INFO]: [MavenLibraryResolver] Downloading https://maven-central.storage-download.googleapis.com/maven2/software/amazon/awssdk/annotations/2.32.4/annotations-2.32.4.pom
[04:57:35] [ServerMain/INFO]: [MavenLibraryResolver] Downloading https://maven-central.storage-download.googleapis.com/maven2/software/amazon/awssdk/http-client-spi/2.32.4/http-client-spi-2.32.4.pom
[04:57:35] [ServerMain/INFO]: [MavenLibraryResolver] Downloading https://maven-central.storage-download.googleapis.com/maven2/software/amazon/awssdk/utils/2.32.4/utils-2.32.4.pom
[04:57:35] [ServerMain/INFO]: [MavenLibraryResolver] Downloading https://maven-central.storage-download.googleapis.com/maven2/org/reactivestreams/reactive-streams/1.0.4/reactive-streams-1.0.4.pom
[04:57:36] [ServerMain/INFO]: [MavenLibraryResolver] Downloading https://maven-central.storage-download.googleapis.com/maven2/software/amazon/awssdk/metrics-spi/2.32.4/metrics-spi-2.32.4.pom
[04:57:36] [ServerMain/INFO]: [MavenLibraryResolver] Downloading https://maven-central.storage-download.googleapis.com/maven2/software/amazon/awssdk/endpoints-spi/2.32.4/endpoints-spi-2.32.4.pom
[04:57:36] [ServerMain/INFO]: [MavenLibraryResolver] Downloading https://maven-central.storage-download.googleapis.com/maven2/software/amazon/awssdk/http-auth-spi/2.32.4/http-auth-spi-2.32.4.pom
[04:57:36] [ServerMain/INFO]: [MavenLibraryResolver] Downloading https://maven-central.storage-download.googleapis.com/maven2/software/amazon/awssdk/identity-spi/2.32.4/identity-spi-2.32.4.pom
[04:57:36] [ServerMain/INFO]: [MavenLibraryResolver] Downloading https://maven-central.storage-download.googleapis.com/maven2/software/amazon/awssdk/http-auth-aws/2.32.4/http-auth-aws-2.32.4.pom
[04:57:36] [ServerMain/INFO]: [MavenLibraryResolver] Downloading https://maven-central.storage-download.googleapis.com/maven2/software/amazon/awssdk/checksums-spi/2.32.4/checksums-spi-2.32.4.pom
[04:57:36] [ServerMain/INFO]: [MavenLibraryResolver] Downloading https://maven-central.storage-download.googleapis.com/maven2/software/amazon/awssdk/checksums/2.32.4/checksums-2.32.4.pom
[04:57:36] [ServerMain/INFO]: [MavenLibraryResolver] Downloading https://maven-central.storage-download.googleapis.com/maven2/software/amazon/awssdk/profiles/2.32.4/profiles-2.32.4.pom
[04:57:36] [ServerMain/INFO]: [MavenLibraryResolver] Downloading https://maven-central.storage-download.googleapis.com/maven2/software/amazon/awssdk/retries-spi/2.32.4/retries-spi-2.32.4.pom
[04:57:36] [ServerMain/INFO]: [MavenLibraryResolver] Downloading https://maven-central.storage-download.googleapis.com/maven2/software/amazon/awssdk/retries/2.32.4/retries-2.32.4.pom
[04:57:36] [ServerMain/INFO]: [MavenLibraryResolver] Downloading https://maven-central.storage-download.googleapis.com/maven2/software/amazon/awssdk/aws-core/2.32.4/aws-core-2.32.4.pom
[04:57:36] [ServerMain/INFO]: [MavenLibraryResolver] Downloading https://maven-central.storage-download.googleapis.com/maven2/software/amazon/awssdk/regions/2.32.4/regions-2.32.4.pom
[04:57:36] [ServerMain/INFO]: [MavenLibraryResolver] Downloading https://maven-central.storage-download.googleapis.com/maven2/software/amazon/awssdk/json-utils/2.32.4/json-utils-2.32.4.pom
[04:57:36] [ServerMain/INFO]: [MavenLibraryResolver] Downloading https://maven-central.storage-download.googleapis.com/maven2/software/amazon/awssdk/third-party-jackson-core/2.32.4/third-party-jackson-core-2.32.4.pom
[04:57:36] [ServerMain/INFO]: [MavenLibraryResolver] Downloading https://maven-central.storage-download.googleapis.com/maven2/software/amazon/awssdk/third-party/2.32.4/third-party-2.32.4.pom
[04:57:36] [ServerMain/INFO]: [MavenLibraryResolver] Downloading https://maven-central.storage-download.googleapis.com/maven2/software/amazon/awssdk/auth/2.32.4/auth-2.32.4.pom
[04:57:36] [ServerMain/INFO]: [MavenLibraryResolver] Downloading https://maven-central.storage-download.googleapis.com/maven2/software/amazon/awssdk/http-auth-aws-eventstream/2.32.4/http-auth-aws-eventstream-2.32.4.pom
[04:57:36] [ServerMain/INFO]: [MavenLibraryResolver] Downloading https://maven-central.storage-download.googleapis.com/maven2/software/amazon/eventstream/eventstream/1.0.1/eventstream-1.0.1.pom
[04:57:36] [ServerMain/INFO]: [MavenLibraryResolver] Downloading https://maven-central.storage-download.googleapis.com/maven2/software/amazon/awssdk/http-auth/2.32.4/http-auth-2.32.4.pom
[04:57:36] [ServerMain/INFO]: [MavenLibraryResolver] Downloading https://maven-central.storage-download.googleapis.com/maven2/software/amazon/awssdk/arns/2.32.4/arns-2.32.4.pom
[04:57:37] [ServerMain/INFO]: [MavenLibraryResolver] Downloading https://maven-central.storage-download.googleapis.com/maven2/software/amazon/awssdk/crt-core/2.32.4/crt-core-2.32.4.pom
[04:57:37] [ServerMain/INFO]: [MavenLibraryResolver] Downloading https://maven-central.storage-download.googleapis.com/maven2/software/amazon/awssdk/apache-client/2.32.4/apache-client-2.32.4.pom
[04:57:37] [ServerMain/INFO]: [MavenLibraryResolver] Downloading https://maven-central.storage-download.googleapis.com/maven2/software/amazon/awssdk/http-clients/2.32.4/http-clients-2.32.4.pom
[04:57:37] [ServerMain/INFO]: [MavenLibraryResolver] Downloading https://maven-central.storage-download.googleapis.com/maven2/org/apache/httpcomponents/httpclient/4.5.13/httpclient-4.5.13.pom
[04:57:37] [ServerMain/INFO]: [MavenLibraryResolver] Downloading https://maven-central.storage-download.googleapis.com/maven2/org/apache/httpcomponents/httpcomponents-client/4.5.13/httpcomponents-client-4.5.13.pom
[04:57:37] [ServerMain/INFO]: [MavenLibraryResolver] Downloading https://maven-central.storage-download.googleapis.com/maven2/org/apache/httpcomponents/httpcomponents-parent/11/httpcomponents-parent-11.pom
[04:57:37] [ServerMain/INFO]: [MavenLibraryResolver] Downloading https://maven-central.storage-download.googleapis.com/maven2/org/apache/apache/21/apache-21.pom
[04:57:37] [ServerMain/INFO]: [MavenLibraryResolver] Downloading https://maven-central.storage-download.googleapis.com/maven2/org/apache/httpcomponents/httpcore/4.4.13/httpcore-4.4.13.pom
[04:57:37] [ServerMain/INFO]: [MavenLibraryResolver] Downloading https://maven-central.storage-download.googleapis.com/maven2/org/apache/httpcomponents/httpcomponents-core/4.4.13/httpcomponents-core-4.4.13.pom
[04:57:37] [ServerMain/INFO]: [MavenLibraryResolver] Downloading https://maven-central.storage-download.googleapis.com/maven2/commons-logging/commons-logging/1.2/commons-logging-1.2.pom
[04:57:37] [ServerMain/INFO]: [MavenLibraryResolver] Downloading https://maven-central.storage-download.googleapis.com/maven2/org/apache/commons/commons-parent/34/commons-parent-34.pom
[04:57:37] [ServerMain/INFO]: [MavenLibraryResolver] Downloading https://maven-central.storage-download.googleapis.com/maven2/org/apache/apache/13/apache-13.pom
[04:57:37] [ServerMain/INFO]: [MavenLibraryResolver] Downloading https://maven-central.storage-download.googleapis.com/maven2/commons-codec/commons-codec/1.11/commons-codec-1.11.pom
[04:57:37] [ServerMain/INFO]: [MavenLibraryResolver] Downloading https://maven-central.storage-download.googleapis.com/maven2/org/apache/commons/commons-parent/42/commons-parent-42.pom
[04:57:37] [ServerMain/INFO]: [MavenLibraryResolver] Downloading https://maven-central.storage-download.googleapis.com/maven2/org/apache/apache/18/apache-18.pom
[04:57:37] [ServerMain/INFO]: [MavenLibraryResolver] Downloading https://maven-central.storage-download.googleapis.com/maven2/org/apache/httpcomponents/httpcore/4.4.16/httpcore-4.4.16.pom
[04:57:37] [ServerMain/INFO]: [MavenLibraryResolver] Downloading https://maven-central.storage-download.googleapis.com/maven2/org/apache/httpcomponents/httpcomponents-core/4.4.16/httpcomponents-core-4.4.16.pom
[04:57:37] [ServerMain/INFO]: [MavenLibraryResolver] Downloading https://maven-central.storage-download.googleapis.com/maven2/commons-codec/commons-codec/1.17.1/commons-codec-1.17.1.pom
[04:57:37] [ServerMain/INFO]: [MavenLibraryResolver] Downloading https://maven-central.storage-download.googleapis.com/maven2/org/apache/commons/commons-parent/71/commons-parent-71.pom
[04:57:37] [ServerMain/INFO]: [MavenLibraryResolver] Downloading https://maven-central.storage-download.googleapis.com/maven2/org/apache/apache/32/apache-32.pom
[04:57:37] [ServerMain/INFO]: [MavenLibraryResolver] Downloading https://maven-central.storage-download.googleapis.com/maven2/org/junit/junit-bom/5.11.0-M2/junit-bom-5.11.0-M2.pom
[04:57:37] [ServerMain/INFO]: [MavenLibraryResolver] Downloading https://maven-central.storage-download.googleapis.com/maven2/software/amazon/awssdk/netty-nio-client/2.32.4/netty-nio-client-2.32.4.pom
[04:57:38] [ServerMain/INFO]: [MavenLibraryResolver] Downloading https://maven-central.storage-download.googleapis.com/maven2/org/eclipse/jetty/jetty-bom/9.4.45.v20220203/jetty-bom-9.4.45.v20220203.pom
[04:57:38] [ServerMain/INFO]: [MavenLibraryResolver] Downloading https://maven-central.storage-download.googleapis.com/maven2/io/netty/netty-codec-http/4.1.118.Final/netty-codec-http-4.1.118.Final.pom
[04:57:38] [ServerMain/INFO]: [MavenLibraryResolver] Downloading https://maven-central.storage-download.googleapis.com/maven2/io/netty/netty-parent/4.1.118.Final/netty-parent-4.1.118.Final.pom
[04:57:38] [ServerMain/INFO]: [MavenLibraryResolver] Downloading https://maven-central.storage-download.googleapis.com/maven2/org/sonatype/oss/oss-parent/9/oss-parent-9.pom
[04:57:38] [ServerMain/INFO]: [MavenLibraryResolver] Downloading https://maven-central.storage-download.googleapis.com/maven2/io/netty/netty-common/4.1.118.Final/netty-common-4.1.118.Final.pom
[04:57:38] [ServerMain/INFO]: [MavenLibraryResolver] Downloading https://maven-central.storage-download.googleapis.com/maven2/io/netty/netty-buffer/4.1.118.Final/netty-buffer-4.1.118.Final.pom
[04:57:38] [ServerMain/INFO]: [MavenLibraryResolver] Downloading https://maven-central.storage-download.googleapis.com/maven2/io/netty/netty-transport/4.1.118.Final/netty-transport-4.1.118.Final.pom
[04:57:38] [ServerMain/INFO]: [MavenLibraryResolver] Downloading https://maven-central.storage-download.googleapis.com/maven2/io/netty/netty-resolver/4.1.118.Final/netty-resolver-4.1.118.Final.pom
[04:57:38] [ServerMain/INFO]: [MavenLibraryResolver] Downloading https://maven-central.storage-download.googleapis.com/maven2/io/netty/netty-codec/4.1.118.Final/netty-codec-4.1.118.Final.pom
[04:57:38] [ServerMain/INFO]: [MavenLibraryResolver] Downloading https://maven-central.storage-download.googleapis.com/maven2/io/netty/netty-handler/4.1.118.Final/netty-handler-4.1.118.Final.pom
[04:57:38] [ServerMain/INFO]: [MavenLibraryResolver] Downloading https://maven-central.storage-download.googleapis.com/maven2/io/netty/netty-transport-native-unix-common/4.1.118.Final/netty-transport-native-unix-common-4.1.118.Final.pom
[04:57:38] [ServerMain/INFO]: [MavenLibraryResolver] Downloading https://maven-central.storage-download.googleapis.com/maven2/io/netty/netty-codec-http2/4.1.118.Final/netty-codec-http2-4.1.118.Final.pom
[04:57:38] [ServerMain/INFO]: [MavenLibraryResolver] Downloading https://maven-central.storage-download.googleapis.com/maven2/io/netty/netty-transport-classes-epoll/4.1.118.Final/netty-transport-classes-epoll-4.1.118.Final.pom
[04:57:38] [ServerMain/INFO]: [org.eclipse.aether.internal.impl.DefaultArtifactResolver] Artifact com.google.errorprone:error_prone_annotations:jar:2.36.0 is present in the local repository, but cached from a remote repository ID that is unavailable in current build context, verifying that is downloadable from [central (https://maven-central.storage-download.googleapis.com/maven2, default, releases+snapshots), nexomc-release (https://repo.nexomc.com/releases, default, releases+snapshots), nexomc-snapshot (https://repo.nexomc.com/snapshots, default, releases+snapshots), paper (https://repo.papermc.io/repository/maven-public/, default, releases+snapshots)]
[04:57:38] [ServerMain/INFO]: [org.eclipse.aether.internal.impl.DefaultArtifactResolver] Artifact org.slf4j:slf4j-api:jar:1.7.36 is present in the local repository, but cached from a remote repository ID that is unavailable in current build context, verifying that is downloadable from [central (https://maven-central.storage-download.googleapis.com/maven2, default, releases+snapshots), nexomc-release (https://repo.nexomc.com/releases, default, releases+snapshots), nexomc-snapshot (https://repo.nexomc.com/snapshots, default, releases+snapshots), paper (https://repo.papermc.io/repository/maven-public/, default, releases+snapshots), apache.snapshots (https://repository.apache.org/snapshots, default, snapshots)]
[04:57:38] [ServerMain/INFO]: [org.eclipse.aether.internal.impl.DefaultArtifactResolver] Artifact com.google.errorprone:error_prone_annotations:jar:2.36.0 is present in the local repository, but cached from a remote repository ID that is unavailable in current build context, verifying that is downloadable from [central (https://maven-central.storage-download.googleapis.com/maven2, default, releases+snapshots), nexomc-release (https://repo.nexomc.com/releases, default, releases+snapshots), nexomc-snapshot (https://repo.nexomc.com/snapshots, default, releases+snapshots), paper (https://repo.papermc.io/repository/maven-public/, default, releases+snapshots)]
[04:57:38] [ServerMain/INFO]: [org.eclipse.aether.internal.impl.DefaultArtifactResolver] Artifact org.slf4j:slf4j-api:jar:1.7.36 is present in the local repository, but cached from a remote repository ID that is unavailable in current build context, verifying that is downloadable from [central (https://maven-central.storage-download.googleapis.com/maven2, default, releases+snapshots), nexomc-release (https://repo.nexomc.com/releases, default, releases+snapshots), nexomc-snapshot (https://repo.nexomc.com/snapshots, default, releases+snapshots), paper (https://repo.papermc.io/repository/maven-public/, default, releases+snapshots), apache.snapshots (https://repository.apache.org/snapshots, default, snapshots)]
[04:57:38] [ServerMain/INFO]: [MavenLibraryResolver] Downloading https://maven-central.storage-download.googleapis.com/maven2/org/jetbrains/kotlinx/kotlinx-coroutines-core/1.10.2/kotlinx-coroutines-core-1.10.2.jar
[04:57:38] [BasicRepositoryConnector-maven-central.storage-download.googleapis.com-1-0/INFO]: [MavenLibraryResolver] Downloading https://maven-central.storage-download.googleapis.com/maven2/org/jetbrains/kotlinx/kotlinx-coroutines-core-jvm/1.10.2/kotlinx-coroutines-core-jvm-1.10.2.jar
[04:57:38] [BasicRepositoryConnector-maven-central.storage-download.googleapis.com-1-1/INFO]: [MavenLibraryResolver] Downloading https://maven-central.storage-download.googleapis.com/maven2/org/jetbrains/annotations/23.0.0/annotations-23.0.0.jar
[04:57:38] [BasicRepositoryConnector-maven-central.storage-download.googleapis.com-1-2/INFO]: [MavenLibraryResolver] Downloading https://maven-central.storage-download.googleapis.com/maven2/org/jetbrains/kotlin/kotlin-stdlib/2.2.0/kotlin-stdlib-2.2.0.jar
[04:57:38] [BasicRepositoryConnector-maven-central.storage-download.googleapis.com-1-3/INFO]: [MavenLibraryResolver] Downloading https://maven-central.storage-download.googleapis.com/maven2/org/springframework/spring-expression/6.0.8/spring-expression-6.0.8.jar
[04:57:38] [BasicRepositoryConnector-maven-central.storage-download.googleapis.com-1-4/INFO]: [MavenLibraryResolver] Downloading https://maven-central.storage-download.googleapis.com/maven2/org/springframework/spring-core/6.0.8/spring-core-6.0.8.jar
[04:57:38] [BasicRepositoryConnector-maven-central.storage-download.googleapis.com-1-1/INFO]: [MavenLibraryResolver] Downloading https://maven-central.storage-download.googleapis.com/maven2/org/springframework/spring-jcl/6.0.8/spring-jcl-6.0.8.jar
[04:57:38] [BasicRepositoryConnector-maven-central.storage-download.googleapis.com-1-1/INFO]: [MavenLibraryResolver] Downloading https://maven-central.storage-download.googleapis.com/maven2/org/spongepowered/configurate-yaml/4.2.0/configurate-yaml-4.2.0.jar
[04:57:38] [BasicRepositoryConnector-maven-central.storage-download.googleapis.com-1-3/INFO]: [MavenLibraryResolver] Downloading https://maven-central.storage-download.googleapis.com/maven2/org/spongepowered/configurate-core/4.2.0/configurate-core-4.2.0.jar
[04:57:38] [BasicRepositoryConnector-maven-central.storage-download.googleapis.com-1-0/INFO]: [MavenLibraryResolver] Downloading https://maven-central.storage-download.googleapis.com/maven2/org/checkerframework/checker-qual/3.49.0/checker-qual-3.49.0.jar
[04:57:38] [BasicRepositoryConnector-maven-central.storage-download.googleapis.com-1-4/INFO]: [MavenLibraryResolver] Downloading https://maven-central.storage-download.googleapis.com/maven2/com/google/errorprone/error_prone_annotations/2.36.0/error_prone_annotations-2.36.0.jar
[04:57:39] [BasicRepositoryConnector-maven-central.storage-download.googleapis.com-1-4/INFO]: [MavenLibraryResolver] Downloading https://maven-central.storage-download.googleapis.com/maven2/org/spongepowered/configurate-extra-kotlin/4.2.0/configurate-extra-kotlin-4.2.0.jar
[04:57:39] [BasicRepositoryConnector-maven-central.storage-download.googleapis.com-1-2/INFO]: [MavenLibraryResolver] Downloading https://maven-central.storage-download.googleapis.com/maven2/org/jetbrains/kotlin/kotlin-stdlib-jdk8/1.5.30/kotlin-stdlib-jdk8-1.5.30.jar
[04:57:39] [BasicRepositoryConnector-maven-central.storage-download.googleapis.com-1-0/INFO]: [MavenLibraryResolver] Downloading https://maven-central.storage-download.googleapis.com/maven2/org/jetbrains/kotlin/kotlin-stdlib-jdk7/1.5.30/kotlin-stdlib-jdk7-1.5.30.jar
[04:57:39] [BasicRepositoryConnector-maven-central.storage-download.googleapis.com-1-4/INFO]: [MavenLibraryResolver] Downloading https://maven-central.storage-download.googleapis.com/maven2/org/jetbrains/kotlin/kotlin-reflect/1.4.20/kotlin-reflect-1.4.20.jar
[04:57:39] [BasicRepositoryConnector-maven-central.storage-download.googleapis.com-1-2/INFO]: [MavenLibraryResolver] Downloading https://maven-central.storage-download.googleapis.com/maven2/gs/mclo/java/2.2.1/java-2.2.1.jar
[04:57:39] [BasicRepositoryConnector-maven-central.storage-download.googleapis.com-1-3/INFO]: [MavenLibraryResolver] Downloading https://maven-central.storage-download.googleapis.com/maven2/com/google/code/gson/gson/2.10/gson-2.10.jar
[04:57:39] [BasicRepositoryConnector-maven-central.storage-download.googleapis.com-1-1/INFO]: [MavenLibraryResolver] Downloading https://maven-central.storage-download.googleapis.com/maven2/org/apache/httpcomponents/client5/httpclient5/5.4.3/httpclient5-5.4.3.jar
[04:57:39] [BasicRepositoryConnector-maven-central.storage-download.googleapis.com-1-0/INFO]: [MavenLibraryResolver] Downloading https://maven-central.storage-download.googleapis.com/maven2/org/apache/httpcomponents/core5/httpcore5/5.3.4/httpcore5-5.3.4.jar
[04:57:39] [BasicRepositoryConnector-maven-central.storage-download.googleapis.com-1-3/INFO]: [MavenLibraryResolver] Downloading https://maven-central.storage-download.googleapis.com/maven2/org/apache/httpcomponents/core5/httpcore5-h2/5.3.4/httpcore5-h2-5.3.4.jar
[04:57:39] [BasicRepositoryConnector-maven-central.storage-download.googleapis.com-1-2/INFO]: [MavenLibraryResolver] Downloading https://maven-central.storage-download.googleapis.com/maven2/org/slf4j/slf4j-api/1.7.36/slf4j-api-1.7.36.jar
[04:57:39] [BasicRepositoryConnector-maven-central.storage-download.googleapis.com-1-2/INFO]: [MavenLibraryResolver] Downloading https://maven-central.storage-download.googleapis.com/maven2/software/amazon/awssdk/s3/2.32.4/s3-2.32.4.jar
[04:57:39] [BasicRepositoryConnector-maven-central.storage-download.googleapis.com-1-3/INFO]: [MavenLibraryResolver] Downloading https://maven-central.storage-download.googleapis.com/maven2/software/amazon/awssdk/aws-xml-protocol/2.32.4/aws-xml-protocol-2.32.4.jar
[04:57:39] [BasicRepositoryConnector-maven-central.storage-download.googleapis.com-1-0/INFO]: [MavenLibraryResolver] Downloading https://maven-central.storage-download.googleapis.com/maven2/software/amazon/awssdk/aws-query-protocol/2.32.4/aws-query-protocol-2.32.4.jar
[04:57:39] [BasicRepositoryConnector-maven-central.storage-download.googleapis.com-1-1/INFO]: [MavenLibraryResolver] Downloading https://maven-central.storage-download.googleapis.com/maven2/software/amazon/awssdk/protocol-core/2.32.4/protocol-core-2.32.4.jar
[04:57:39] [BasicRepositoryConnector-maven-central.storage-download.googleapis.com-1-4/INFO]: [MavenLibraryResolver] Downloading https://maven-central.storage-download.googleapis.com/maven2/software/amazon/awssdk/arns/2.32.4/arns-2.32.4.jar
[04:57:39] [BasicRepositoryConnector-maven-central.storage-download.googleapis.com-1-3/INFO]: [MavenLibraryResolver] Downloading https://maven-central.storage-download.googleapis.com/maven2/software/amazon/awssdk/profiles/2.32.4/profiles-2.32.4.jar
[04:57:39] [BasicRepositoryConnector-maven-central.storage-download.googleapis.com-1-0/INFO]: [MavenLibraryResolver] Downloading https://maven-central.storage-download.googleapis.com/maven2/software/amazon/awssdk/crt-core/2.32.4/crt-core-2.32.4.jar
[04:57:39] [BasicRepositoryConnector-maven-central.storage-download.googleapis.com-1-1/INFO]: [MavenLibraryResolver] Downloading https://maven-central.storage-download.googleapis.com/maven2/software/amazon/awssdk/http-auth/2.32.4/http-auth-2.32.4.jar
[04:57:39] [BasicRepositoryConnector-maven-central.storage-download.googleapis.com-1-4/INFO]: [MavenLibraryResolver] Downloading https://maven-central.storage-download.googleapis.com/maven2/software/amazon/awssdk/identity-spi/2.32.4/identity-spi-2.32.4.jar
[04:57:39] [BasicRepositoryConnector-maven-central.storage-download.googleapis.com-1-1/INFO]: [MavenLibraryResolver] Downloading https://maven-central.storage-download.googleapis.com/maven2/software/amazon/awssdk/http-auth-spi/2.32.4/http-auth-spi-2.32.4.jar
[04:57:39] [BasicRepositoryConnector-maven-central.storage-download.googleapis.com-1-0/INFO]: [MavenLibraryResolver] Downloading https://maven-central.storage-download.googleapis.com/maven2/org/reactivestreams/reactive-streams/1.0.4/reactive-streams-1.0.4.jar
[04:57:39] [BasicRepositoryConnector-maven-central.storage-download.googleapis.com-1-3/INFO]: [MavenLibraryResolver] Downloading https://maven-central.storage-download.googleapis.com/maven2/software/amazon/awssdk/http-auth-aws/2.32.4/http-auth-aws-2.32.4.jar
[04:57:39] [BasicRepositoryConnector-maven-central.storage-download.googleapis.com-1-4/INFO]: [MavenLibraryResolver] Downloading https://maven-central.storage-download.googleapis.com/maven2/software/amazon/awssdk/checksums/2.32.4/checksums-2.32.4.jar
[04:57:39] [BasicRepositoryConnector-maven-central.storage-download.googleapis.com-1-0/INFO]: [MavenLibraryResolver] Downloading https://maven-central.storage-download.googleapis.com/maven2/software/amazon/awssdk/checksums-spi/2.32.4/checksums-spi-2.32.4.jar
[04:57:39] [BasicRepositoryConnector-maven-central.storage-download.googleapis.com-1-1/INFO]: [MavenLibraryResolver] Downloading https://maven-central.storage-download.googleapis.com/maven2/software/amazon/awssdk/retries-spi/2.32.4/retries-spi-2.32.4.jar
[04:57:39] [BasicRepositoryConnector-maven-central.storage-download.googleapis.com-1-2/INFO]: [MavenLibraryResolver] Downloading https://maven-central.storage-download.googleapis.com/maven2/software/amazon/awssdk/sdk-core/2.32.4/sdk-core-2.32.4.jar
[04:57:39] [BasicRepositoryConnector-maven-central.storage-download.googleapis.com-1-3/INFO]: [MavenLibraryResolver] Downloading https://maven-central.storage-download.googleapis.com/maven2/software/amazon/awssdk/retries/2.32.4/retries-2.32.4.jar
[04:57:39] [BasicRepositoryConnector-maven-central.storage-download.googleapis.com-1-0/INFO]: [MavenLibraryResolver] Downloading https://maven-central.storage-download.googleapis.com/maven2/software/amazon/awssdk/http-auth-aws-eventstream/2.32.4/http-auth-aws-eventstream-2.32.4.jar
[04:57:39] [BasicRepositoryConnector-maven-central.storage-download.googleapis.com-1-4/INFO]: [MavenLibraryResolver] Downloading https://maven-central.storage-download.googleapis.com/maven2/software/amazon/awssdk/auth/2.32.4/auth-2.32.4.jar
[04:57:39] [BasicRepositoryConnector-maven-central.storage-download.googleapis.com-1-1/INFO]: [MavenLibraryResolver] Downloading https://maven-central.storage-download.googleapis.com/maven2/software/amazon/eventstream/eventstream/1.0.1/eventstream-1.0.1.jar
[04:57:39] [BasicRepositoryConnector-maven-central.storage-download.googleapis.com-1-3/INFO]: [MavenLibraryResolver] Downloading https://maven-central.storage-download.googleapis.com/maven2/software/amazon/awssdk/http-client-spi/2.32.4/http-client-spi-2.32.4.jar
[04:57:39] [BasicRepositoryConnector-maven-central.storage-download.googleapis.com-1-1/INFO]: [MavenLibraryResolver] Downloading https://maven-central.storage-download.googleapis.com/maven2/software/amazon/awssdk/regions/2.32.4/regions-2.32.4.jar
[04:57:39] [BasicRepositoryConnector-maven-central.storage-download.googleapis.com-1-0/INFO]: [MavenLibraryResolver] Downloading https://maven-central.storage-download.googleapis.com/maven2/software/amazon/awssdk/annotations/2.32.4/annotations-2.32.4.jar
[04:57:39] [BasicRepositoryConnector-maven-central.storage-download.googleapis.com-1-2/INFO]: [MavenLibraryResolver] Downloading https://maven-central.storage-download.googleapis.com/maven2/software/amazon/awssdk/utils/2.32.4/utils-2.32.4.jar
[04:57:39] [BasicRepositoryConnector-maven-central.storage-download.googleapis.com-1-0/INFO]: [MavenLibraryResolver] Downloading https://maven-central.storage-download.googleapis.com/maven2/software/amazon/awssdk/aws-core/2.32.4/aws-core-2.32.4.jar
[04:57:39] [BasicRepositoryConnector-maven-central.storage-download.googleapis.com-1-2/INFO]: [MavenLibraryResolver] Downloading https://maven-central.storage-download.googleapis.com/maven2/software/amazon/awssdk/metrics-spi/2.32.4/metrics-spi-2.32.4.jar
[04:57:39] [BasicRepositoryConnector-maven-central.storage-download.googleapis.com-1-4/INFO]: [MavenLibraryResolver] Downloading https://maven-central.storage-download.googleapis.com/maven2/software/amazon/awssdk/json-utils/2.32.4/json-utils-2.32.4.jar
[04:57:39] [BasicRepositoryConnector-maven-central.storage-download.googleapis.com-1-3/INFO]: [MavenLibraryResolver] Downloading https://maven-central.storage-download.googleapis.com/maven2/software/amazon/awssdk/third-party-jackson-core/2.32.4/third-party-jackson-core-2.32.4.jar
[04:57:39] [BasicRepositoryConnector-maven-central.storage-download.googleapis.com-1-1/INFO]: [MavenLibraryResolver] Downloading https://maven-central.storage-download.googleapis.com/maven2/software/amazon/awssdk/endpoints-spi/2.32.4/endpoints-spi-2.32.4.jar
[04:57:39] [BasicRepositoryConnector-maven-central.storage-download.googleapis.com-1-0/INFO]: [MavenLibraryResolver] Downloading https://maven-central.storage-download.googleapis.com/maven2/software/amazon/awssdk/apache-client/2.32.4/apache-client-2.32.4.jar
[04:57:39] [BasicRepositoryConnector-maven-central.storage-download.googleapis.com-1-4/INFO]: [MavenLibraryResolver] Downloading https://maven-central.storage-download.googleapis.com/maven2/org/apache/httpcomponents/httpclient/4.5.13/httpclient-4.5.13.jar
[04:57:39] [BasicRepositoryConnector-maven-central.storage-download.googleapis.com-1-2/INFO]: [MavenLibraryResolver] Downloading https://maven-central.storage-download.googleapis.com/maven2/commons-logging/commons-logging/1.2/commons-logging-1.2.jar
[04:57:39] [BasicRepositoryConnector-maven-central.storage-download.googleapis.com-1-1/INFO]: [MavenLibraryResolver] Downloading https://maven-central.storage-download.googleapis.com/maven2/commons-codec/commons-codec/1.17.1/commons-codec-1.17.1.jar
[04:57:39] [BasicRepositoryConnector-maven-central.storage-download.googleapis.com-1-3/INFO]: [MavenLibraryResolver] Downloading https://maven-central.storage-download.googleapis.com/maven2/software/amazon/awssdk/netty-nio-client/2.32.4/netty-nio-client-2.32.4.jar
[04:57:39] [BasicRepositoryConnector-maven-central.storage-download.googleapis.com-1-2/INFO]: [MavenLibraryResolver] Downloading https://maven-central.storage-download.googleapis.com/maven2/io/netty/netty-codec-http/4.1.118.Final/netty-codec-http-4.1.118.Final.jar
[04:57:39] [BasicRepositoryConnector-maven-central.storage-download.googleapis.com-1-0/INFO]: [MavenLibraryResolver] Downloading https://maven-central.storage-download.googleapis.com/maven2/io/netty/netty-codec-http2/4.1.118.Final/netty-codec-http2-4.1.118.Final.jar
[04:57:39] [BasicRepositoryConnector-maven-central.storage-download.googleapis.com-1-4/INFO]: [MavenLibraryResolver] Downloading https://maven-central.storage-download.googleapis.com/maven2/io/netty/netty-codec/4.1.118.Final/netty-codec-4.1.118.Final.jar
[04:57:39] [BasicRepositoryConnector-maven-central.storage-download.googleapis.com-1-1/INFO]: [MavenLibraryResolver] Downloading https://maven-central.storage-download.googleapis.com/maven2/io/netty/netty-transport/4.1.118.Final/netty-transport-4.1.118.Final.jar
[04:57:39] [BasicRepositoryConnector-maven-central.storage-download.googleapis.com-1-0/INFO]: [MavenLibraryResolver] Downloading https://maven-central.storage-download.googleapis.com/maven2/io/netty/netty-common/4.1.118.Final/netty-common-4.1.118.Final.jar
[04:57:39] [BasicRepositoryConnector-maven-central.storage-download.googleapis.com-1-3/INFO]: [MavenLibraryResolver] Downloading https://maven-central.storage-download.googleapis.com/maven2/io/netty/netty-buffer/4.1.118.Final/netty-buffer-4.1.118.Final.jar
[04:57:39] [BasicRepositoryConnector-maven-central.storage-download.googleapis.com-1-2/INFO]: [MavenLibraryResolver] Downloading https://maven-central.storage-download.googleapis.com/maven2/io/netty/netty-handler/4.1.118.Final/netty-handler-4.1.118.Final.jar
[04:57:39] [BasicRepositoryConnector-maven-central.storage-download.googleapis.com-1-4/INFO]: [MavenLibraryResolver] Downloading https://maven-central.storage-download.googleapis.com/maven2/io/netty/netty-transport-native-unix-common/4.1.118.Final/netty-transport-native-unix-common-4.1.118.Final.jar
[04:57:39] [BasicRepositoryConnector-maven-central.storage-download.googleapis.com-1-1/INFO]: [MavenLibraryResolver] Downloading https://maven-central.storage-download.googleapis.com/maven2/io/netty/netty-transport-classes-epoll/4.1.118.Final/netty-transport-classes-epoll-4.1.118.Final.jar
[04:57:39] [BasicRepositoryConnector-maven-central.storage-download.googleapis.com-1-2/INFO]: [MavenLibraryResolver] Downloading https://maven-central.storage-download.googleapis.com/maven2/io/netty/netty-resolver/4.1.118.Final/netty-resolver-4.1.118.Final.jar
[04:57:39] [ServerMain/INFO]: [PluginInitializerManager] Initialized 46 plugins
[04:57:39] [ServerMain/INFO]: [PluginInitializerManager] Paper plugins (6):
 - BlueSlimeCore (2.9.8.504), FancyHolograms (2.9.1), FancyNpcs (2.9.1), HuskHomes (4.9.10), Nexo (1.15), Worlds (3.12.2-mc1.21.4)
[04:57:39] [ServerMain/INFO]: [PluginInitializerManager] Bukkit plugins (40):
 - AxAFKZone (1.9.0), AxGraves (1.26.0), AxKoth (2.13.3), AxQuestBoard (1.14.2), AxTrade (1.21.2), AxVaults (2.12.0), BetterHud (1.14.1), BetterRTP (3.6.13), BetterRTPAddons (1.8.10), BetterView (2.1.2), ChatManager (4.0.3), Chunker (1.21), CosmeticsCore (1.3.9), CustomFishing (2.3.20), CustomNameplates (3.0.36), EcoJobs (3.77.2), FastAsyncWorldEdit (2.15.0+59372c5), FreedomChat (1.7.2), InteractionVisualizer (1.18.19.0), LagFixer (1.5.1.9 [build 140]), LibsDisguises (11.0.14), LuckPerms (5.5.17), MMOCore (1.13.1-SNAPSHOT), MMOItems (6.10.1-SNAPSHOT), ModelEngine (R4.0.9), MythicLib (1.7.1-SNAPSHOT), MythicMobs (5.11.1-de409cac), PhoenixCrates (4.2.3), PlaceholderAPI (2.11.7), ProtocolLib (5.4.0), ShopGUIPlus (1.112.0), SkinsRestorer (15.9.3), TAB (5.5.0), Vault (1.7.3-b131), Vulcan (2.9.7.12), WorldGuard (7.0.13+82fdc65), packetevents (2.11.2), voicechat (2.6.11), zAuctionHouseV3 (3.2.2.9), zMenu (1.0.3.7)
[04:57:44] [ServerMain/INFO]: Environment: Environment[sessionHost=https://sessionserver.mojang.com, servicesHost=https://api.minecraftservices.com, name=PROD]
[04:57:46] [ServerMain/INFO]: Found new data pack file/Amplified_Nether_v1.2.13.zip, loading it automatically
[04:57:46] [ServerMain/INFO]: Found new data pack file/Camps. Castles. Carrigaes. 2.3.1.zip, loading it automatically
[04:57:46] [ServerMain/INFO]: Found new data pack file/Dungeons and Taverns v4.6.3.zip, loading it automatically
[04:57:46] [ServerMain/INFO]: Found new data pack file/Explorify v1.6.4 f15-88.dp.zip, loading it automatically
[04:57:46] [ServerMain/INFO]: Found new data pack file/Structory_1.21_v1.3.14.zip, loading it automatically
[04:57:46] [ServerMain/INFO]: Found new data pack file/Terralith_1.21_v2.5.8.zip, loading it automatically
[04:57:46] [ServerMain/INFO]: Found new data pack file/Trek 1.19-1.21.11 B0.5.1.2.zip, loading it automatically
[04:57:46] [ServerMain/INFO]: Found new data pack file/bukkit, loading it automatically
[04:57:46] [ServerMain/INFO]: Found new data pack file/dynamiclights-v1.9.1-mc1.17-1.21.11-datapack.zip, loading it automatically
[04:57:46] [ServerMain/INFO]: Found new data pack file/hopobettermineshaft-1-21-4-1-3-0.zip, loading it automatically
[04:57:46] [ServerMain/INFO]: Found new data pack file/lukis-crazy-chambers-v1.0.3.zip, loading it automatically
[04:57:46] [ServerMain/INFO]: Found new data pack file/lukis-grand-capitals-v1.1.3.zip, loading it automatically
[04:57:46] [ServerMain/INFO]: Found new data pack file/tidal_1.3.4.zip, loading it automatically
[04:57:46] [ServerMain/INFO]: Found new data pack file/v9qraftyfied.zip, loading it automatically
[04:57:46] [ServerMain/INFO]: Found new data pack paper, loading it automatically
[04:57:48] [ServerMain/INFO]: No existing world data, creating new world
[04:57:50] [ServerMain/INFO]: Loaded 1376 recipes
[04:57:50] [ServerMain/INFO]: Loaded 1538 advancements
[04:57:50] [ServerMain/INFO]: [MCTypeRegistry] Initialising converters for DataConverter...
[04:57:50] [ServerMain/INFO]: [MCTypeRegistry] Finished initialising converters for DataConverter in 231.4ms
[04:57:50] [Server thread/INFO]: Starting minecraft server version 1.21.4
[04:57:50] [Server thread/INFO]: Loading properties
[04:57:50] [Server thread/INFO]: This server is running Pluto version 1.21.4-37-HEAD@412ab86 (2025-06-29T17:29:59Z) (Implementing API version 1.21.4-R0.1-SNAPSHOT)
[04:57:50] [Server thread/INFO]: [spark] This server bundles the spark profiler. For more information please visit https://docs.papermc.io/paper/profiling
[04:57:50] [Server thread/INFO]: Server Ping Player Sample Count: 12
[04:57:50] [Server thread/INFO]: Using 4 threads for Netty based IO
[04:57:50] [Server thread/INFO]: [MoonriseCommon] Paper is using 4 worker threads, 4 I/O threads
[04:57:50] [Server thread/INFO]: [ChunkTaskScheduler] Chunk system is using population gen parallelism: true
[04:57:51] [Server thread/INFO]: [Pufferfish] Max SIMD vector size on this system is 256 bits (int)
[04:57:51] [Server thread/INFO]: [Pufferfish] Max SIMD vector size on this system is 256 bits (float)
[04:57:51] [Server thread/INFO]: [Pufferfish] SIMD operations detected as functional. Will replace some operations with faster versions.
[04:57:51] [Server thread/INFO]: Default game type: SURVIVAL
[04:57:51] [Server thread/INFO]: Generating keypair
[04:57:51] [Server thread/INFO]: Starting Minecraft server on *:25565
[04:57:51] [Server thread/INFO]: Using epoll channel type
[04:57:51] [Server thread/INFO]: Paper: Using libdeflate (Linux x86_64) compression from Velocity.
[04:57:51] [Server thread/INFO]: Paper: Using OpenSSL 3.x.x (Linux x86_64) cipher from Velocity.
[04:57:51] [Server thread/ERROR]: [ModernPluginLoadingStrategy] Could not load 'plugins/.paper-remapped/EcoJobs v3.77.2.jar' in 'plugins/.paper-remapped'
org.bukkit.plugin.UnknownDependencyException: Unknown/missing dependency plugins: [eco]. Please download and install these plugins to run 'EcoJobs'.
	at io.papermc.paper.plugin.entrypoint.strategy.modern.ModernPluginLoadingStrategy.loadProviders(ModernPluginLoadingStrategy.java:82) ~[pluto-1.21.4.jar:1.21.4-37-412ab86]
	at io.papermc.paper.plugin.storage.SimpleProviderStorage.enter(SimpleProviderStorage.java:38) ~[pluto-1.21.4.jar:1.21.4-37-412ab86]
	at io.papermc.paper.plugin.entrypoint.LaunchEntryPointHandler.enter(LaunchEntryPointHandler.java:39) ~[pluto-1.21.4.jar:1.21.4-37-412ab86]
	at org.bukkit.craftbukkit.CraftServer.loadPlugins(CraftServer.java:564) ~[pluto-1.21.4.jar:1.21.4-37-412ab86]
	at net.minecraft.server.dedicated.DedicatedServer.initServer(DedicatedServer.java:280) ~[pluto-1.21.4.jar:1.21.4-37-412ab86]
	at net.minecraft.server.MinecraftServer.runServer(MinecraftServer.java:1164) ~[pluto-1.21.4.jar:1.21.4-37-412ab86]
	at net.minecraft.server.MinecraftServer.lambda$spin$2(MinecraftServer.java:311) ~[pluto-1.21.4.jar:1.21.4-37-412ab86]
	at java.base/java.lang.Thread.run(Thread.java:1583) ~[?:?]
[04:57:52] [Server thread/INFO]: [SpigotLibraryLoader] [MythicMobs] Loading 4 libraries... please wait
[04:57:52] [Server thread/INFO]: [SpigotLibraryLoader] Downloading https://maven-central.storage-download.googleapis.com/maven2/net/kyori/adventure-api/4.16.0/adventure-api-4.16.0.pom
[04:57:52] [Server thread/INFO]: [SpigotLibraryLoader] Downloading https://maven-central.storage-download.googleapis.com/maven2/net/kyori/adventure-bom/4.16.0/adventure-bom-4.16.0.pom
[04:57:52] [Server thread/INFO]: [SpigotLibraryLoader] Downloading https://maven-central.storage-download.googleapis.com/maven2/net/kyori/adventure-key/4.16.0/adventure-key-4.16.0.pom
[04:57:52] [Server thread/INFO]: [SpigotLibraryLoader] Downloading https://maven-central.storage-download.googleapis.com/maven2/net/kyori/examination-api/1.3.0/examination-api-1.3.0.pom
[04:57:52] [Server thread/INFO]: [SpigotLibraryLoader] Downloading https://maven-central.storage-download.googleapis.com/maven2/org/jetbrains/annotations/22.0.0/annotations-22.0.0.pom
[04:57:52] [Server thread/INFO]: [SpigotLibraryLoader] Downloading https://maven-central.storage-download.googleapis.com/maven2/net/kyori/examination-string/1.3.0/examination-string-1.3.0.pom
[04:57:52] [Server thread/INFO]: [SpigotLibraryLoader] Downloading https://maven-central.storage-download.googleapis.com/maven2/org/jetbrains/annotations/24.1.0/annotations-24.1.0.pom
[04:57:52] [Server thread/INFO]: [SpigotLibraryLoader] Downloading https://maven-central.storage-download.googleapis.com/maven2/net/kyori/adventure-platform-bukkit/4.3.2/adventure-platform-bukkit-4.3.2.pom
[04:57:52] [Server thread/INFO]: [SpigotLibraryLoader] Downloading https://maven-central.storage-download.googleapis.com/maven2/net/kyori/adventure-platform-api/4.3.2/adventure-platform-api-4.3.2.pom
[04:57:52] [Server thread/INFO]: [SpigotLibraryLoader] Downloading https://maven-central.storage-download.googleapis.com/maven2/net/kyori/adventure-api/4.13.1/adventure-api-4.13.1.pom
[04:57:52] [Server thread/INFO]: [SpigotLibraryLoader] Downloading https://maven-central.storage-download.googleapis.com/maven2/net/kyori/adventure-bom/4.13.1/adventure-bom-4.13.1.pom
[04:57:52] [Server thread/INFO]: [SpigotLibraryLoader] Downloading https://maven-central.storage-download.googleapis.com/maven2/net/kyori/adventure-key/4.13.1/adventure-key-4.13.1.pom
[04:57:52] [Server thread/INFO]: [SpigotLibraryLoader] Downloading https://maven-central.storage-download.googleapis.com/maven2/org/jetbrains/annotations/24.0.1/annotations-24.0.1.pom
[04:57:52] [Server thread/INFO]: [SpigotLibraryLoader] Downloading https://maven-central.storage-download.googleapis.com/maven2/net/kyori/adventure-text-serializer-bungeecord/4.3.2/adventure-text-serializer-bungeecord-4.3.2.pom
[04:57:52] [Server thread/INFO]: [SpigotLibraryLoader] Downloading https://maven-central.storage-download.googleapis.com/maven2/net/kyori/adventure-text-serializer-legacy/4.13.1/adventure-text-serializer-legacy-4.13.1.pom
[04:57:52] [Server thread/INFO]: [SpigotLibraryLoader] Downloading https://maven-central.storage-download.googleapis.com/maven2/net/kyori/adventure-text-serializer-gson/4.13.1/adventure-text-serializer-gson-4.13.1.pom
[04:57:52] [Server thread/INFO]: [SpigotLibraryLoader] Downloading https://maven-central.storage-download.googleapis.com/maven2/net/kyori/adventure-nbt/4.13.1/adventure-nbt-4.13.1.pom
[04:57:53] [Server thread/INFO]: [SpigotLibraryLoader] Downloading https://maven-central.storage-download.googleapis.com/maven2/net/kyori/adventure-text-serializer-gson-legacy-impl/4.13.1/adventure-text-serializer-gson-legacy-impl-4.13.1.pom
[04:57:53] [Server thread/INFO]: [SpigotLibraryLoader] Downloading https://maven-central.storage-download.googleapis.com/maven2/net/kyori/adventure-platform-facet/4.3.2/adventure-platform-facet-4.3.2.pom
[04:57:53] [Server thread/INFO]: [SpigotLibraryLoader] Downloading https://maven-central.storage-download.googleapis.com/maven2/net/kyori/adventure-platform-viaversion/4.3.2/adventure-platform-viaversion-4.3.2.pom
[04:57:53] [Server thread/INFO]: [SpigotLibraryLoader] Downloading https://maven-central.storage-download.googleapis.com/maven2/net/kyori/adventure-text-minimessage/4.16.0/adventure-text-minimessage-4.16.0.pom
[04:57:53] [Server thread/INFO]: [SpigotLibraryLoader] Downloading https://maven-central.storage-download.googleapis.com/maven2/net/kyori/adventure-text-serializer-gson/4.16.0/adventure-text-serializer-gson-4.16.0.pom
[04:57:53] [Server thread/INFO]: [SpigotLibraryLoader] Downloading https://maven-central.storage-download.googleapis.com/maven2/net/kyori/adventure-text-serializer-json/4.16.0/adventure-text-serializer-json-4.16.0.pom
[04:57:53] [Server thread/INFO]: [SpigotLibraryLoader] Downloading https://maven-central.storage-download.googleapis.com/maven2/net/kyori/option/1.0.0/option-1.0.0.pom
[04:57:53] [Server thread/INFO]: [SpigotLibraryLoader] Downloading https://maven-central.storage-download.googleapis.com/maven2/com/google/code/gson/gson/2.8.0/gson-2.8.0.pom
[04:57:53] [Server thread/INFO]: [SpigotLibraryLoader] Downloading https://maven-central.storage-download.googleapis.com/maven2/com/google/code/gson/gson-parent/2.8.0/gson-parent-2.8.0.pom
[04:57:53] [Server thread/INFO]: [org.eclipse.aether.internal.impl.DefaultArtifactResolver] Artifact org.sonatype.oss:oss-parent:pom:7 is present in the local repository, but cached from a remote repository ID that is unavailable in current build context, verifying that is downloadable from [central (https://maven-central.storage-download.googleapis.com/maven2, default, releases+snapshots)]
[04:57:53] [Server thread/INFO]: [org.eclipse.aether.internal.impl.DefaultArtifactResolver] Artifact org.sonatype.oss:oss-parent:pom:7 is present in the local repository, but cached from a remote repository ID that is unavailable in current build context, verifying that is downloadable from [central (https://maven-central.storage-download.googleapis.com/maven2, default, releases+snapshots)]
[04:57:53] [Server thread/INFO]: [SpigotLibraryLoader] Downloading https://maven-central.storage-download.googleapis.com/maven2/net/kyori/adventure-api/4.16.0/adventure-api-4.16.0.jar
[04:57:53] [BasicRepositoryConnector-maven-central.storage-download.googleapis.com-2-1/INFO]: [SpigotLibraryLoader] Downloading https://maven-central.storage-download.googleapis.com/maven2/org/jetbrains/annotations/24.1.0/annotations-24.1.0.jar
[04:57:53] [BasicRepositoryConnector-maven-central.storage-download.googleapis.com-2-0/INFO]: [SpigotLibraryLoader] Downloading https://maven-central.storage-download.googleapis.com/maven2/net/kyori/adventure-key/4.16.0/adventure-key-4.16.0.jar
[04:57:53] [BasicRepositoryConnector-maven-central.storage-download.googleapis.com-2-4/INFO]: [SpigotLibraryLoader] Downloading https://maven-central.storage-download.googleapis.com/maven2/net/kyori/adventure-text-serializer-bungeecord/4.3.2/adventure-text-serializer-bungeecord-4.3.2.jar
[04:57:53] [BasicRepositoryConnector-maven-central.storage-download.googleapis.com-2-3/INFO]: [SpigotLibraryLoader] Downloading https://maven-central.storage-download.googleapis.com/maven2/net/kyori/adventure-platform-api/4.3.2/adventure-platform-api-4.3.2.jar
[04:57:53] [BasicRepositoryConnector-maven-central.storage-download.googleapis.com-2-2/INFO]: [SpigotLibraryLoader] Downloading https://maven-central.storage-download.googleapis.com/maven2/net/kyori/adventure-platform-bukkit/4.3.2/adventure-platform-bukkit-4.3.2.jar
[04:57:53] [BasicRepositoryConnector-maven-central.storage-download.googleapis.com-2-0/INFO]: [SpigotLibraryLoader] Downloading https://maven-central.storage-download.googleapis.com/maven2/net/kyori/adventure-text-serializer-legacy/4.13.1/adventure-text-serializer-legacy-4.13.1.jar
[04:57:53] [BasicRepositoryConnector-maven-central.storage-download.googleapis.com-2-1/INFO]: [SpigotLibraryLoader] Downloading https://maven-central.storage-download.googleapis.com/maven2/net/kyori/adventure-nbt/4.13.1/adventure-nbt-4.13.1.jar
[04:57:53] [BasicRepositoryConnector-maven-central.storage-download.googleapis.com-2-4/INFO]: [SpigotLibraryLoader] Downloading https://maven-central.storage-download.googleapis.com/maven2/net/kyori/adventure-text-serializer-gson-legacy-impl/4.13.1/adventure-text-serializer-gson-legacy-impl-4.13.1.jar
[04:57:53] [BasicRepositoryConnector-maven-central.storage-download.googleapis.com-2-0/INFO]: [SpigotLibraryLoader] Downloading https://maven-central.storage-download.googleapis.com/maven2/net/kyori/adventure-platform-viaversion/4.3.2/adventure-platform-viaversion-4.3.2.jar
[04:57:53] [BasicRepositoryConnector-maven-central.storage-download.googleapis.com-2-3/INFO]: [SpigotLibraryLoader] Downloading https://maven-central.storage-download.googleapis.com/maven2/net/kyori/adventure-platform-facet/4.3.2/adventure-platform-facet-4.3.2.jar
[04:57:53] [BasicRepositoryConnector-maven-central.storage-download.googleapis.com-2-3/INFO]: [SpigotLibraryLoader] Downloading https://maven-central.storage-download.googleapis.com/maven2/com/google/code/gson/gson/2.8.0/gson-2.8.0.jar
[04:57:53] [BasicRepositoryConnector-maven-central.storage-download.googleapis.com-2-2/INFO]: [SpigotLibraryLoader] Downloading https://maven-central.storage-download.googleapis.com/maven2/net/kyori/adventure-text-minimessage/4.16.0/adventure-text-minimessage-4.16.0.jar
[04:57:53] [BasicRepositoryConnector-maven-central.storage-download.googleapis.com-2-1/INFO]: [SpigotLibraryLoader] Downloading https://maven-central.storage-download.googleapis.com/maven2/net/kyori/adventure-text-serializer-gson/4.16.0/adventure-text-serializer-gson-4.16.0.jar
[04:57:53] [BasicRepositoryConnector-maven-central.storage-download.googleapis.com-2-4/INFO]: [SpigotLibraryLoader] Downloading https://maven-central.storage-download.googleapis.com/maven2/net/kyori/adventure-text-serializer-json/4.16.0/adventure-text-serializer-json-4.16.0.jar
[04:57:53] [BasicRepositoryConnector-maven-central.storage-download.googleapis.com-2-0/INFO]: [SpigotLibraryLoader] Downloading https://maven-central.storage-download.googleapis.com/maven2/net/kyori/option/1.0.0/option-1.0.0.jar
[04:57:53] [Server thread/INFO]: [SpigotLibraryLoader] [MythicMobs] Loaded library /workspaces/urban-happiness/servidor_minecraft/libraries/net/kyori/adventure-api/4.16.0/adventure-api-4.16.0.jar
[04:57:53] [Server thread/INFO]: [SpigotLibraryLoader] [MythicMobs] Loaded library /workspaces/urban-happiness/servidor_minecraft/libraries/net/kyori/adventure-key/4.16.0/adventure-key-4.16.0.jar
[04:57:53] [Server thread/INFO]: [SpigotLibraryLoader] [MythicMobs] Loaded library /workspaces/urban-happiness/servidor_minecraft/libraries/net/kyori/examination-api/1.3.0/examination-api-1.3.0.jar
[04:57:53] [Server thread/INFO]: [SpigotLibraryLoader] [MythicMobs] Loaded library /workspaces/urban-happiness/servidor_minecraft/libraries/net/kyori/examination-string/1.3.0/examination-string-1.3.0.jar
[04:57:53] [Server thread/INFO]: [SpigotLibraryLoader] [MythicMobs] Loaded library /workspaces/urban-happiness/servidor_minecraft/libraries/org/jetbrains/annotations/24.1.0/annotations-24.1.0.jar
[04:57:53] [Server thread/INFO]: [SpigotLibraryLoader] [MythicMobs] Loaded library /workspaces/urban-happiness/servidor_minecraft/libraries/net/kyori/adventure-platform-bukkit/4.3.2/adventure-platform-bukkit-4.3.2.jar
[04:57:53] [Server thread/INFO]: [SpigotLibraryLoader] [MythicMobs] Loaded library /workspaces/urban-happiness/servidor_minecraft/libraries/net/kyori/adventure-platform-api/4.3.2/adventure-platform-api-4.3.2.jar
[04:57:53] [Server thread/INFO]: [SpigotLibraryLoader] [MythicMobs] Loaded library /workspaces/urban-happiness/servidor_minecraft/libraries/net/kyori/adventure-text-serializer-bungeecord/4.3.2/adventure-text-serializer-bungeecord-4.3.2.jar
[04:57:53] [Server thread/INFO]: [SpigotLibraryLoader] [MythicMobs] Loaded library /workspaces/urban-happiness/servidor_minecraft/libraries/net/kyori/adventure-text-serializer-legacy/4.13.1/adventure-text-serializer-legacy-4.13.1.jar
[04:57:53] [Server thread/INFO]: [SpigotLibraryLoader] [MythicMobs] Loaded library /workspaces/urban-happiness/servidor_minecraft/libraries/net/kyori/adventure-nbt/4.13.1/adventure-nbt-4.13.1.jar
[04:57:53] [Server thread/INFO]: [SpigotLibraryLoader] [MythicMobs] Loaded library /workspaces/urban-happiness/servidor_minecraft/libraries/net/kyori/adventure-text-serializer-gson-legacy-impl/4.13.1/adventure-text-serializer-gson-legacy-impl-4.13.1.jar
[04:57:53] [Server thread/INFO]: [SpigotLibraryLoader] [MythicMobs] Loaded library /workspaces/urban-happiness/servidor_minecraft/libraries/net/kyori/adventure-platform-facet/4.3.2/adventure-platform-facet-4.3.2.jar
[04:57:53] [Server thread/INFO]: [SpigotLibraryLoader] [MythicMobs] Loaded library /workspaces/urban-happiness/servidor_minecraft/libraries/net/kyori/adventure-platform-viaversion/4.3.2/adventure-platform-viaversion-4.3.2.jar
[04:57:53] [Server thread/INFO]: [SpigotLibraryLoader] [MythicMobs] Loaded library /workspaces/urban-happiness/servidor_minecraft/libraries/net/kyori/adventure-text-minimessage/4.16.0/adventure-text-minimessage-4.16.0.jar
[04:57:53] [Server thread/INFO]: [SpigotLibraryLoader] [MythicMobs] Loaded library /workspaces/urban-happiness/servidor_minecraft/libraries/net/kyori/adventure-text-serializer-gson/4.16.0/adventure-text-serializer-gson-4.16.0.jar
[04:57:53] [Server thread/INFO]: [SpigotLibraryLoader] [MythicMobs] Loaded library /workspaces/urban-happiness/servidor_minecraft/libraries/net/kyori/adventure-text-serializer-json/4.16.0/adventure-text-serializer-json-4.16.0.jar
[04:57:53] [Server thread/INFO]: [SpigotLibraryLoader] [MythicMobs] Loaded library /workspaces/urban-happiness/servidor_minecraft/libraries/net/kyori/option/1.0.0/option-1.0.0.jar
[04:57:53] [Server thread/INFO]: [SpigotLibraryLoader] [MythicMobs] Loaded library /workspaces/urban-happiness/servidor_minecraft/libraries/com/google/code/gson/gson/2.8.0/gson-2.8.0.jar
[04:57:53] [Server thread/INFO]: [SpigotLibraryLoader] [ModelEngine] Loading 3 libraries... please wait
[04:57:54] [Server thread/INFO]: [SpigotLibraryLoader] Downloading https://maven-central.storage-download.googleapis.com/maven2/net/kyori/adventure-api/4.14.0/adventure-api-4.14.0.pom
[04:57:54] [Server thread/INFO]: [SpigotLibraryLoader] Downloading https://maven-central.storage-download.googleapis.com/maven2/net/kyori/adventure-bom/4.14.0/adventure-bom-4.14.0.pom
[04:57:54] [Server thread/INFO]: [SpigotLibraryLoader] Downloading https://maven-central.storage-download.googleapis.com/maven2/net/kyori/adventure-key/4.14.0/adventure-key-4.14.0.pom
[04:57:54] [Server thread/INFO]: [SpigotLibraryLoader] Downloading https://maven-central.storage-download.googleapis.com/maven2/net/kyori/adventure-text-serializer-gson/4.14.0/adventure-text-serializer-gson-4.14.0.pom
[04:57:54] [Server thread/INFO]: [SpigotLibraryLoader] Downloading https://maven-central.storage-download.googleapis.com/maven2/net/kyori/adventure-text-serializer-json/4.14.0/adventure-text-serializer-json-4.14.0.pom
[04:57:54] [Server thread/INFO]: [SpigotLibraryLoader] Downloading https://maven-central.storage-download.googleapis.com/maven2/net/kyori/adventure-text-serializer-bungeecord/4.3.0/adventure-text-serializer-bungeecord-4.3.0.pom
[04:57:54] [Server thread/INFO]: [SpigotLibraryLoader] Downloading https://maven-central.storage-download.googleapis.com/maven2/net/kyori/adventure-api/4.13.0/adventure-api-4.13.0.pom
[04:57:54] [Server thread/INFO]: [SpigotLibraryLoader] Downloading https://maven-central.storage-download.googleapis.com/maven2/net/kyori/adventure-bom/4.13.0/adventure-bom-4.13.0.pom
[04:57:54] [Server thread/INFO]: [SpigotLibraryLoader] Downloading https://maven-central.storage-download.googleapis.com/maven2/net/kyori/adventure-key/4.13.0/adventure-key-4.13.0.pom
[04:57:54] [Server thread/INFO]: [SpigotLibraryLoader] Downloading https://maven-central.storage-download.googleapis.com/maven2/net/kyori/adventure-text-serializer-legacy/4.13.0/adventure-text-serializer-legacy-4.13.0.pom
[04:57:54] [Server thread/INFO]: [SpigotLibraryLoader] Downloading https://maven-central.storage-download.googleapis.com/maven2/net/kyori/adventure-text-serializer-gson/4.13.0/adventure-text-serializer-gson-4.13.0.pom
[04:57:54] [Server thread/INFO]: [SpigotLibraryLoader] Downloading https://maven-central.storage-download.googleapis.com/maven2/net/kyori/adventure-api/4.14.0/adventure-api-4.14.0.jar
[04:57:54] [BasicRepositoryConnector-maven-central.storage-download.googleapis.com-3-0/INFO]: [SpigotLibraryLoader] Downloading https://maven-central.storage-download.googleapis.com/maven2/net/kyori/adventure-key/4.14.0/adventure-key-4.14.0.jar
[04:57:54] [BasicRepositoryConnector-maven-central.storage-download.googleapis.com-3-1/INFO]: [SpigotLibraryLoader] Downloading https://maven-central.storage-download.googleapis.com/maven2/org/jetbrains/annotations/24.0.1/annotations-24.0.1.jar
[04:57:54] [BasicRepositoryConnector-maven-central.storage-download.googleapis.com-3-3/INFO]: [SpigotLibraryLoader] Downloading https://maven-central.storage-download.googleapis.com/maven2/net/kyori/adventure-text-serializer-json/4.14.0/adventure-text-serializer-json-4.14.0.jar
[04:57:54] [BasicRepositoryConnector-maven-central.storage-download.googleapis.com-3-4/INFO]: [SpigotLibraryLoader] Downloading https://maven-central.storage-download.googleapis.com/maven2/net/kyori/adventure-text-serializer-bungeecord/4.3.0/adventure-text-serializer-bungeecord-4.3.0.jar
[04:57:54] [BasicRepositoryConnector-maven-central.storage-download.googleapis.com-3-0/INFO]: [SpigotLibraryLoader] Downloading https://maven-central.storage-download.googleapis.com/maven2/net/kyori/adventure-text-serializer-legacy/4.13.0/adventure-text-serializer-legacy-4.13.0.jar
[04:57:54] [BasicRepositoryConnector-maven-central.storage-download.googleapis.com-3-2/INFO]: [SpigotLibraryLoader] Downloading https://maven-central.storage-download.googleapis.com/maven2/net/kyori/adventure-text-serializer-gson/4.14.0/adventure-text-serializer-gson-4.14.0.jar
[04:57:54] [Server thread/INFO]: [SpigotLibraryLoader] [ModelEngine] Loaded library /workspaces/urban-happiness/servidor_minecraft/libraries/net/kyori/adventure-api/4.14.0/adventure-api-4.14.0.jar
[04:57:54] [Server thread/INFO]: [SpigotLibraryLoader] [ModelEngine] Loaded library /workspaces/urban-happiness/servidor_minecraft/libraries/net/kyori/adventure-key/4.14.0/adventure-key-4.14.0.jar
[04:57:54] [Server thread/INFO]: [SpigotLibraryLoader] [ModelEngine] Loaded library /workspaces/urban-happiness/servidor_minecraft/libraries/net/kyori/examination-api/1.3.0/examination-api-1.3.0.jar
[04:57:54] [Server thread/INFO]: [SpigotLibraryLoader] [ModelEngine] Loaded library /workspaces/urban-happiness/servidor_minecraft/libraries/net/kyori/examination-string/1.3.0/examination-string-1.3.0.jar
[04:57:54] [Server thread/INFO]: [SpigotLibraryLoader] [ModelEngine] Loaded library /workspaces/urban-happiness/servidor_minecraft/libraries/org/jetbrains/annotations/24.0.1/annotations-24.0.1.jar
[04:57:54] [Server thread/INFO]: [SpigotLibraryLoader] [ModelEngine] Loaded library /workspaces/urban-happiness/servidor_minecraft/libraries/net/kyori/adventure-text-serializer-gson/4.14.0/adventure-text-serializer-gson-4.14.0.jar
[04:57:54] [Server thread/INFO]: [SpigotLibraryLoader] [ModelEngine] Loaded library /workspaces/urban-happiness/servidor_minecraft/libraries/net/kyori/adventure-text-serializer-json/4.14.0/adventure-text-serializer-json-4.14.0.jar
[04:57:54] [Server thread/INFO]: [SpigotLibraryLoader] [ModelEngine] Loaded library /workspaces/urban-happiness/servidor_minecraft/libraries/com/google/code/gson/gson/2.8.0/gson-2.8.0.jar
[04:57:54] [Server thread/INFO]: [SpigotLibraryLoader] [ModelEngine] Loaded library /workspaces/urban-happiness/servidor_minecraft/libraries/net/kyori/adventure-text-serializer-bungeecord/4.3.0/adventure-text-serializer-bungeecord-4.3.0.jar
[04:57:54] [Server thread/INFO]: [SpigotLibraryLoader] [ModelEngine] Loaded library /workspaces/urban-happiness/servidor_minecraft/libraries/net/kyori/adventure-text-serializer-legacy/4.13.0/adventure-text-serializer-legacy-4.13.0.jar
[04:57:54] [Server thread/INFO]: [SpigotLibraryLoader] [AxKoth] Loading 1 libraries... please wait
[04:57:54] [Server thread/INFO]: [SpigotLibraryLoader] Downloading https://maven-central.storage-download.googleapis.com/maven2/club/minnced/discord-webhooks/0.8.4/discord-webhooks-0.8.4.pom
[04:57:54] [Server thread/INFO]: [SpigotLibraryLoader] Downloading https://maven-central.storage-download.googleapis.com/maven2/org/slf4j/slf4j-api/1.7.32/slf4j-api-1.7.32.pom
[04:57:54] [Server thread/INFO]: [SpigotLibraryLoader] Downloading https://maven-central.storage-download.googleapis.com/maven2/org/slf4j/slf4j-parent/1.7.32/slf4j-parent-1.7.32.pom
[04:57:54] [Server thread/INFO]: [SpigotLibraryLoader] Downloading https://maven-central.storage-download.googleapis.com/maven2/com/squareup/okhttp3/okhttp/4.10.0/okhttp-4.10.0.pom
[04:57:54] [Server thread/INFO]: [SpigotLibraryLoader] Downloading https://maven-central.storage-download.googleapis.com/maven2/com/squareup/okio/okio-jvm/3.0.0/okio-jvm-3.0.0.pom
[04:57:54] [Server thread/INFO]: [SpigotLibraryLoader] Downloading https://maven-central.storage-download.googleapis.com/maven2/org/jetbrains/kotlin/kotlin-stdlib-jdk8/1.5.31/kotlin-stdlib-jdk8-1.5.31.pom
[04:57:55] [Server thread/INFO]: [SpigotLibraryLoader] Downloading https://maven-central.storage-download.googleapis.com/maven2/org/jetbrains/kotlin/kotlin-stdlib/1.5.31/kotlin-stdlib-1.5.31.pom
[04:57:55] [Server thread/INFO]: [SpigotLibraryLoader] Downloading https://maven-central.storage-download.googleapis.com/maven2/org/jetbrains/kotlin/kotlin-stdlib-common/1.5.31/kotlin-stdlib-common-1.5.31.pom
[04:57:55] [Server thread/INFO]: [SpigotLibraryLoader] Downloading https://maven-central.storage-download.googleapis.com/maven2/org/jetbrains/kotlin/kotlin-stdlib-jdk7/1.5.31/kotlin-stdlib-jdk7-1.5.31.pom
[04:57:55] [Server thread/INFO]: [SpigotLibraryLoader] Downloading https://maven-central.storage-download.googleapis.com/maven2/org/jetbrains/kotlin/kotlin-stdlib/1.6.20/kotlin-stdlib-1.6.20.pom
[04:57:55] [Server thread/INFO]: [SpigotLibraryLoader] Downloading https://maven-central.storage-download.googleapis.com/maven2/org/jetbrains/kotlin/kotlin-stdlib-common/1.6.20/kotlin-stdlib-common-1.6.20.pom
[04:57:55] [Server thread/INFO]: [SpigotLibraryLoader] Downloading https://maven-central.storage-download.googleapis.com/maven2/org/json/json/20230618/json-20230618.pom
[04:57:55] [Server thread/INFO]: [SpigotLibraryLoader] Downloading https://maven-central.storage-download.googleapis.com/maven2/club/minnced/discord-webhooks/0.8.4/discord-webhooks-0.8.4.jar
[04:57:55] [BasicRepositoryConnector-maven-central.storage-download.googleapis.com-4-0/INFO]: [SpigotLibraryLoader] Downloading https://maven-central.storage-download.googleapis.com/maven2/org/slf4j/slf4j-api/1.7.32/slf4j-api-1.7.32.jar
[04:57:55] [BasicRepositoryConnector-maven-central.storage-download.googleapis.com-4-0/INFO]: [SpigotLibraryLoader] Downloading https://maven-central.storage-download.googleapis.com/maven2/org/jetbrains/kotlin/kotlin-stdlib-common/1.5.31/kotlin-stdlib-common-1.5.31.jar
[04:57:55] [BasicRepositoryConnector-maven-central.storage-download.googleapis.com-4-3/INFO]: [SpigotLibraryLoader] Downloading https://maven-central.storage-download.googleapis.com/maven2/org/jetbrains/kotlin/kotlin-stdlib-jdk8/1.5.31/kotlin-stdlib-jdk8-1.5.31.jar
[04:57:55] [BasicRepositoryConnector-maven-central.storage-download.googleapis.com-4-2/INFO]: [SpigotLibraryLoader] Downloading https://maven-central.storage-download.googleapis.com/maven2/com/squareup/okio/okio-jvm/3.0.0/okio-jvm-3.0.0.jar
[04:57:55] [BasicRepositoryConnector-maven-central.storage-download.googleapis.com-4-4/INFO]: [SpigotLibraryLoader] Downloading https://maven-central.storage-download.googleapis.com/maven2/org/jetbrains/kotlin/kotlin-stdlib-jdk7/1.5.31/kotlin-stdlib-jdk7-1.5.31.jar
[04:57:55] [BasicRepositoryConnector-maven-central.storage-download.googleapis.com-4-1/INFO]: [SpigotLibraryLoader] Downloading https://maven-central.storage-download.googleapis.com/maven2/com/squareup/okhttp3/okhttp/4.10.0/okhttp-4.10.0.jar
[04:57:55] [BasicRepositoryConnector-maven-central.storage-download.googleapis.com-4-0/INFO]: [SpigotLibraryLoader] Downloading https://maven-central.storage-download.googleapis.com/maven2/org/jetbrains/annotations/13.0/annotations-13.0.jar
[04:57:55] [BasicRepositoryConnector-maven-central.storage-download.googleapis.com-4-3/INFO]: [SpigotLibraryLoader] Downloading https://maven-central.storage-download.googleapis.com/maven2/org/jetbrains/kotlin/kotlin-stdlib/1.6.20/kotlin-stdlib-1.6.20.jar
[04:57:55] [BasicRepositoryConnector-maven-central.storage-download.googleapis.com-4-4/INFO]: [SpigotLibraryLoader] Downloading https://maven-central.storage-download.googleapis.com/maven2/org/json/json/20230618/json-20230618.jar
[04:57:55] [Server thread/INFO]: [SpigotLibraryLoader] [AxKoth] Loaded library /workspaces/urban-happiness/servidor_minecraft/libraries/club/minnced/discord-webhooks/0.8.4/discord-webhooks-0.8.4.jar
[04:57:55] [Server thread/INFO]: [SpigotLibraryLoader] [AxKoth] Loaded library /workspaces/urban-happiness/servidor_minecraft/libraries/org/slf4j/slf4j-api/1.7.32/slf4j-api-1.7.32.jar
[04:57:55] [Server thread/INFO]: [SpigotLibraryLoader] [AxKoth] Loaded library /workspaces/urban-happiness/servidor_minecraft/libraries/com/squareup/okhttp3/okhttp/4.10.0/okhttp-4.10.0.jar
[04:57:55] [Server thread/INFO]: [SpigotLibraryLoader] [AxKoth] Loaded library /workspaces/urban-happiness/servidor_minecraft/libraries/com/squareup/okio/okio-jvm/3.0.0/okio-jvm-3.0.0.jar
[04:57:55] [Server thread/INFO]: [SpigotLibraryLoader] [AxKoth] Loaded library /workspaces/urban-happiness/servidor_minecraft/libraries/org/jetbrains/kotlin/kotlin-stdlib-jdk8/1.5.31/kotlin-stdlib-jdk8-1.5.31.jar
[04:57:55] [Server thread/INFO]: [SpigotLibraryLoader] [AxKoth] Loaded library /workspaces/urban-happiness/servidor_minecraft/libraries/org/jetbrains/kotlin/kotlin-stdlib-jdk7/1.5.31/kotlin-stdlib-jdk7-1.5.31.jar
[04:57:55] [Server thread/INFO]: [SpigotLibraryLoader] [AxKoth] Loaded library /workspaces/urban-happiness/servidor_minecraft/libraries/org/jetbrains/kotlin/kotlin-stdlib-common/1.5.31/kotlin-stdlib-common-1.5.31.jar
[04:57:55] [Server thread/INFO]: [SpigotLibraryLoader] [AxKoth] Loaded library /workspaces/urban-happiness/servidor_minecraft/libraries/org/jetbrains/kotlin/kotlin-stdlib/1.6.20/kotlin-stdlib-1.6.20.jar
[04:57:55] [Server thread/INFO]: [SpigotLibraryLoader] [AxKoth] Loaded library /workspaces/urban-happiness/servidor_minecraft/libraries/org/jetbrains/annotations/13.0/annotations-13.0.jar
[04:57:55] [Server thread/INFO]: [SpigotLibraryLoader] [AxKoth] Loaded library /workspaces/urban-happiness/servidor_minecraft/libraries/org/json/json/20230618/json-20230618.jar
[04:58:34] [Server thread/INFO]: [SpigotLibraryLoader] [LagFixer] Loading 1 libraries... please wait
[04:58:34] [Server thread/INFO]: [SpigotLibraryLoader] Downloading https://maven-central.storage-download.googleapis.com/maven2/com/github/oshi/oshi-core/6.9.1/oshi-core-6.9.1.pom
[04:58:34] [Server thread/INFO]: [SpigotLibraryLoader] Downloading https://maven-central.storage-download.googleapis.com/maven2/com/github/oshi/oshi-parent/6.9.1/oshi-parent-6.9.1.pom
[04:58:34] [Server thread/INFO]: [SpigotLibraryLoader] Downloading https://maven-central.storage-download.googleapis.com/maven2/net/java/dev/jna/jna/5.18.1/jna-5.18.1.pom
[04:58:34] [Server thread/INFO]: [SpigotLibraryLoader] Downloading https://maven-central.storage-download.googleapis.com/maven2/net/java/dev/jna/jna-platform/5.18.1/jna-platform-5.18.1.pom
[04:58:34] [Server thread/INFO]: [SpigotLibraryLoader] Downloading https://maven-central.storage-download.googleapis.com/maven2/org/slf4j/slf4j-api/2.0.17/slf4j-api-2.0.17.pom
[04:58:35] [Server thread/INFO]: [SpigotLibraryLoader] Downloading https://maven-central.storage-download.googleapis.com/maven2/org/slf4j/slf4j-parent/2.0.17/slf4j-parent-2.0.17.pom
[04:58:35] [Server thread/INFO]: [SpigotLibraryLoader] Downloading https://maven-central.storage-download.googleapis.com/maven2/org/slf4j/slf4j-bom/2.0.17/slf4j-bom-2.0.17.pom
[04:58:35] [Server thread/INFO]: [SpigotLibraryLoader] Downloading https://maven-central.storage-download.googleapis.com/maven2/com/github/oshi/oshi-core/6.9.1/oshi-core-6.9.1.jar
[04:58:35] [BasicRepositoryConnector-maven-central.storage-download.googleapis.com-5-0/INFO]: [SpigotLibraryLoader] Downloading https://maven-central.storage-download.googleapis.com/maven2/net/java/dev/jna/jna/5.18.1/jna-5.18.1.jar
[04:58:35] [BasicRepositoryConnector-maven-central.storage-download.googleapis.com-5-1/INFO]: [SpigotLibraryLoader] Downloading https://maven-central.storage-download.googleapis.com/maven2/net/java/dev/jna/jna-platform/5.18.1/jna-platform-5.18.1.jar
[04:58:35] [BasicRepositoryConnector-maven-central.storage-download.googleapis.com-5-2/INFO]: [SpigotLibraryLoader] Downloading https://maven-central.storage-download.googleapis.com/maven2/org/slf4j/slf4j-api/2.0.17/slf4j-api-2.0.17.jar
[04:58:35] [Server thread/INFO]: [SpigotLibraryLoader] [LagFixer] Loaded library /workspaces/urban-happiness/servidor_minecraft/libraries/com/github/oshi/oshi-core/6.9.1/oshi-core-6.9.1.jar
[04:58:35] [Server thread/INFO]: [SpigotLibraryLoader] [LagFixer] Loaded library /workspaces/urban-happiness/servidor_minecraft/libraries/net/java/dev/jna/jna/5.18.1/jna-5.18.1.jar
[04:58:35] [Server thread/INFO]: [SpigotLibraryLoader] [LagFixer] Loaded library /workspaces/urban-happiness/servidor_minecraft/libraries/net/java/dev/jna/jna-platform/5.18.1/jna-platform-5.18.1.jar
[04:58:35] [Server thread/INFO]: [SpigotLibraryLoader] [LagFixer] Loaded library /workspaces/urban-happiness/servidor_minecraft/libraries/org/slf4j/slf4j-api/2.0.17/slf4j-api-2.0.17.jar
[04:58:35] [Server thread/INFO]: [SpigotLibraryLoader] [BetterView] Loading 1 libraries... please wait
[04:58:35] [Server thread/INFO]: [SpigotLibraryLoader] Downloading https://maven-central.storage-download.googleapis.com/maven2/com/github/ben-manes/caffeine/caffeine/3.2.0/caffeine-3.2.0.pom
[04:58:35] [Server thread/INFO]: [SpigotLibraryLoader] Downloading https://maven-central.storage-download.googleapis.com/maven2/com/github/ben-manes/caffeine/caffeine/3.2.0/caffeine-3.2.0.jar
[04:58:35] [Server thread/INFO]: [SpigotLibraryLoader] [BetterView] Loaded library /workspaces/urban-happiness/servidor_minecraft/libraries/com/github/ben-manes/caffeine/caffeine/3.2.0/caffeine-3.2.0.jar
[04:58:35] [Server thread/INFO]: [SpigotLibraryLoader] [BetterView] Loaded library /workspaces/urban-happiness/servidor_minecraft/libraries/org/jspecify/jspecify/1.0.0/jspecify-1.0.0.jar
[04:58:35] [Server thread/INFO]: [SpigotLibraryLoader] [BetterView] Loaded library /workspaces/urban-happiness/servidor_minecraft/libraries/com/google/errorprone/error_prone_annotations/2.36.0/error_prone_annotations-2.36.0.jar
[04:58:35] [Server thread/INFO]: [Worlds] --------------------------------------------------------------------------------
[04:58:35] [Server thread/INFO]: [Worlds] This plugin uses FastStats to collect anonymous usage statistics.
[04:58:35] [Server thread/INFO]: [Worlds] No personal or identifying information is ever collected.
[04:58:35] [Server thread/INFO]: [Worlds] To opt out, set 'enabled=false' in the metrics configuration file.
[04:58:35] [Server thread/INFO]: [Worlds] Learn more at: https://faststats.dev/info
[04:58:35] [Server thread/INFO]: [Worlds] 
[04:58:35] [Server thread/INFO]: [Worlds] Since this is your first start with FastStats, metrics submission will not start
[04:58:35] [Server thread/INFO]: [Worlds] until you restart the server to allow you to opt out if you prefer.
[04:58:35] [Server thread/INFO]: [Worlds] --------------------------------------------------------------------------------
[04:58:35] [Server thread/INFO]: [BetterHud] Downloading exp4j-0.4.8...
[04:58:35] [Server thread/INFO]: [BetterHud] Downloading expiringmap-0.5.11...
[04:58:35] [Server thread/INFO]: [BetterHud] Downloading HikariCP-7.0.2...
[04:58:36] [Server thread/INFO]: [BetterHud] Downloading semver4j-6.0.0...
[04:58:36] [Server thread/INFO]: [BetterHud] Downloading adventure-nbt-4.26.1...
[04:58:36] [Server thread/INFO]: [BetterHud] Downloading adventure-text-serializer-gson-legacy-impl-4.26.1...
[04:58:36] [Server thread/INFO]: [BetterHud] Downloading adventure-text-serializer-json-legacy-impl-4.26.1...
[04:58:36] [Server thread/INFO]: [BetterHud] Downloading adventure-platform-bukkit-4.4.1...
[04:58:36] [Server thread/INFO]: [BetterHud] Downloading adventure-platform-api-4.4.1...
[04:58:36] [Server thread/INFO]: [BetterHud] Downloading adventure-platform-facet-4.4.1...
[04:58:41] [Server thread/INFO]: [LuckPerms] Loading server plugin LuckPerms v5.5.17
[04:58:44] [Server thread/INFO]: [LuckPerms] Loading configuration...
[04:58:44] [Server thread/INFO]: [Vault] Loading server plugin Vault v1.7.3-b131
[04:58:44] [Server thread/INFO]: [Blue Slime Core] Loading server plugin BlueSlimeCore v2.9.8.504
[04:58:44] [Server thread/INFO]: [ProtocolLib] Loading server plugin ProtocolLib v5.4.0
[04:58:44] [Server thread/INFO]: [FastAsyncWorldEdit] Loading server plugin FastAsyncWorldEdit v2.15.0+59372c5
[04:58:44] [Server thread/INFO]: Default configuration file written: worldedit-config.yml
[04:58:45] [Server thread/INFO]: Got request to register class com.sk89q.worldedit.bukkit.BukkitServerInterface with WorldEdit [com.sk89q.worldedit.extension.platform.PlatformManager@952d091]
[04:58:45] [Server thread/INFO]: [PlaceholderAPI] Loading server plugin PlaceholderAPI v2.11.7
[04:58:45] [Server thread/INFO]: [packetevents] Loading server plugin packetevents v2.11.2
[04:58:48] [Server thread/INFO]: [WorldGuard] Loading server plugin WorldGuard v7.0.13+82fdc65
[04:58:48] [Server thread/INFO]: [LibsDisguises] Loading server plugin LibsDisguises v11.0.14
[04:58:48] [Server thread/INFO]: [LibsDisguises] Saving default config commands.yml
[04:58:48] [Server thread/INFO]: [LibsDisguises] Saving default config dangerous.yml
[04:58:48] [Server thread/INFO]: [LibsDisguises] Saving default config displays.yml
[04:58:48] [Server thread/INFO]: [LibsDisguises] Saving default config events.yml
[04:58:48] [Server thread/INFO]: [LibsDisguises] Saving default config libsdisguises.yml
[04:58:48] [Server thread/INFO]: [LibsDisguises] Saving default config premium.yml
[04:58:48] [Server thread/INFO]: [LibsDisguises] Saving default config protocol.yml
[04:58:48] [Server thread/INFO]: [LibsDisguises] Saving default config self_disguise.yml
[04:58:49] [Server thread/INFO]: [MythicMobs] Loading server plugin MythicMobs v5.11.1-de409cac
[04:58:49] [Server thread/INFO]: [LumineUtils] (io.lumine.mythic.bukkit.utils.) is bound to plugin MythicMobs - io.lumine.mythic.bukkit.MythicBukkit
[04:58:49] [Server thread/INFO]: [MythicMobs] §x§f§f§0§0§0§0M§x§f§f§6§6§0§0y§x§f§f§c§c§0§0t§x§c§b§f§f§0§0h§x§6§5§f§f§0§0i§x§0§0§f§f§0§0c§x§0§0§f§f§6§6 §x§0§0§f§f§c§bE§x§0§0§c§b§f§fn§x§0§0§6§5§f§fa§x§0§0§0§0§f§fb§x§6§6§0§0§f§fl§x§c§c§0§0§f§fe§x§f§f§0§0§c§cd§x§f§f§0§0§6§6!
[04:58:49] [Server thread/INFO]: [MythicLib] Loading server plugin MythicLib v1.7.1-SNAPSHOT
[04:58:49] [Server thread/INFO]: [MythicLib] Plugin file is called 'MythicLib-dist-1.7.1.jar'
[04:58:49] [Server thread/INFO]: [MythicLib] Detected Bukkit Version: v1_21_R3
[04:58:49] [Server thread/INFO]: [MythicLib] Hooked onto WorldGuard
[04:58:49] [Server thread/INFO]: [MMOCore] Loading server plugin MMOCore v1.13.1-SNAPSHOT
[04:58:49] [Server thread/INFO]: [MMOCore] Plugin file is called 'MMOCore-1.13.1-SNAPSHOT.jar'
[04:58:49] [Server thread/INFO]: [ModelEngine] Loading server plugin ModelEngine vR4.0.9
[04:58:49] [Server thread/INFO]: [Vulcan] Loading server plugin Vulcan v2.9.7.12
[04:58:49] [Server thread/INFO]: [MMOItems] Loading server plugin MMOItems v6.10.1-SNAPSHOT
[04:58:49] [Server thread/INFO]: [MMOItems] Plugin file is called 'MMOItems-6.10.1-SNAPSHOT.jar'
[04:58:49] [Server thread/INFO]: [MMOItems] Hooked onto WorldEdit
[04:58:49] [Server thread/INFO]: [MMOItems Template Modifiers] Preloading template modifiers, please wait..
[04:58:49] [Server thread/INFO]: [MMOItems Item Templates] Preloading item templates, please wait..
[04:58:49] [Server thread/INFO]: [MMOItems] Hooked onto MythicMobs
[04:58:49] [Server thread/INFO]: [TAB] Loading server plugin TAB v5.5.0
[04:58:49] [Server thread/INFO]: [Nexo] Loading server plugin Nexo v1.15
[04:58:49] [Server thread/INFO]: [AxKoth] Loading server plugin AxKoth v2.13.3
[04:58:49] [Server thread/INFO]: [zMenu] Loading server plugin zMenu v1.0.3.7
[04:58:49] [Server thread/INFO]: [FancyNpcs] Loading server plugin FancyNpcs v2.9.1
[04:58:49] [Server thread/INFO]: [ShopGUIPlus] Loading server plugin ShopGUIPlus v1.112.0
[04:58:49] [Server thread/INFO]: [SkinsRestorer] Loading server plugin SkinsRestorer v15.9.3
[04:58:49] [Server thread/INFO]: [BetterRTP] Loading server plugin BetterRTP v3.6.13
[04:58:49] [Server thread/INFO]: [AxQuestBoard] Loading server plugin AxQuestBoard v1.14.2
[04:58:49] [Server thread/INFO]: [zAuctionHouseV3] Loading server plugin zAuctionHouseV3 v3.2.2.9
[04:58:49] [Server thread/INFO]: [FreedomChat] Loading server plugin FreedomChat v1.7.2
[04:58:49] [Server thread/INFO]: [FancyHolograms] Loading server plugin FancyHolograms v2.9.1
[04:58:49] [Server thread/INFO]: [CustomNameplates] Loading server plugin CustomNameplates v3.0.36
[04:58:49] [FancyLogger/INFO]: [FancyHolograms] (Server thread) INFO: Successfully loaded FancyHolograms version 2.9.1
[04:58:49] [nameplates-worker-2/INFO]: [CustomNameplates] Downloading dependency(jar-relocator-1.7.jar)[https://repo1.maven.org/maven2/me/lucko/jar-relocator/1.7/jar-relocator-1.7.jar]
[04:58:49] [nameplates-worker-1/INFO]: [CustomNameplates] Downloading dependency(asm-commons-9.9.jar)[https://repo1.maven.org/maven2/org/ow2/asm/asm-commons/9.9/asm-commons-9.9.jar]
[04:58:49] [nameplates-worker-0/INFO]: [CustomNameplates] Downloading dependency(asm-9.9.jar)[https://repo1.maven.org/maven2/org/ow2/asm/asm/9.9/asm-9.9.jar]
[04:58:49] [nameplates-worker-1/INFO]: [CustomNameplates] Successfully downloaded asm-commons-9.9.jar
[04:58:49] [nameplates-worker-2/INFO]: [CustomNameplates] Successfully downloaded jar-relocator-1.7.jar
[04:58:49] [nameplates-worker-0/INFO]: [CustomNameplates] Successfully downloaded asm-9.9.jar
[04:58:49] [nameplates-worker-0/INFO]: [CustomNameplates] Downloading dependency(boosted-yaml-1.3.7.jar)[https://repo1.maven.org/maven2/dev/dejvokep/boosted-yaml/1.3.7/boosted-yaml-1.3.7.jar]
[04:58:49] [nameplates-worker-2/INFO]: [CustomNameplates] Downloading dependency(bstats-base-3.1.0.jar)[https://repo1.maven.org/maven2/org/bstats/bstats-base/3.1.0/bstats-base-3.1.0.jar]
[04:58:49] [nameplates-worker-1/INFO]: [CustomNameplates] Downloading dependency(bstats-bukkit-3.1.0.jar)[https://repo1.maven.org/maven2/org/bstats/bstats-bukkit/3.1.0/bstats-bukkit-3.1.0.jar]
[04:58:49] [nameplates-worker-3/INFO]: [CustomNameplates] Downloading dependency(caffeine-3.2.3.jar)[https://repo1.maven.org/maven2/com/github/ben-manes/caffeine/caffeine/3.2.3/caffeine-3.2.3.jar]
[04:58:49] [nameplates-worker-4/INFO]: [CustomNameplates] Downloading dependency(geantyref-1.3.16.jar)[https://repo1.maven.org/maven2/io/leangen/geantyref/geantyref/1.3.16/geantyref-1.3.16.jar]
[04:58:49] [nameplates-worker-5/INFO]: [CustomNameplates] Downloading dependency(cloud-core-2.0.0.jar)[https://repo1.maven.org/maven2/org/incendo/cloud-core/2.0.0/cloud-core-2.0.0.jar]
[04:58:49] [nameplates-worker-6/INFO]: [CustomNameplates] Downloading dependency(cloud-services-2.0.0.jar)[https://repo1.maven.org/maven2/org/incendo/cloud-services/2.0.0/cloud-services-2.0.0.jar]
[04:58:49] [nameplates-worker-7/INFO]: [CustomNameplates] Downloading dependency(cloud-bukkit-2.0.0-beta.14.jar)[https://repo1.maven.org/maven2/org/incendo/cloud-bukkit/2.0.0-beta.14/cloud-bukkit-2.0.0-beta.14.jar]
[04:58:49] [nameplates-worker-8/INFO]: [CustomNameplates] Downloading dependency(cloud-paper-2.0.0-beta.14.jar)[https://repo1.maven.org/maven2/org/incendo/cloud-paper/2.0.0-beta.14/cloud-paper-2.0.0-beta.14.jar]
[04:58:49] [nameplates-worker-9/INFO]: [CustomNameplates] Downloading dependency(cloud-brigadier-2.0.0-beta.14.jar)[https://repo1.maven.org/maven2/org/incendo/cloud-brigadier/2.0.0-beta.14/cloud-brigadier-2.0.0-beta.14.jar]
[04:58:49] [nameplates-worker-10/INFO]: [CustomNameplates] Downloading dependency(cloud-minecraft-extras-2.0.0-beta.14.jar)[https://repo1.maven.org/maven2/org/incendo/cloud-minecraft-extras/2.0.0-beta.14/cloud-minecraft-extras-2.0.0-beta.14.jar]
[04:58:49] [nameplates-worker-11/INFO]: [CustomNameplates] Downloading dependency(gson-2.13.2.jar)[https://repo1.maven.org/maven2/com/google/code/gson/gson/2.13.2/gson-2.13.2.jar]
[04:58:49] [nameplates-worker-12/INFO]: [CustomNameplates] Downloading dependency(commons-pool-2.12.1.jar)[https://repo1.maven.org/maven2/org/apache/commons/commons-pool2/2.12.1/commons-pool2-2.12.1.jar]
[04:58:49] [nameplates-worker-13/INFO]: [CustomNameplates] Downloading dependency(jedis-7.1.0.jar)[https://repo1.maven.org/maven2/redis/clients/jedis/7.1.0/jedis-7.1.0.jar]
[04:58:49] [nameplates-worker-14/INFO]: [CustomNameplates] Downloading dependency(mysql-connector-j-9.5.0.jar)[https://repo1.maven.org/maven2/com/mysql/mysql-connector-j/9.5.0/mysql-connector-j-9.5.0.jar]
[04:58:49] [nameplates-worker-15/INFO]: [CustomNameplates] Downloading dependency(mariadb-java-client-3.5.6.jar)[https://repo1.maven.org/maven2/org/mariadb/jdbc/mariadb-java-client/3.5.6/mariadb-java-client-3.5.6.jar]
[04:58:49] [nameplates-worker-1/INFO]: [CustomNameplates] Successfully downloaded bstats-bukkit-3.1.0.jar
[04:58:49] [nameplates-worker-1/INFO]: [CustomNameplates] Remapping bstats-bukkit-3.1.0.jar
[04:58:49] [nameplates-worker-2/INFO]: [CustomNameplates] Successfully downloaded bstats-base-3.1.0.jar
[04:58:49] [nameplates-worker-2/INFO]: [CustomNameplates] Remapping bstats-base-3.1.0.jar
[04:58:49] [nameplates-worker-6/INFO]: [CustomNameplates] Successfully downloaded cloud-services-2.0.0.jar
[04:58:49] [nameplates-worker-6/INFO]: [CustomNameplates] Remapping cloud-services-2.0.0.jar
[04:58:49] [nameplates-worker-0/INFO]: [CustomNameplates] Successfully downloaded boosted-yaml-1.3.7.jar
[04:58:49] [nameplates-worker-0/INFO]: [CustomNameplates] Remapping boosted-yaml-1.3.7.jar
[04:58:49] [nameplates-worker-8/INFO]: [CustomNameplates] Successfully downloaded cloud-paper-2.0.0-beta.14.jar
[04:58:49] [nameplates-worker-8/INFO]: [CustomNameplates] Remapping cloud-paper-2.0.0-beta.14.jar
[04:58:49] [nameplates-worker-4/INFO]: [CustomNameplates] Successfully downloaded geantyref-1.3.16.jar
[04:58:49] [nameplates-worker-4/INFO]: [CustomNameplates] Remapping geantyref-1.3.16.jar
[04:58:49] [nameplates-worker-12/INFO]: [CustomNameplates] Successfully downloaded commons-pool-2.12.1.jar
[04:58:49] [nameplates-worker-12/INFO]: [CustomNameplates] Remapping commons-pool-2.12.1.jar
[04:58:49] [nameplates-worker-9/INFO]: [CustomNameplates] Successfully downloaded cloud-brigadier-2.0.0-beta.14.jar
[04:58:49] [nameplates-worker-9/INFO]: [CustomNameplates] Remapping cloud-brigadier-2.0.0-beta.14.jar
[04:58:49] [nameplates-worker-3/INFO]: [CustomNameplates] Successfully downloaded caffeine-3.2.3.jar
[04:58:49] [nameplates-worker-3/INFO]: [CustomNameplates] Remapping caffeine-3.2.3.jar
[04:58:49] [nameplates-worker-10/INFO]: [CustomNameplates] Successfully downloaded cloud-minecraft-extras-2.0.0-beta.14.jar
[04:58:49] [nameplates-worker-10/INFO]: [CustomNameplates] Remapping cloud-minecraft-extras-2.0.0-beta.14.jar
[04:58:49] [nameplates-worker-7/INFO]: [CustomNameplates] Successfully downloaded cloud-bukkit-2.0.0-beta.14.jar
[04:58:49] [nameplates-worker-7/INFO]: [CustomNameplates] Remapping cloud-bukkit-2.0.0-beta.14.jar
[04:58:49] [nameplates-worker-11/INFO]: [CustomNameplates] Successfully downloaded gson-2.13.2.jar
[04:58:49] [nameplates-worker-11/INFO]: [CustomNameplates] Downloading dependency(sqlite-driver-3.50.3.0.jar)[https://repo1.maven.org/maven2/org/xerial/sqlite-jdbc/3.50.3.0/sqlite-jdbc-3.50.3.0.jar]
[04:58:49] [nameplates-worker-15/INFO]: [CustomNameplates] Successfully downloaded mariadb-java-client-3.5.6.jar
[04:58:49] [nameplates-worker-15/INFO]: [CustomNameplates] Remapping mariadb-java-client-3.5.6.jar
[04:58:49] [nameplates-worker-5/INFO]: [CustomNameplates] Successfully downloaded cloud-core-2.0.0.jar
[04:58:49] [nameplates-worker-5/INFO]: [CustomNameplates] Remapping cloud-core-2.0.0.jar
[04:58:49] [nameplates-worker-1/INFO]: [CustomNameplates] Successfully remapped bstats-bukkit-3.1.0.jar
[04:58:49] [nameplates-worker-1/INFO]: [CustomNameplates] Downloading dependency(slf4j-2.0.17.jar)[https://repo1.maven.org/maven2/org/slf4j/slf4j-api/2.0.17/slf4j-api-2.0.17.jar]
[04:58:49] [nameplates-worker-13/INFO]: [CustomNameplates] Successfully downloaded jedis-7.1.0.jar
[04:58:49] [nameplates-worker-13/INFO]: [CustomNameplates] Remapping jedis-7.1.0.jar
[04:58:49] [nameplates-worker-1/INFO]: [CustomNameplates] Successfully downloaded slf4j-2.0.17.jar
[04:58:49] [nameplates-worker-1/INFO]: [CustomNameplates] Downloading dependency(slf4j-simple-2.0.17.jar)[https://repo1.maven.org/maven2/org/slf4j/slf4j-simple/2.0.17/slf4j-simple-2.0.17.jar]
[04:58:49] [nameplates-worker-14/INFO]: [CustomNameplates] Successfully downloaded mysql-connector-j-9.5.0.jar
[04:58:49] [nameplates-worker-14/INFO]: [CustomNameplates] Remapping mysql-connector-j-9.5.0.jar
[04:58:49] [nameplates-worker-1/INFO]: [CustomNameplates] Successfully downloaded slf4j-simple-2.0.17.jar
[04:58:49] [nameplates-worker-1/INFO]: [CustomNameplates] Downloading dependency(h2-driver-2.4.240.jar)[https://repo1.maven.org/maven2/com/h2database/h2/2.4.240/h2-2.4.240.jar]
[04:58:49] [nameplates-worker-2/INFO]: [CustomNameplates] Successfully remapped bstats-base-3.1.0.jar
[04:58:49] [nameplates-worker-2/INFO]: [CustomNameplates] Downloading dependency(mongodb-driver-core-5.6.2.jar)[https://repo1.maven.org/maven2/org/mongodb/mongodb-driver-core/5.6.2/mongodb-driver-core-5.6.2.jar]
[04:58:49] [nameplates-worker-6/INFO]: [CustomNameplates] Successfully remapped cloud-services-2.0.0.jar
[04:58:49] [nameplates-worker-6/INFO]: [CustomNameplates] Downloading dependency(mongodb-driver-sync-5.6.2.jar)[https://repo1.maven.org/maven2/org/mongodb/mongodb-driver-sync/5.6.2/mongodb-driver-sync-5.6.2.jar]
[04:58:49] [nameplates-worker-1/INFO]: [CustomNameplates] Successfully downloaded h2-driver-2.4.240.jar
[04:58:49] [nameplates-worker-1/INFO]: [CustomNameplates] Downloading dependency(mongodb-bson-5.6.2.jar)[https://repo1.maven.org/maven2/org/mongodb/bson/5.6.2/bson-5.6.2.jar]
[04:58:49] [nameplates-worker-6/INFO]: [CustomNameplates] Successfully downloaded mongodb-driver-sync-5.6.2.jar
[04:58:49] [nameplates-worker-6/INFO]: [CustomNameplates] Remapping mongodb-driver-sync-5.6.2.jar
[04:58:49] [nameplates-worker-4/INFO]: [CustomNameplates] Successfully remapped geantyref-1.3.16.jar
[04:58:49] [nameplates-worker-4/INFO]: [CustomNameplates] Downloading dependency(hikari-cp-7.0.2.jar)[https://repo1.maven.org/maven2/com/zaxxer/HikariCP/7.0.2/HikariCP-7.0.2.jar]
[04:58:49] [nameplates-worker-1/INFO]: [CustomNameplates] Successfully downloaded mongodb-bson-5.6.2.jar
[04:58:49] [nameplates-worker-1/INFO]: [CustomNameplates] Remapping mongodb-bson-5.6.2.jar
[04:58:49] [nameplates-worker-4/INFO]: [CustomNameplates] Successfully downloaded hikari-cp-7.0.2.jar
[04:58:49] [nameplates-worker-4/INFO]: [CustomNameplates] Remapping hikari-cp-7.0.2.jar
[04:58:49] [nameplates-worker-2/INFO]: [CustomNameplates] Successfully downloaded mongodb-driver-core-5.6.2.jar
[04:58:49] [nameplates-worker-2/INFO]: [CustomNameplates] Remapping mongodb-driver-core-5.6.2.jar
[04:58:49] [nameplates-worker-9/INFO]: [CustomNameplates] Successfully remapped cloud-brigadier-2.0.0-beta.14.jar
[04:58:49] [nameplates-worker-9/INFO]: [CustomNameplates] Downloading dependency(byte-buddy-1.18.2.jar)[https://repo1.maven.org/maven2/net/bytebuddy/byte-buddy/1.18.2/byte-buddy-1.18.2.jar]
[04:58:50] [nameplates-worker-8/INFO]: [CustomNameplates] Successfully remapped cloud-paper-2.0.0-beta.14.jar
[04:58:50] [nameplates-worker-8/INFO]: [CustomNameplates] Downloading dependency(commons-io-2.21.0.jar)[https://repo1.maven.org/maven2/commons-io/commons-io/2.21.0/commons-io-2.21.0.jar]
[04:58:50] [nameplates-worker-11/INFO]: [CustomNameplates] Successfully downloaded sqlite-driver-3.50.3.0.jar
[04:58:50] [nameplates-worker-11/INFO]: [CustomNameplates] Downloading dependency(lwjgl-3.3.6.jar)[https://repo1.maven.org/maven2/org/lwjgl/lwjgl/3.3.6/lwjgl-3.3.6.jar]
[04:58:50] [nameplates-worker-8/INFO]: [CustomNameplates] Successfully downloaded commons-io-2.21.0.jar
[04:58:50] [nameplates-worker-8/INFO]: [CustomNameplates] Remapping commons-io-2.21.0.jar
[04:58:50] [nameplates-worker-11/INFO]: [CustomNameplates] Successfully downloaded lwjgl-3.3.6.jar
[04:58:50] [nameplates-worker-11/INFO]: [CustomNameplates] Downloading dependency(lwjgl-natives-linux-3.3.6.jar)[https://repo1.maven.org/maven2/org/lwjgl/lwjgl/3.3.6/lwjgl-3.3.6-natives-linux.jar]
[04:58:50] [nameplates-worker-9/INFO]: [CustomNameplates] Successfully downloaded byte-buddy-1.18.2.jar
[04:58:50] [nameplates-worker-9/INFO]: [CustomNameplates] Remapping byte-buddy-1.18.2.jar
[04:58:50] [nameplates-worker-11/INFO]: [CustomNameplates] Successfully downloaded lwjgl-natives-linux-3.3.6.jar
[04:58:50] [nameplates-worker-11/INFO]: [CustomNameplates] Downloading dependency(lwjgl-freetype-3.3.6.jar)[https://repo1.maven.org/maven2/org/lwjgl/lwjgl-freetype/3.3.6/lwjgl-freetype-3.3.6.jar]
[04:58:50] [nameplates-worker-11/INFO]: [CustomNameplates] Successfully downloaded lwjgl-freetype-3.3.6.jar
[04:58:50] [nameplates-worker-11/INFO]: [CustomNameplates] Downloading dependency(lwjgl-freetype-natives-linux-3.3.6.jar)[https://repo1.maven.org/maven2/org/lwjgl/lwjgl-freetype/3.3.6/lwjgl-freetype-3.3.6-natives-linux.jar]
[04:58:50] [nameplates-worker-10/INFO]: [CustomNameplates] Successfully remapped cloud-minecraft-extras-2.0.0-beta.14.jar
[04:58:50] [nameplates-worker-12/INFO]: [CustomNameplates] Successfully remapped commons-pool-2.12.1.jar
[04:58:50] [nameplates-worker-7/INFO]: [CustomNameplates] Successfully remapped cloud-bukkit-2.0.0-beta.14.jar
[04:58:50] [nameplates-worker-11/INFO]: [CustomNameplates] Successfully downloaded lwjgl-freetype-natives-linux-3.3.6.jar
[04:58:50] [nameplates-worker-6/INFO]: [CustomNameplates] Successfully remapped mongodb-driver-sync-5.6.2.jar
[04:58:50] [nameplates-worker-4/INFO]: [CustomNameplates] Successfully remapped hikari-cp-7.0.2.jar
[04:58:50] [nameplates-worker-5/INFO]: [CustomNameplates] Successfully remapped cloud-core-2.0.0.jar
[04:58:50] [nameplates-worker-0/INFO]: [CustomNameplates] Successfully remapped boosted-yaml-1.3.7.jar
[04:58:50] [nameplates-worker-1/INFO]: [CustomNameplates] Successfully remapped mongodb-bson-5.6.2.jar
[04:58:51] [nameplates-worker-8/INFO]: [CustomNameplates] Successfully remapped commons-io-2.21.0.jar
[04:58:51] [nameplates-worker-3/INFO]: [CustomNameplates] Successfully remapped caffeine-3.2.3.jar
[04:58:51] [nameplates-worker-15/INFO]: [CustomNameplates] Successfully remapped mariadb-java-client-3.5.6.jar
[04:58:51] [nameplates-worker-2/INFO]: [CustomNameplates] Successfully remapped mongodb-driver-core-5.6.2.jar
[04:58:51] [nameplates-worker-13/INFO]: [CustomNameplates] Successfully remapped jedis-7.1.0.jar
[04:58:52] [nameplates-worker-14/INFO]: [CustomNameplates] Successfully remapped mysql-connector-j-9.5.0.jar
[04:58:53] [nameplates-worker-9/INFO]: [CustomNameplates] Successfully remapped byte-buddy-1.18.2.jar
[04:58:53] [Server thread/INFO]: [CustomFishing] Loading server plugin CustomFishing v2.3.20
[04:58:53] [customfishing-worker-2/INFO]: [CustomFishing] Downloading dependency(jar-relocator-1.7.jar)[https://repo1.maven.org/maven2/me/lucko/jar-relocator/1.7/jar-relocator-1.7.jar]
[04:58:53] [customfishing-worker-0/INFO]: [CustomFishing] Downloading dependency(asm-9.9.jar)[https://repo1.maven.org/maven2/org/ow2/asm/asm/9.9/asm-9.9.jar]
[04:58:53] [customfishing-worker-1/INFO]: [CustomFishing] Downloading dependency(asm-commons-9.9.jar)[https://repo1.maven.org/maven2/org/ow2/asm/asm-commons/9.9/asm-commons-9.9.jar]
[04:58:53] [customfishing-worker-1/INFO]: [CustomFishing] Successfully downloaded asm-commons-9.9.jar
[04:58:53] [customfishing-worker-0/INFO]: [CustomFishing] Successfully downloaded asm-9.9.jar
[04:58:53] [customfishing-worker-2/INFO]: [CustomFishing] Successfully downloaded jar-relocator-1.7.jar
[04:58:53] [customfishing-worker-2/INFO]: [CustomFishing] Downloading dependency(boosted-yaml-1.3.7.jar)[https://repo1.maven.org/maven2/dev/dejvokep/boosted-yaml/1.3.7/boosted-yaml-1.3.7.jar]
[04:58:53] [customfishing-worker-0/INFO]: [CustomFishing] Downloading dependency(bstats-base-3.1.0.jar)[https://repo1.maven.org/maven2/org/bstats/bstats-base/3.1.0/bstats-base-3.1.0.jar]
[04:58:53] [customfishing-worker-1/INFO]: [CustomFishing] Downloading dependency(bstats-bukkit-3.1.0.jar)[https://repo1.maven.org/maven2/org/bstats/bstats-bukkit/3.1.0/bstats-bukkit-3.1.0.jar]
[04:58:53] [customfishing-worker-3/INFO]: [CustomFishing] Downloading dependency(caffeine-3.2.3.jar)[https://repo1.maven.org/maven2/com/github/ben-manes/caffeine/caffeine/3.2.3/caffeine-3.2.3.jar]
[04:58:53] [customfishing-worker-4/INFO]: [CustomFishing] Downloading dependency(geantyref-1.3.16.jar)[https://repo1.maven.org/maven2/io/leangen/geantyref/geantyref/1.3.16/geantyref-1.3.16.jar]
[04:58:53] [customfishing-worker-5/INFO]: [CustomFishing] Downloading dependency(cloud-core-2.0.0.jar)[https://repo1.maven.org/maven2/org/incendo/cloud-core/2.0.0/cloud-core-2.0.0.jar]
[04:58:53] [customfishing-worker-6/INFO]: [CustomFishing] Downloading dependency(cloud-services-2.0.0.jar)[https://repo1.maven.org/maven2/org/incendo/cloud-services/2.0.0/cloud-services-2.0.0.jar]
[04:58:53] [customfishing-worker-8/INFO]: [CustomFishing] Downloading dependency(cloud-paper-2.0.0-beta.14.jar)[https://repo1.maven.org/maven2/org/incendo/cloud-paper/2.0.0-beta.14/cloud-paper-2.0.0-beta.14.jar]
[04:58:53] [customfishing-worker-7/INFO]: [CustomFishing] Downloading dependency(cloud-bukkit-2.0.0-beta.14.jar)[https://repo1.maven.org/maven2/org/incendo/cloud-bukkit/2.0.0-beta.14/cloud-bukkit-2.0.0-beta.14.jar]
[04:58:53] [customfishing-worker-9/INFO]: [CustomFishing] Downloading dependency(cloud-brigadier-2.0.0-beta.14.jar)[https://repo1.maven.org/maven2/org/incendo/cloud-brigadier/2.0.0-beta.14/cloud-brigadier-2.0.0-beta.14.jar]
[04:58:53] [customfishing-worker-10/INFO]: [CustomFishing] Downloading dependency(cloud-minecraft-extras-2.0.0-beta.14.jar)[https://repo1.maven.org/maven2/org/incendo/cloud-minecraft-extras/2.0.0-beta.14/cloud-minecraft-extras-2.0.0-beta.14.jar]
[04:58:53] [customfishing-worker-11/INFO]: [CustomFishing] Downloading dependency(gson-2.13.2.jar)[https://repo1.maven.org/maven2/com/google/code/gson/gson/2.13.2/gson-2.13.2.jar]
[04:58:53] [customfishing-worker-12/INFO]: [CustomFishing] Downloading dependency(commons-pool-2.13.0.jar)[https://repo1.maven.org/maven2/org/apache/commons/commons-pool2/2.13.0/commons-pool2-2.13.0.jar]
[04:58:53] [customfishing-worker-13/INFO]: [CustomFishing] Downloading dependency(jedis-7.1.0.jar)[https://repo1.maven.org/maven2/redis/clients/jedis/7.1.0/jedis-7.1.0.jar]
[04:58:53] [customfishing-worker-14/INFO]: [CustomFishing] Downloading dependency(exp4j-0.4.8.jar)[https://repo1.maven.org/maven2/net/objecthunter/exp4j/0.4.8/exp4j-0.4.8.jar]
[04:58:53] [customfishing-worker-15/INFO]: [CustomFishing] Downloading dependency(mysql-connector-j-9.5.0.jar)[https://repo1.maven.org/maven2/com/mysql/mysql-connector-j/9.5.0/mysql-connector-j-9.5.0.jar]
[04:58:53] [customfishing-worker-1/INFO]: [CustomFishing] Successfully downloaded bstats-bukkit-3.1.0.jar
[04:58:53] [customfishing-worker-1/INFO]: [CustomFishing] Remapping bstats-bukkit-3.1.0.jar
[04:58:53] [customfishing-worker-4/INFO]: [CustomFishing] Successfully downloaded geantyref-1.3.16.jar
[04:58:53] [customfishing-worker-4/INFO]: [CustomFishing] Remapping geantyref-1.3.16.jar
[04:58:53] [customfishing-worker-0/INFO]: [CustomFishing] Successfully downloaded bstats-base-3.1.0.jar
[04:58:53] [customfishing-worker-0/INFO]: [CustomFishing] Remapping bstats-base-3.1.0.jar
[04:58:53] [customfishing-worker-2/INFO]: [CustomFishing] Successfully downloaded boosted-yaml-1.3.7.jar
[04:58:53] [customfishing-worker-2/INFO]: [CustomFishing] Remapping boosted-yaml-1.3.7.jar
[04:58:53] [customfishing-worker-3/INFO]: [CustomFishing] Successfully downloaded caffeine-3.2.3.jar
[04:58:53] [customfishing-worker-3/INFO]: [CustomFishing] Remapping caffeine-3.2.3.jar
[04:58:53] [customfishing-worker-8/INFO]: [CustomFishing] Successfully downloaded cloud-paper-2.0.0-beta.14.jar
[04:58:53] [customfishing-worker-8/INFO]: [CustomFishing] Remapping cloud-paper-2.0.0-beta.14.jar
[04:58:53] [customfishing-worker-6/INFO]: [CustomFishing] Successfully downloaded cloud-services-2.0.0.jar
[04:58:53] [customfishing-worker-6/INFO]: [CustomFishing] Remapping cloud-services-2.0.0.jar
[04:58:53] [customfishing-worker-9/INFO]: [CustomFishing] Successfully downloaded cloud-brigadier-2.0.0-beta.14.jar
[04:58:53] [customfishing-worker-9/INFO]: [CustomFishing] Remapping cloud-brigadier-2.0.0-beta.14.jar
[04:58:53] [customfishing-worker-5/INFO]: [CustomFishing] Successfully downloaded cloud-core-2.0.0.jar
[04:58:53] [customfishing-worker-5/INFO]: [CustomFishing] Remapping cloud-core-2.0.0.jar
[04:58:53] [customfishing-worker-12/INFO]: [CustomFishing] Successfully downloaded commons-pool-2.13.0.jar
[04:58:53] [customfishing-worker-12/INFO]: [CustomFishing] Remapping commons-pool-2.13.0.jar
[04:58:53] [customfishing-worker-14/INFO]: [CustomFishing] Successfully downloaded exp4j-0.4.8.jar
[04:58:53] [customfishing-worker-14/INFO]: [CustomFishing] Remapping exp4j-0.4.8.jar
[04:58:53] [customfishing-worker-7/INFO]: [CustomFishing] Successfully downloaded cloud-bukkit-2.0.0-beta.14.jar
[04:58:53] [customfishing-worker-7/INFO]: [CustomFishing] Remapping cloud-bukkit-2.0.0-beta.14.jar
[04:58:53] [customfishing-worker-10/INFO]: [CustomFishing] Successfully downloaded cloud-minecraft-extras-2.0.0-beta.14.jar
[04:58:53] [customfishing-worker-10/INFO]: [CustomFishing] Remapping cloud-minecraft-extras-2.0.0-beta.14.jar
[04:58:53] [customfishing-worker-1/INFO]: [CustomFishing] Successfully remapped bstats-bukkit-3.1.0.jar
[04:58:53] [customfishing-worker-1/INFO]: [CustomFishing] Downloading dependency(mariadb-java-client-3.5.6.jar)[https://repo1.maven.org/maven2/org/mariadb/jdbc/mariadb-java-client/3.5.6/mariadb-java-client-3.5.6.jar]
[04:58:53] [customfishing-worker-11/INFO]: [CustomFishing] Successfully downloaded gson-2.13.2.jar
[04:58:53] [customfishing-worker-11/INFO]: [CustomFishing] Downloading dependency(sqlite-driver-3.50.3.0.jar)[https://repo1.maven.org/maven2/org/xerial/sqlite-jdbc/3.50.3.0/sqlite-jdbc-3.50.3.0.jar]
[04:58:53] [customfishing-worker-13/INFO]: [CustomFishing] Successfully downloaded jedis-7.1.0.jar
[04:58:53] [customfishing-worker-13/INFO]: [CustomFishing] Remapping jedis-7.1.0.jar
[04:58:53] [customfishing-worker-15/INFO]: [CustomFishing] Successfully downloaded mysql-connector-j-9.5.0.jar
[04:58:53] [customfishing-worker-15/INFO]: [CustomFishing] Remapping mysql-connector-j-9.5.0.jar
[04:58:53] [customfishing-worker-1/INFO]: [CustomFishing] Successfully downloaded mariadb-java-client-3.5.6.jar
[04:58:53] [customfishing-worker-1/INFO]: [CustomFishing] Remapping mariadb-java-client-3.5.6.jar
[04:58:53] [customfishing-worker-6/INFO]: [CustomFishing] Successfully remapped cloud-services-2.0.0.jar
[04:58:53] [customfishing-worker-6/INFO]: [CustomFishing] Downloading dependency(slf4j-2.0.17.jar)[https://repo1.maven.org/maven2/org/slf4j/slf4j-api/2.0.17/slf4j-api-2.0.17.jar]
[04:58:53] [customfishing-worker-6/INFO]: [CustomFishing] Successfully downloaded slf4j-2.0.17.jar
[04:58:53] [customfishing-worker-6/INFO]: [CustomFishing] Downloading dependency(slf4j-simple-2.0.17.jar)[https://repo1.maven.org/maven2/org/slf4j/slf4j-simple/2.0.17/slf4j-simple-2.0.17.jar]
[04:58:53] [customfishing-worker-0/INFO]: [CustomFishing] Successfully remapped bstats-base-3.1.0.jar
[04:58:53] [customfishing-worker-0/INFO]: [CustomFishing] Downloading dependency(h2-driver-2.4.240.jar)[https://repo1.maven.org/maven2/com/h2database/h2/2.4.240/h2-2.4.240.jar]
[04:58:53] [customfishing-worker-6/INFO]: [CustomFishing] Successfully downloaded slf4j-simple-2.0.17.jar
[04:58:53] [customfishing-worker-6/INFO]: [CustomFishing] Downloading dependency(mongodb-driver-core-5.6.2.jar)[https://repo1.maven.org/maven2/org/mongodb/mongodb-driver-core/5.6.2/mongodb-driver-core-5.6.2.jar]
[04:58:54] [customfishing-worker-8/INFO]: [CustomFishing] Successfully remapped cloud-paper-2.0.0-beta.14.jar
[04:58:54] [customfishing-worker-8/INFO]: [CustomFishing] Downloading dependency(mongodb-driver-sync-5.6.2.jar)[https://repo1.maven.org/maven2/org/mongodb/mongodb-driver-sync/5.6.2/mongodb-driver-sync-5.6.2.jar]
[04:58:54] [customfishing-worker-14/INFO]: [CustomFishing] Successfully remapped exp4j-0.4.8.jar
[04:58:54] [customfishing-worker-14/INFO]: [CustomFishing] Downloading dependency(mongodb-bson-5.6.2.jar)[https://repo1.maven.org/maven2/org/mongodb/bson/5.6.2/bson-5.6.2.jar]
[04:58:54] [customfishing-worker-6/INFO]: [CustomFishing] Successfully downloaded mongodb-driver-core-5.6.2.jar
[04:58:54] [customfishing-worker-8/INFO]: [CustomFishing] Successfully downloaded mongodb-driver-sync-5.6.2.jar
[04:58:54] [customfishing-worker-8/INFO]: [CustomFishing] Remapping mongodb-driver-sync-5.6.2.jar
[04:58:54] [customfishing-worker-6/INFO]: [CustomFishing] Remapping mongodb-driver-core-5.6.2.jar
[04:58:54] [customfishing-worker-0/INFO]: [CustomFishing] Successfully downloaded h2-driver-2.4.240.jar
[04:58:54] [customfishing-worker-0/INFO]: [CustomFishing] Downloading dependency(hikari-cp-7.0.2.jar)[https://repo1.maven.org/maven2/com/zaxxer/HikariCP/7.0.2/HikariCP-7.0.2.jar]
[04:58:54] [customfishing-worker-14/INFO]: [CustomFishing] Successfully downloaded mongodb-bson-5.6.2.jar
[04:58:54] [customfishing-worker-14/INFO]: [CustomFishing] Remapping mongodb-bson-5.6.2.jar
[04:58:54] [customfishing-worker-0/INFO]: [CustomFishing] Successfully downloaded hikari-cp-7.0.2.jar
[04:58:54] [customfishing-worker-0/INFO]: [CustomFishing] Remapping hikari-cp-7.0.2.jar
[04:58:54] [customfishing-worker-9/INFO]: [CustomFishing] Successfully remapped cloud-brigadier-2.0.0-beta.14.jar
[04:58:54] [customfishing-worker-9/INFO]: [CustomFishing] Downloading dependency(lz4-java-1.8.0.jar)[https://repo1.maven.org/maven2/org/lz4/lz4-java/1.8.0/lz4-java-1.8.0.jar]
[04:58:54] [customfishing-worker-11/INFO]: [CustomFishing] Successfully downloaded sqlite-driver-3.50.3.0.jar
[04:58:54] [customfishing-worker-9/INFO]: [CustomFishing] Successfully downloaded lz4-java-1.8.0.jar
[04:58:54] [customfishing-worker-9/INFO]: [CustomFishing] Remapping lz4-java-1.8.0.jar
[04:58:54] [customfishing-worker-4/INFO]: [CustomFishing] Successfully remapped geantyref-1.3.16.jar
[04:58:54] [customfishing-worker-10/INFO]: [CustomFishing] Successfully remapped cloud-minecraft-extras-2.0.0-beta.14.jar
[04:58:54] [customfishing-worker-7/INFO]: [CustomFishing] Successfully remapped cloud-bukkit-2.0.0-beta.14.jar
[04:58:54] [customfishing-worker-12/INFO]: [CustomFishing] Successfully remapped commons-pool-2.13.0.jar
[04:58:54] [customfishing-worker-0/INFO]: [CustomFishing] Successfully remapped hikari-cp-7.0.2.jar
[04:58:54] [customfishing-worker-8/INFO]: [CustomFishing] Successfully remapped mongodb-driver-sync-5.6.2.jar
[04:58:54] [customfishing-worker-9/INFO]: [CustomFishing] Successfully remapped lz4-java-1.8.0.jar
[04:58:54] [customfishing-worker-2/INFO]: [CustomFishing] Successfully remapped boosted-yaml-1.3.7.jar
[04:58:55] [customfishing-worker-14/INFO]: [CustomFishing] Successfully remapped mongodb-bson-5.6.2.jar
[04:58:55] [customfishing-worker-5/INFO]: [CustomFishing] Successfully remapped cloud-core-2.0.0.jar
[04:58:55] [customfishing-worker-1/INFO]: [CustomFishing] Successfully remapped mariadb-java-client-3.5.6.jar
[04:58:55] [customfishing-worker-3/INFO]: [CustomFishing] Successfully remapped caffeine-3.2.3.jar
[04:58:55] [customfishing-worker-13/INFO]: [CustomFishing] Successfully remapped jedis-7.1.0.jar
[04:58:55] [customfishing-worker-6/INFO]: [CustomFishing] Successfully remapped mongodb-driver-core-5.6.2.jar
[04:58:55] [customfishing-worker-15/INFO]: [CustomFishing] Successfully remapped mysql-connector-j-9.5.0.jar
[04:58:55] [Server thread/INFO]: [AxGraves] Loading server plugin AxGraves v1.26.0
[04:58:55] [Server thread/INFO]: [voicechat] Loading server plugin voicechat v2.6.11
[04:58:55] [Server thread/INFO]: [Chunker] Loading server plugin Chunker v1.21
[04:58:55] [Server thread/INFO]: [AxVaults] Loading server plugin AxVaults v2.12.0
[04:58:55] [Server thread/INFO]: [CosmeticsCore] Loading server plugin CosmeticsCore v1.3.9
[04:58:55] [Server thread/INFO]: [[38;5;11m⚡[0m] Loading server plugin LagFixer v1.5.1.9 [build 140]
[04:58:55] [Server thread/INFO]: [BetterView] Loading server plugin BetterView v2.1.2
[04:58:55] [Server thread/INFO]: [HuskHomes] Loading server plugin HuskHomes v4.9.10
[04:58:56] [Server thread/INFO]: [HuskHomes] Registered 'on_load' hooks
[04:58:56] [Server thread/INFO]: [HuskHomes] Successfully loaded HuskHomes v4.9.10
[04:58:56] [Server thread/INFO]: [PhoenixCrates] Loading server plugin PhoenixCrates v4.2.3
[04:58:56] [Server thread/INFO]: [Worlds] Loading server plugin Worlds v3.12.2-mc1.21.4
[04:58:56] [Server thread/INFO]: [BetterHud] Loading server plugin BetterHud v1.14.1
[04:58:56] [Server thread/INFO]: [ChatManager] Loading server plugin ChatManager v4.0.3
[04:58:56] [Server thread/INFO]: [InteractionVisualizer] Loading server plugin InteractionVisualizer v1.18.19.0
[04:58:56] [Server thread/INFO]: [AxAFKZone] Loading server plugin AxAFKZone v1.9.0
[04:58:56] [Server thread/INFO]: [BetterRTPAddons] Loading server plugin BetterRTPAddons v1.8.10
[04:58:56] [Server thread/INFO]: [AxTrade] Loading server plugin AxTrade v1.21.2
[04:58:56] [Server thread/INFO]: Server permissions file permissions.yml is empty, ignoring it
[04:58:56] [Server thread/INFO]: [LuckPerms] Enabling LuckPerms v5.5.17
[04:58:56] [ForkJoinPool.commonPool-worker-2/INFO]: [Worlds] You are running the latest version of Worlds
[04:58:56] [Server thread/INFO]:         __    
[04:58:56] [Server thread/INFO]:   |    |__)   LuckPerms v5.5.17
[04:58:56] [Server thread/INFO]:   |___ |      Running on Bukkit - Pluto
[04:58:56] [Server thread/INFO]: 
[04:58:57] [Server thread/INFO]: [LuckPerms] Loading storage provider... [H2]
[04:58:57] [Server thread/INFO]: [LuckPerms] Loading internal permission managers...
[04:58:57] [Server thread/INFO]: [LuckPerms] Performing initial data load...
[04:58:57] [Server thread/INFO]: [LuckPerms] Successfully enabled. (took 1651ms)
[04:58:57] [Server thread/INFO]: [Vault] Enabling Vault v1.7.3-b131
[04:58:57] [Server thread/INFO]: [Vault] [Permission] SuperPermissions loaded as backup permission system.
[04:58:58] [Server thread/INFO]: [Vault] Enabled Version 1.7.3-b131
[04:58:58] [Server thread/INFO]: [LuckPerms] Registered Vault permission & chat hook.
[04:58:58] [Server thread/INFO]: [Blue Slime Core] Enabling BlueSlimeCore v2.9.8.504
[04:58:58] [Server thread/INFO]: [Blue Slime Core] Successfully loaded 3 language(s).
[04:58:58] [Server thread/INFO]: [Blue Slime Core] Detected server as regular SpigotMC/PaperMC (not Folia)
[04:58:58] [Server thread/INFO]: [ProtocolLib] Enabling ProtocolLib v5.4.0
[04:58:58] [Server thread/INFO]: [FastAsyncWorldEdit] Enabling FastAsyncWorldEdit v2.15.0+59372c5
[04:58:58] [Server thread/INFO]: [com.fastasyncworldedit.core.Fawe] LZ4 Compression Binding loaded successfully
[04:58:58] [Server thread/INFO]: [com.fastasyncworldedit.core.Fawe] ZSTD Compression Binding loaded successfully
[04:58:58] [Server thread/INFO]: Registering commands with com.sk89q.worldedit.bukkit.BukkitServerInterface
[04:58:58] [Server thread/INFO]: WEPIF: Vault detected! Using Vault for permissions
[04:58:58] [Server thread/INFO]: Using com.sk89q.worldedit.bukkit.adapter.impl.fawe.v1_21_4.PaperweightFaweAdapter as the Bukkit adapter
[04:58:59] [Server thread/INFO]: [ModelEngine] Enabling ModelEngine vR4.0.9
[04:58:59] [Server thread/WARN]: [ModelEngine] [S] Unable to read the model ID cache file. If the file is missing, ignore this warning.
[04:59:00] [Server thread/WARN]: [ModelEngine] [S] Unable to activate MineSkin skin generation: Empty API Key
[04:59:00] [Server thread/INFO]: [ModelEngine] [S] Loading default skin: Steve
[04:59:00] [Server thread/INFO]: [ModelEngine] [S] Loading default skin: Alex
[04:59:00] [ForkJoinPool.commonPool-worker-2/INFO]: [ModelEngine] [A] Registered default skin: Steve
[04:59:00] [ForkJoinPool.commonPool-worker-3/INFO]: [ModelEngine] [A] Registered default skin: Alex
[04:59:00] [Server thread/INFO]: [SkinsRestorer] Enabling SkinsRestorer v15.9.3
[04:59:01] [Server thread/INFO]: [SkinsRestorer] Running on Minecraft 1.21.4.
[04:59:02] [Server thread/INFO]: [SkinsRestorer] Using paper join listener!
[04:59:02] [Server thread/INFO]: [PlaceholderAPI] Successfully registered internal expansion: skinsrestorer [15.9.3]
[04:59:02] [Server thread/INFO]: [SkinsRestorer] PlaceholderAPI expansion registered!
[04:59:02] [Server thread/INFO]: [Worlds] Enabling Worlds v3.12.2-mc1.21.4
[04:59:02] [Server thread/WARN]: **** SERVER IS RUNNING IN OFFLINE/INSECURE MODE!
[04:59:02] [Server thread/WARN]: The server will make no attempt to authenticate usernames. Beware.
[04:59:02] [Server thread/WARN]: While this makes the game possible to play without internet access, it also opens up the ability for hackers to connect with any username they choose.
[04:59:02] [Server thread/WARN]: To change this, set "online-mode" to "true" in the server.properties file.
[04:59:02] [Server thread/INFO]: Preparing level "world"
[04:59:02] [Folia Async Scheduler Thread #2/INFO]: [SkinsRestorer] ----------------------------------------------
[04:59:02] [Folia Async Scheduler Thread #2/INFO]: [SkinsRestorer]     +==================+
[04:59:02] [Folia Async Scheduler Thread #2/INFO]: [SkinsRestorer]     |   SkinsRestorer  |
[04:59:02] [Folia Async Scheduler Thread #2/INFO]: [SkinsRestorer]     |------------------|
[04:59:02] [Folia Async Scheduler Thread #2/INFO]: [SkinsRestorer]     |  Standalone Mode |
[04:59:02] [Folia Async Scheduler Thread #2/INFO]: [SkinsRestorer]     +==================+
[04:59:02] [Folia Async Scheduler Thread #2/INFO]: [SkinsRestorer] ----------------------------------------------
[04:59:02] [Folia Async Scheduler Thread #2/INFO]: [SkinsRestorer]     Version: 15.9.3
[04:59:02] [Folia Async Scheduler Thread #2/INFO]: [SkinsRestorer]     Commit: 989bf18
[04:59:02] [Folia Async Scheduler Thread #2/INFO]: [SkinsRestorer]     A new version (15.10.0) is available! Downloading update...
[04:59:02] [Folia Async Scheduler Thread #2/INFO]: [SkinsRestorer] ----------------------------------------------
[04:59:02] [Folia Async Scheduler Thread #2/INFO]: [SkinsRestorer] Do you have issues? Read our troubleshooting guide: https://skinsrestorer.net/docs/troubleshooting
[04:59:02] [Folia Async Scheduler Thread #2/INFO]: [SkinsRestorer] Want to support SkinsRestorer? Consider donating: https://skinsrestorer.net/donate
[04:59:02] [Folia Async Scheduler Thread #2/INFO]: [SkinsRestorer] [GitHubUpdate] Downloading update...
[04:59:02] [Folia Async Scheduler Thread #2/INFO]: [SkinsRestorer] [GitHubUpdate] Downloaded update in 186ms
[04:59:02] [Folia Async Scheduler Thread #2/INFO]: [SkinsRestorer] [GitHubUpdate] Update saved as SkinsRestorer.jar
[04:59:02] [Folia Async Scheduler Thread #2/INFO]: [SkinsRestorer] [GitHubUpdate] The update will be loaded on the next server restart
[04:59:24] [Server thread/INFO]: Preparing start region for dimension minecraft:overworld
[04:59:24] [Server thread/INFO]: Preparing spawn area: 2%
[04:59:24] [Server thread/INFO]: Preparing spawn area: 2%
[04:59:25] [Server thread/INFO]: Preparing spawn area: 2%
[04:59:25] [Server thread/INFO]: Preparing spawn area: 18%
[04:59:26] [Server thread/INFO]: Preparing spawn area: 18%
[04:59:26] [Server thread/INFO]: Preparing spawn area: 18%
[04:59:27] [Server thread/INFO]: Preparing spawn area: 46%
[04:59:27] [Server thread/INFO]: Preparing spawn area: 51%
[04:59:28] [Server thread/INFO]: Preparing spawn area: 61%
[04:59:28] [Server thread/INFO]: Time elapsed: 4389 ms
[04:59:28] [Server thread/INFO]: Preparing start region for dimension worlds:spawn
[04:59:28] [Server thread/INFO]: Time elapsed: 1 ms
[04:59:28] [Server thread/INFO]: Preparing start region for dimension minecraft:the_nether
[04:59:28] [Server thread/INFO]: Preparing spawn area: 75%
[04:59:29] [Server thread/INFO]: Preparing spawn area: 75%
[04:59:29] [Server thread/INFO]: Preparing spawn area: 77%
[04:59:30] [Server thread/INFO]: Preparing spawn area: 95%
[04:59:30] [Server thread/INFO]: Preparing spawn area: 97%
[04:59:31] [Server thread/INFO]: Preparing spawn area: 100%
[04:59:31] [Server thread/INFO]: Preparing spawn area: 100%
[04:59:32] [Server thread/INFO]: Preparing spawn area: 100%
[04:59:32] [Server thread/INFO]: Time elapsed: 3692 ms
[04:59:32] [Server thread/INFO]: Preparing start region for dimension minecraft:the_end
[04:59:32] [Server thread/INFO]: Preparing spawn area: 2%
[04:59:33] [Server thread/INFO]: Time elapsed: 459 ms
[04:59:33] [Server thread/INFO]: [PlaceholderAPI] Enabling PlaceholderAPI v2.11.7
[04:59:33] [Server thread/INFO]: [PlaceholderAPI] Fetching available expansion information...
[04:59:33] [Server thread/INFO]: [packetevents] Enabling packetevents v2.11.2
[04:59:33] [packetevents-update-check-thread/INFO]: [packetevents] Checking for updates, please wait...
[04:59:33] [Server thread/INFO]: [WorldGuard] Enabling WorldGuard v7.0.13+82fdc65
[04:59:33] [packetevents-update-check-thread/INFO]: [packetevents] You are running the latest release of PacketEvents. Your build: (2.11.2)
[04:59:33] [Server thread/INFO]: [WorldGuard] Default configuration file written: config.yml
[04:59:33] [Server thread/INFO]: [WorldGuard] Default configuration file written: config_world.yml
[04:59:33] [Server thread/INFO]: [WorldGuard] Default configuration file written: blacklist.txt
[04:59:33] [Server thread/INFO]: [WorldGuard] (world) TNT ignition is PERMITTED.
[04:59:33] [Server thread/INFO]: [WorldGuard] (world) Lighters are PERMITTED.
[04:59:33] [Server thread/INFO]: [WorldGuard] (world) Lava fire is PERMITTED.
[04:59:33] [Server thread/INFO]: [WorldGuard] (world) Fire spread is UNRESTRICTED.
[04:59:33] [Server thread/INFO]: [WorldGuard] Loaded configuration for world 'world'
[04:59:33] [Server thread/INFO]: [WorldGuard] Default configuration file written: config_world.yml
[04:59:33] [Server thread/INFO]: [WorldGuard] Default configuration file written: blacklist.txt
[04:59:33] [Server thread/INFO]: [WorldGuard] (world_nether) TNT ignition is PERMITTED.
[04:59:33] [Server thread/INFO]: [WorldGuard] (world_nether) Lighters are PERMITTED.
[04:59:33] [Server thread/INFO]: [WorldGuard] (world_nether) Lava fire is PERMITTED.
[04:59:33] [Server thread/INFO]: [WorldGuard] (world_nether) Fire spread is UNRESTRICTED.
[04:59:33] [Server thread/INFO]: [WorldGuard] Loaded configuration for world 'world_nether'
[04:59:33] [Server thread/INFO]: [WorldGuard] Default configuration file written: config_world.yml
[04:59:33] [Server thread/INFO]: [WorldGuard] Default configuration file written: blacklist.txt
[04:59:33] [Server thread/INFO]: [WorldGuard] (world_the_end) TNT ignition is PERMITTED.
[04:59:33] [Server thread/INFO]: [WorldGuard] (world_the_end) Lighters are PERMITTED.
[04:59:33] [Server thread/INFO]: [WorldGuard] (world_the_end) Lava fire is PERMITTED.
[04:59:33] [Server thread/INFO]: [WorldGuard] (world_the_end) Fire spread is UNRESTRICTED.
[04:59:33] [Server thread/INFO]: [WorldGuard] Loaded configuration for world 'world_the_end'
[04:59:33] [Server thread/INFO]: [WorldGuard] Default configuration file written: config_world.yml
[04:59:33] [Server thread/INFO]: [WorldGuard] Default configuration file written: blacklist.txt
[04:59:33] [Server thread/INFO]: [WorldGuard] (spawn) TNT ignition is PERMITTED.
[04:59:33] [Server thread/INFO]: [WorldGuard] (spawn) Lighters are PERMITTED.
[04:59:33] [Server thread/INFO]: [WorldGuard] (spawn) Lava fire is PERMITTED.
[04:59:33] [Server thread/INFO]: [WorldGuard] (spawn) Fire spread is UNRESTRICTED.
[04:59:33] [Server thread/INFO]: [WorldGuard] Loaded configuration for world 'spawn'
[04:59:33] [Server thread/INFO]: [WorldGuard] Loading region data...
[04:59:33] [Server thread/INFO]: [WorldGuard] Unloading and saving region data that is currently loaded...
[04:59:33] [Server thread/INFO]: [WorldGuard] Loading region data for loaded worlds...
[04:59:33] [Server thread/INFO]: [WorldGuard] Loading region data...
[04:59:33] [Server thread/INFO]: [WorldGuard] Regions saved after UUID migration! This won't happen again unless you change the relevant configuration option in WorldGuard's config.
[04:59:33] [Server thread/INFO]: [LibsDisguises] Enabling LibsDisguises v11.0.14
[04:59:34] [Server thread/INFO]: [LibsDisguises] File Name: LibsDisguises-11.0.14-Premium.jar
[04:59:34] [Server thread/INFO]: [LibsDisguises] Discovered nms version (LD: v1_21_R3) (MC: 1.21.4)
[04:59:34] [Server thread/INFO]: [LibsDisguises] Jenkins Build: #1729
[04:59:34] [Server thread/INFO]: [LibsDisguises] Build Date: 27/12/2025 00:48
[04:59:34] [Server thread/INFO]: [LibsDisguises] Build Hash: c93e045b~1
[04:59:34] [Server thread/INFO]: [LibsDisguises] Registered to: 310075 (16)
[04:59:34] [Server thread/INFO]: [LibsDisguises] Added LibsDisguises-11.0.14-Premium.jar to the 'plugins/LibsDisguises/' folder! You can use dev builds with premium enabled!
[04:59:34] [Server thread/INFO]: [LibsDisguises] Premium enabled, thank you for supporting Lib's Disguises!
[04:59:34] [Server thread/INFO]: [LibsDisguises] Config 'TallSelfDisguises' is set to 'SCALED', LD will scale down (when possible) oversized disguises from self disguise. https://www.spigotmc.org/wiki/lib-s-disguises-faq/#tall-disguises-self-disguises
[04:59:34] [Server thread/INFO]: [com.github.retrooper.packetevents.PacketEventsAPI] Loading block mappings for V_1_21_4/17...
[04:59:34] [Server thread/INFO]: [com.github.retrooper.packetevents.PacketEventsAPI] Finished loading block mappings for V_1_21_4/17 in 309.100257ms
[04:59:35] [Server thread/INFO]: [LibsDisguises] Translations for DISGUISES missing! Saving..
[04:59:35] [Server thread/INFO]: [LibsDisguises] Translations for MESSAGES missing! Saving..
[04:59:35] [Server thread/INFO]: [LibsDisguises] Translations for DISGUISE_OPTIONS missing! Saving..
[04:59:35] [Server thread/INFO]: [LibsDisguises] Translations for DISGUISE_OPTIONS_PARAMETERS missing! Saving..
[04:59:35] [Server thread/INFO]: [LibsDisguises] Translations for DISGUISE_ANIMATIONS missing! Saving..
[04:59:35] [Server thread/INFO]: [LibsDisguises] Saved 241 translations that were not in disguises.yml
[04:59:35] [Server thread/INFO]: [LibsDisguises] Saved 304 translations that were not in messages.yml
[04:59:35] [Server thread/INFO]: [LibsDisguises] Saved 236 translations that were not in disguise_options.yml
[04:59:35] [Server thread/INFO]: [LibsDisguises] Saved 2339 translations that were not in disguise_option_parameters.yml
[04:59:35] [Server thread/INFO]: [LibsDisguises] Saved 63 translations that were not in disguise_animations.yml
[04:59:35] [Server thread/INFO]: [LibsDisguises] Config is up to date!
[04:59:35] [Server thread/INFO]: [PlaceholderAPI] Successfully registered internal expansion: libsdisguises [1.0.0]
[04:59:35] [Server thread/INFO]: [LibsDisguises] PlaceholderAPI support enabled
[04:59:35] [Server thread/INFO]: [ModelEngine] [S] Compatibility applied: LibsDisguises
[04:59:35] [Server thread/INFO]: [MythicMobs] Enabling MythicMobs v5.11.1-de409cac
[04:59:36] [Server thread/INFO]: [MythicMobs] Loading MythicMobs for Paper (MC: 1.21.4)...
[04:59:36] [Server thread/INFO]: [MythicMobs] The server is running Paper; enabled Paper exclusive functionality
[04:59:37] [Server thread/INFO]: [MythicMobs] Mythic LibsDisguises Support has been enabled!
[04:59:37] [Server thread/INFO]: [MythicMobs] Mythic MMOItems Support has been enabled!
[04:59:37] [Server thread/INFO]: [PlaceholderAPI] Successfully registered internal expansion: mythic [5.0.0]
[04:59:37] [Server thread/INFO]: [MythicMobs] Mythic PlaceholderAPI Support has been enabled!
[04:59:37] [Server thread/INFO]: [MythicMobs] Mythic Vault Support has been enabled!
[04:59:37] [Server thread/INFO]: [MythicMobs] Mythic WorldGuard Support has been enabled!
[04:59:37] [Server thread/INFO]: [MythicMobs] Mythic ShopGUIPlus Support has been enabled!
[04:59:39] [Server thread/INFO]: [MythicMobs] Loading Packs...
[04:59:39] [Server thread/INFO]: [MythicMobs] Loading Items...
[04:59:39] [Server thread/INFO]: [MythicMobs] File ExampleItems.yml not found! Creating a new one...
[04:59:39] [Server thread/ERROR]: [MythicMobs] An error occurred while loading MythicConfig file /workspaces/urban-happiness/servidor_minecraft/plugins/MythicMobs/items/DragonEarthItems.yml:
[04:59:39] [Server thread/WARN]: org.bukkit.configuration.InvalidConfigurationException: expected '<document start>', but found '<block mapping start>'
[04:59:39] [Server thread/WARN]:  in 'reader', line 44, column 1:
[04:59:39] [Server thread/WARN]:     DragonEarthTrophy: 
[04:59:39] [Server thread/WARN]:     ^
[04:59:39] [Server thread/WARN]: 
[04:59:39] [Server thread/WARN]: 	at org.bukkit.configuration.file.YamlConfiguration.loadFromString(YamlConfiguration.java:112)
[04:59:39] [Server thread/WARN]: 	at org.bukkit.configuration.file.FileConfiguration.load(FileConfiguration.java:160)
[04:59:39] [Server thread/WARN]: 	at org.bukkit.configuration.file.FileConfiguration.load(FileConfiguration.java:128)
[04:59:39] [Server thread/WARN]: 	at MythicMobs-5.11.1.jar//io.lumine.mythic.core.config.MythicConfigImpl.<init>(MythicConfigImpl.java:65)
[04:59:39] [Server thread/WARN]: 	at MythicMobs-5.11.1.jar//io.lumine.mythic.core.config.MythicConfigImpl.<init>(MythicConfigImpl.java:49)
[04:59:39] [Server thread/WARN]: 	at MythicMobs-5.11.1.jar//io.lumine.mythic.core.items.ItemExecutor.loadItems(ItemExecutor.java:78)
[04:59:39] [Server thread/WARN]: 	at MythicMobs-5.11.1.jar//io.lumine.mythic.core.items.ItemExecutor.load(ItemExecutor.java:51)
[04:59:39] [Server thread/WARN]: 	at MythicMobs-5.11.1.jar//io.lumine.mythic.core.config.ConfigExecutor.load(ConfigExecutor.java:462)
[04:59:39] [Server thread/WARN]: 	at MythicMobs-5.11.1.jar//io.lumine.mythic.bukkit.MythicBukkit.enable(MythicBukkit.java:200)
[04:59:39] [Server thread/WARN]: 	at MythicMobs-5.11.1.jar//io.lumine.mythic.bukkit.utils.plugin.LuminePlugin.onEnable(LuminePlugin.java:81)
[04:59:39] [Server thread/WARN]: 	at org.bukkit.plugin.java.JavaPlugin.setEnabled(JavaPlugin.java:280)
[04:59:39] [Server thread/WARN]: 	at io.papermc.paper.plugin.manager.PaperPluginInstanceManager.enablePlugin(PaperPluginInstanceManager.java:202)
[04:59:39] [Server thread/WARN]: 	at io.papermc.paper.plugin.manager.PaperPluginManagerImpl.enablePlugin(PaperPluginManagerImpl.java:109)
[04:59:39] [Server thread/WARN]: 	at org.bukkit.plugin.SimplePluginManager.enablePlugin(SimplePluginManager.java:520)
[04:59:39] [Server thread/WARN]: 	at org.bukkit.craftbukkit.CraftServer.enablePlugin(CraftServer.java:658)
[04:59:39] [Server thread/WARN]: 	at org.bukkit.craftbukkit.CraftServer.enablePlugins(CraftServer.java:607)
[04:59:39] [Server thread/WARN]: 	at net.minecraft.server.MinecraftServer.loadWorld0(MinecraftServer.java:744)
[04:59:39] [Server thread/WARN]: 	at net.minecraft.server.MinecraftServer.loadLevel(MinecraftServer.java:489)
[04:59:39] [Server thread/WARN]: 	at net.minecraft.server.dedicated.DedicatedServer.initServer(DedicatedServer.java:325)
[04:59:39] [Server thread/WARN]: 	at net.minecraft.server.MinecraftServer.runServer(MinecraftServer.java:1164)
[04:59:39] [Server thread/WARN]: 	at net.minecraft.server.MinecraftServer.lambda$spin$2(MinecraftServer.java:311)
[04:59:39] [Server thread/WARN]: 	at java.base/java.lang.Thread.run(Thread.java:1583)
[04:59:39] [Server thread/WARN]: Caused by: expected '<document start>', but found '<block mapping start>'
[04:59:39] [Server thread/WARN]:  in 'reader', line 44, column 1:
[04:59:39] [Server thread/WARN]:     DragonEarthTrophy: 
[04:59:39] [Server thread/WARN]:     ^
[04:59:39] [Server thread/WARN]: 
[04:59:39] [Server thread/WARN]: 	at org.yaml.snakeyaml.parser.ParserImpl$ParseDocumentStart.produce(ParserImpl.java:250)
[04:59:39] [Server thread/WARN]: 	at org.yaml.snakeyaml.parser.ParserImpl.peekEvent(ParserImpl.java:161)
[04:59:39] [Server thread/WARN]: 	at org.yaml.snakeyaml.parser.ParserImpl.checkEvent(ParserImpl.java:152)
[04:59:39] [Server thread/WARN]: 	at org.yaml.snakeyaml.composer.Composer.getSingleNode(Composer.java:160)
[04:59:39] [Server thread/WARN]: 	at org.yaml.snakeyaml.Yaml.compose(Yaml.java:575)
[04:59:39] [Server thread/WARN]: 	at org.bukkit.configuration.file.YamlConfiguration.loadFromString(YamlConfiguration.java:105)
[04:59:39] [Server thread/WARN]: 	... 21 more
[04:59:39] [Server thread/WARN]: org.bukkit.configuration.InvalidConfigurationException: expected '<document start>', but found '<block mapping start>'
[04:59:39] [Server thread/WARN]:  in 'reader', line 44, column 1:
[04:59:39] [Server thread/WARN]:     DragonEarthTrophy: 
[04:59:39] [Server thread/WARN]:     ^
[04:59:39] [Server thread/WARN]: 
[04:59:39] [Server thread/WARN]: 	at org.bukkit.configuration.file.YamlConfiguration.loadFromString(YamlConfiguration.java:112)
[04:59:39] [Server thread/WARN]: 	at org.bukkit.configuration.file.FileConfiguration.load(FileConfiguration.java:160)
[04:59:39] [Server thread/WARN]: 	at org.bukkit.configuration.file.FileConfiguration.load(FileConfiguration.java:128)
[04:59:39] [Server thread/WARN]: 	at MythicMobs-5.11.1.jar//io.lumine.mythic.core.config.MythicConfigImpl.<init>(MythicConfigImpl.java:71)
[04:59:39] [Server thread/WARN]: 	at MythicMobs-5.11.1.jar//io.lumine.mythic.core.config.MythicConfigImpl.<init>(MythicConfigImpl.java:49)
[04:59:39] [Server thread/WARN]: 	at MythicMobs-5.11.1.jar//io.lumine.mythic.core.items.ItemExecutor.loadItems(ItemExecutor.java:78)
[04:59:39] [Server thread/WARN]: 	at MythicMobs-5.11.1.jar//io.lumine.mythic.core.items.ItemExecutor.load(ItemExecutor.java:51)
[04:59:39] [Server thread/WARN]: 	at MythicMobs-5.11.1.jar//io.lumine.mythic.core.config.ConfigExecutor.load(ConfigExecutor.java:462)
[04:59:39] [Server thread/WARN]: 	at MythicMobs-5.11.1.jar//io.lumine.mythic.bukkit.MythicBukkit.enable(MythicBukkit.java:200)
[04:59:39] [Server thread/WARN]: 	at MythicMobs-5.11.1.jar//io.lumine.mythic.bukkit.utils.plugin.LuminePlugin.onEnable(LuminePlugin.java:81)
[04:59:39] [Server thread/WARN]: 	at org.bukkit.plugin.java.JavaPlugin.setEnabled(JavaPlugin.java:280)
[04:59:39] [Server thread/WARN]: 	at io.papermc.paper.plugin.manager.PaperPluginInstanceManager.enablePlugin(PaperPluginInstanceManager.java:202)
[04:59:39] [Server thread/WARN]: 	at io.papermc.paper.plugin.manager.PaperPluginManagerImpl.enablePlugin(PaperPluginManagerImpl.java:109)
[04:59:39] [Server thread/WARN]: 	at org.bukkit.plugin.SimplePluginManager.enablePlugin(SimplePluginManager.java:520)
[04:59:39] [Server thread/WARN]: 	at org.bukkit.craftbukkit.CraftServer.enablePlugin(CraftServer.java:658)
[04:59:39] [Server thread/WARN]: 	at org.bukkit.craftbukkit.CraftServer.enablePlugins(CraftServer.java:607)
[04:59:39] [Server thread/WARN]: 	at net.minecraft.server.MinecraftServer.loadWorld0(MinecraftServer.java:744)
[04:59:39] [Server thread/WARN]: 	at net.minecraft.server.MinecraftServer.loadLevel(MinecraftServer.java:489)
[04:59:39] [Server thread/WARN]: 	at net.minecraft.server.dedicated.DedicatedServer.initServer(DedicatedServer.java:325)
[04:59:39] [Server thread/WARN]: 	at net.minecraft.server.MinecraftServer.runServer(MinecraftServer.java:1164)
[04:59:39] [Server thread/WARN]: 	at net.minecraft.server.MinecraftServer.lambda$spin$2(MinecraftServer.java:311)
[04:59:39] [Server thread/WARN]: 	at java.base/java.lang.Thread.run(Thread.java:1583)
[04:59:39] [Server thread/WARN]: Caused by: expected '<document start>', but found '<block mapping start>'
[04:59:39] [Server thread/WARN]:  in 'reader', line 44, column 1:
[04:59:39] [Server thread/WARN]:     DragonEarthTrophy: 
[04:59:39] [Server thread/WARN]:     ^
[04:59:39] [Server thread/WARN]: 
[04:59:39] [Server thread/WARN]: 	at org.yaml.snakeyaml.parser.ParserImpl$ParseDocumentStart.produce(ParserImpl.java:250)
[04:59:39] [Server thread/WARN]: 	at org.yaml.snakeyaml.parser.ParserImpl.peekEvent(ParserImpl.java:161)
[04:59:39] [Server thread/WARN]: 	at org.yaml.snakeyaml.parser.ParserImpl.checkEvent(ParserImpl.java:152)
[04:59:39] [Server thread/WARN]: 	at org.yaml.snakeyaml.composer.Composer.getSingleNode(Composer.java:160)
[04:59:39] [Server thread/WARN]: 	at org.yaml.snakeyaml.Yaml.compose(Yaml.java:575)
[04:59:39] [Server thread/WARN]: 	at org.bukkit.configuration.file.YamlConfiguration.loadFromString(YamlConfiguration.java:105)
[04:59:39] [Server thread/WARN]: 	... 21 more
[04:59:39] [Server thread/ERROR]: Cannot load /workspaces/urban-happiness/servidor_minecraft/plugins/MythicMobs/items/DragonEarthItems.yml
org.bukkit.configuration.InvalidConfigurationException: expected '<document start>', but found '<block mapping start>'
 in 'reader', line 44, column 1:
    DragonEarthTrophy: 
    ^

	at org.bukkit.configuration.file.YamlConfiguration.loadFromString(YamlConfiguration.java:112) ~[pluto-api-1.21.4-R0.1-SNAPSHOT.jar:?]
	at org.bukkit.configuration.file.FileConfiguration.load(FileConfiguration.java:160) ~[pluto-api-1.21.4-R0.1-SNAPSHOT.jar:?]
	at org.bukkit.configuration.file.FileConfiguration.load(FileConfiguration.java:128) ~[pluto-api-1.21.4-R0.1-SNAPSHOT.jar:?]
	at org.bukkit.configuration.file.YamlConfiguration.loadConfiguration(YamlConfiguration.java:310) ~[pluto-api-1.21.4-R0.1-SNAPSHOT.jar:?]
	at MythicMobs-5.11.1.jar/io.lumine.mythic.bukkit.utils.config.properties.types.NodeListProp.getNodes(NodeListProp.java:43) ~[MythicMobs-5.11.1.jar:?]
	at MythicMobs-5.11.1.jar/io.lumine.mythic.core.items.ItemExecutor.loadItems(ItemExecutor.java:80) ~[MythicMobs-5.11.1.jar:?]
	at MythicMobs-5.11.1.jar/io.lumine.mythic.core.items.ItemExecutor.load(ItemExecutor.java:51) ~[MythicMobs-5.11.1.jar:?]
	at MythicMobs-5.11.1.jar/io.lumine.mythic.core.config.ConfigExecutor.load(ConfigExecutor.java:462) ~[MythicMobs-5.11.1.jar:?]
	at MythicMobs-5.11.1.jar/io.lumine.mythic.bukkit.MythicBukkit.enable(MythicBukkit.java:200) ~[MythicMobs-5.11.1.jar:?]
	at MythicMobs-5.11.1.jar/io.lumine.mythic.bukkit.utils.plugin.LuminePlugin.onEnable(LuminePlugin.java:81) ~[MythicMobs-5.11.1.jar:?]
	at org.bukkit.plugin.java.JavaPlugin.setEnabled(JavaPlugin.java:280) ~[pluto-api-1.21.4-R0.1-SNAPSHOT.jar:?]
	at io.papermc.paper.plugin.manager.PaperPluginInstanceManager.enablePlugin(PaperPluginInstanceManager.java:202) ~[pluto-1.21.4.jar:1.21.4-37-412ab86]
	at io.papermc.paper.plugin.manager.PaperPluginManagerImpl.enablePlugin(PaperPluginManagerImpl.java:109) ~[pluto-1.21.4.jar:1.21.4-37-412ab86]
	at org.bukkit.plugin.SimplePluginManager.enablePlugin(SimplePluginManager.java:520) ~[pluto-api-1.21.4-R0.1-SNAPSHOT.jar:?]
	at org.bukkit.craftbukkit.CraftServer.enablePlugin(CraftServer.java:658) ~[pluto-1.21.4.jar:1.21.4-37-412ab86]
	at org.bukkit.craftbukkit.CraftServer.enablePlugins(CraftServer.java:607) ~[pluto-1.21.4.jar:1.21.4-37-412ab86]
	at net.minecraft.server.MinecraftServer.loadWorld0(MinecraftServer.java:744) ~[pluto-1.21.4.jar:1.21.4-37-412ab86]
	at net.minecraft.server.MinecraftServer.loadLevel(MinecraftServer.java:489) ~[pluto-1.21.4.jar:1.21.4-37-412ab86]
	at net.minecraft.server.dedicated.DedicatedServer.initServer(DedicatedServer.java:325) ~[pluto-1.21.4.jar:1.21.4-37-412ab86]
	at net.minecraft.server.MinecraftServer.runServer(MinecraftServer.java:1164) ~[pluto-1.21.4.jar:1.21.4-37-412ab86]
	at net.minecraft.server.MinecraftServer.lambda$spin$2(MinecraftServer.java:311) ~[pluto-1.21.4.jar:1.21.4-37-412ab86]
	at java.base/java.lang.Thread.run(Thread.java:1583) ~[?:?]
Caused by: org.yaml.snakeyaml.parser.ParserException: expected '<document start>', but found '<block mapping start>'
 in 'reader', line 44, column 1:
    DragonEarthTrophy: 
    ^

	at org.yaml.snakeyaml.parser.ParserImpl$ParseDocumentStart.produce(ParserImpl.java:250) ~[snakeyaml-2.2.jar:?]
	at org.yaml.snakeyaml.parser.ParserImpl.peekEvent(ParserImpl.java:161) ~[snakeyaml-2.2.jar:?]
	at org.yaml.snakeyaml.parser.ParserImpl.checkEvent(ParserImpl.java:152) ~[snakeyaml-2.2.jar:?]
	at org.yaml.snakeyaml.composer.Composer.getSingleNode(Composer.java:160) ~[snakeyaml-2.2.jar:?]
	at org.yaml.snakeyaml.Yaml.compose(Yaml.java:575) ~[snakeyaml-2.2.jar:?]
	at org.bukkit.configuration.file.YamlConfiguration.loadFromString(YamlConfiguration.java:105) ~[pluto-api-1.21.4-R0.1-SNAPSHOT.jar:?]
	... 21 more
[04:59:40] [Server thread/ERROR]: [MythicMobs] An error occurred while loading MythicConfig file /workspaces/urban-happiness/servidor_minecraft/plugins/MythicMobs/packs/Nocsy/Items/nocsy_fantasypack_vol1_items.yml:
[04:59:40] [Server thread/WARN]: org.bukkit.configuration.InvalidConfigurationException: expected '<document start>', but found '<block mapping start>'
[04:59:40] [Server thread/WARN]:  in 'reader', line 6, column 1:
[04:59:40] [Server thread/WARN]:     Nocsy_Ganondorf_Sword:
[04:59:40] [Server thread/WARN]:     ^
[04:59:40] [Server thread/WARN]: 
[04:59:40] [Server thread/WARN]: 	at org.bukkit.configuration.file.YamlConfiguration.loadFromString(YamlConfiguration.java:112)
[04:59:40] [Server thread/WARN]: 	at org.bukkit.configuration.file.FileConfiguration.load(FileConfiguration.java:160)
[04:59:40] [Server thread/WARN]: 	at org.bukkit.configuration.file.FileConfiguration.load(FileConfiguration.java:128)
[04:59:40] [Server thread/WARN]: 	at MythicMobs-5.11.1.jar//io.lumine.mythic.core.config.MythicConfigImpl.<init>(MythicConfigImpl.java:65)
[04:59:40] [Server thread/WARN]: 	at MythicMobs-5.11.1.jar//io.lumine.mythic.core.config.MythicConfigImpl.<init>(MythicConfigImpl.java:49)
[04:59:40] [Server thread/WARN]: 	at MythicMobs-5.11.1.jar//io.lumine.mythic.core.items.ItemExecutor.loadItems(ItemExecutor.java:78)
[04:59:40] [Server thread/WARN]: 	at MythicMobs-5.11.1.jar//io.lumine.mythic.core.items.ItemExecutor.load(ItemExecutor.java:51)
[04:59:40] [Server thread/WARN]: 	at MythicMobs-5.11.1.jar//io.lumine.mythic.core.config.ConfigExecutor.load(ConfigExecutor.java:462)
[04:59:40] [Server thread/WARN]: 	at MythicMobs-5.11.1.jar//io.lumine.mythic.bukkit.MythicBukkit.enable(MythicBukkit.java:200)
[04:59:40] [Server thread/WARN]: 	at MythicMobs-5.11.1.jar//io.lumine.mythic.bukkit.utils.plugin.LuminePlugin.onEnable(LuminePlugin.java:81)
[04:59:40] [Server thread/WARN]: 	at org.bukkit.plugin.java.JavaPlugin.setEnabled(JavaPlugin.java:280)
[04:59:40] [Server thread/WARN]: 	at io.papermc.paper.plugin.manager.PaperPluginInstanceManager.enablePlugin(PaperPluginInstanceManager.java:202)
[04:59:40] [Server thread/WARN]: 	at io.papermc.paper.plugin.manager.PaperPluginManagerImpl.enablePlugin(PaperPluginManagerImpl.java:109)
[04:59:40] [Server thread/WARN]: 	at org.bukkit.plugin.SimplePluginManager.enablePlugin(SimplePluginManager.java:520)
[04:59:40] [Server thread/WARN]: 	at org.bukkit.craftbukkit.CraftServer.enablePlugin(CraftServer.java:658)
[04:59:40] [Server thread/WARN]: 	at org.bukkit.craftbukkit.CraftServer.enablePlugins(CraftServer.java:607)
[04:59:40] [Server thread/WARN]: 	at net.minecraft.server.MinecraftServer.loadWorld0(MinecraftServer.java:744)
[04:59:40] [Server thread/WARN]: 	at net.minecraft.server.MinecraftServer.loadLevel(MinecraftServer.java:489)
[04:59:40] [Server thread/WARN]: 	at net.minecraft.server.dedicated.DedicatedServer.initServer(DedicatedServer.java:325)
[04:59:40] [Server thread/WARN]: 	at net.minecraft.server.MinecraftServer.runServer(MinecraftServer.java:1164)
[04:59:40] [Server thread/WARN]: 	at net.minecraft.server.MinecraftServer.lambda$spin$2(MinecraftServer.java:311)
[04:59:40] [Server thread/WARN]: 	at java.base/java.lang.Thread.run(Thread.java:1583)
[04:59:40] [Server thread/WARN]: Caused by: expected '<document start>', but found '<block mapping start>'
[04:59:40] [Server thread/WARN]:  in 'reader', line 6, column 1:
[04:59:40] [Server thread/WARN]:     Nocsy_Ganondorf_Sword:
[04:59:40] [Server thread/WARN]:     ^
[04:59:40] [Server thread/WARN]: 
[04:59:40] [Server thread/WARN]: 	at org.yaml.snakeyaml.parser.ParserImpl$ParseDocumentStart.produce(ParserImpl.java:250)
[04:59:40] [Server thread/WARN]: 	at org.yaml.snakeyaml.parser.ParserImpl.peekEvent(ParserImpl.java:161)
[04:59:40] [Server thread/WARN]: 	at org.yaml.snakeyaml.parser.ParserImpl.checkEvent(ParserImpl.java:152)
[04:59:40] [Server thread/WARN]: 	at org.yaml.snakeyaml.composer.Composer.getSingleNode(Composer.java:160)
[04:59:40] [Server thread/WARN]: 	at org.yaml.snakeyaml.Yaml.compose(Yaml.java:575)
[04:59:40] [Server thread/WARN]: 	at org.bukkit.configuration.file.YamlConfiguration.loadFromString(YamlConfiguration.java:105)
[04:59:40] [Server thread/WARN]: 	... 21 more
[04:59:40] [Server thread/WARN]: org.bukkit.configuration.InvalidConfigurationException: expected '<document start>', but found '<block mapping start>'
[04:59:40] [Server thread/WARN]:  in 'reader', line 6, column 1:
[04:59:40] [Server thread/WARN]:     Nocsy_Ganondorf_Sword:
[04:59:40] [Server thread/WARN]:     ^
[04:59:40] [Server thread/WARN]: 
[04:59:40] [Server thread/WARN]: 	at org.bukkit.configuration.file.YamlConfiguration.loadFromString(YamlConfiguration.java:112)
[04:59:40] [Server thread/WARN]: 	at org.bukkit.configuration.file.FileConfiguration.load(FileConfiguration.java:160)
[04:59:40] [Server thread/WARN]: 	at org.bukkit.configuration.file.FileConfiguration.load(FileConfiguration.java:128)
[04:59:40] [Server thread/WARN]: 	at MythicMobs-5.11.1.jar//io.lumine.mythic.core.config.MythicConfigImpl.<init>(MythicConfigImpl.java:71)
[04:59:40] [Server thread/WARN]: 	at MythicMobs-5.11.1.jar//io.lumine.mythic.core.config.MythicConfigImpl.<init>(MythicConfigImpl.java:49)
[04:59:40] [Server thread/WARN]: 	at MythicMobs-5.11.1.jar//io.lumine.mythic.core.items.ItemExecutor.loadItems(ItemExecutor.java:78)
[04:59:40] [Server thread/WARN]: 	at MythicMobs-5.11.1.jar//io.lumine.mythic.core.items.ItemExecutor.load(ItemExecutor.java:51)
[04:59:40] [Server thread/WARN]: 	at MythicMobs-5.11.1.jar//io.lumine.mythic.core.config.ConfigExecutor.load(ConfigExecutor.java:462)
[04:59:40] [Server thread/WARN]: 	at MythicMobs-5.11.1.jar//io.lumine.mythic.bukkit.MythicBukkit.enable(MythicBukkit.java:200)
[04:59:40] [Server thread/WARN]: 	at MythicMobs-5.11.1.jar//io.lumine.mythic.bukkit.utils.plugin.LuminePlugin.onEnable(LuminePlugin.java:81)
[04:59:40] [Server thread/WARN]: 	at org.bukkit.plugin.java.JavaPlugin.setEnabled(JavaPlugin.java:280)
[04:59:40] [Server thread/WARN]: 	at io.papermc.paper.plugin.manager.PaperPluginInstanceManager.enablePlugin(PaperPluginInstanceManager.java:202)
[04:59:40] [Server thread/WARN]: 	at io.papermc.paper.plugin.manager.PaperPluginManagerImpl.enablePlugin(PaperPluginManagerImpl.java:109)
[04:59:40] [Server thread/WARN]: 	at org.bukkit.plugin.SimplePluginManager.enablePlugin(SimplePluginManager.java:520)
[04:59:40] [Server thread/WARN]: 	at org.bukkit.craftbukkit.CraftServer.enablePlugin(CraftServer.java:658)
[04:59:40] [Server thread/WARN]: 	at org.bukkit.craftbukkit.CraftServer.enablePlugins(CraftServer.java:607)
[04:59:40] [Server thread/WARN]: 	at net.minecraft.server.MinecraftServer.loadWorld0(MinecraftServer.java:744)
[04:59:40] [Server thread/WARN]: 	at net.minecraft.server.MinecraftServer.loadLevel(MinecraftServer.java:489)
[04:59:40] [Server thread/WARN]: 	at net.minecraft.server.dedicated.DedicatedServer.initServer(DedicatedServer.java:325)
[04:59:40] [Server thread/WARN]: 	at net.minecraft.server.MinecraftServer.runServer(MinecraftServer.java:1164)
[04:59:40] [Server thread/WARN]: 	at net.minecraft.server.MinecraftServer.lambda$spin$2(MinecraftServer.java:311)
[04:59:40] [Server thread/WARN]: 	at java.base/java.lang.Thread.run(Thread.java:1583)
[04:59:40] [Server thread/WARN]: Caused by: expected '<document start>', but found '<block mapping start>'
[04:59:40] [Server thread/WARN]:  in 'reader', line 6, column 1:
[04:59:40] [Server thread/WARN]:     Nocsy_Ganondorf_Sword:
[04:59:40] [Server thread/WARN]:     ^
[04:59:40] [Server thread/WARN]: 
[04:59:40] [Server thread/WARN]: 	at org.yaml.snakeyaml.parser.ParserImpl$ParseDocumentStart.produce(ParserImpl.java:250)
[04:59:40] [Server thread/WARN]: 	at org.yaml.snakeyaml.parser.ParserImpl.peekEvent(ParserImpl.java:161)
[04:59:40] [Server thread/WARN]: 	at org.yaml.snakeyaml.parser.ParserImpl.checkEvent(ParserImpl.java:152)
[04:59:40] [Server thread/WARN]: 	at org.yaml.snakeyaml.composer.Composer.getSingleNode(Composer.java:160)
[04:59:40] [Server thread/WARN]: 	at org.yaml.snakeyaml.Yaml.compose(Yaml.java:575)
[04:59:40] [Server thread/WARN]: 	at org.bukkit.configuration.file.YamlConfiguration.loadFromString(YamlConfiguration.java:105)
[04:59:40] [Server thread/WARN]: 	... 21 more
[04:59:40] [Server thread/ERROR]: Cannot load /workspaces/urban-happiness/servidor_minecraft/plugins/MythicMobs/packs/Nocsy/Items/nocsy_fantasypack_vol1_items.yml
org.bukkit.configuration.InvalidConfigurationException: expected '<document start>', but found '<block mapping start>'
 in 'reader', line 6, column 1:
    Nocsy_Ganondorf_Sword:
    ^

	at org.bukkit.configuration.file.YamlConfiguration.loadFromString(YamlConfiguration.java:112) ~[pluto-api-1.21.4-R0.1-SNAPSHOT.jar:?]
	at org.bukkit.configuration.file.FileConfiguration.load(FileConfiguration.java:160) ~[pluto-api-1.21.4-R0.1-SNAPSHOT.jar:?]
	at org.bukkit.configuration.file.FileConfiguration.load(FileConfiguration.java:128) ~[pluto-api-1.21.4-R0.1-SNAPSHOT.jar:?]
	at org.bukkit.configuration.file.YamlConfiguration.loadConfiguration(YamlConfiguration.java:310) ~[pluto-api-1.21.4-R0.1-SNAPSHOT.jar:?]
	at MythicMobs-5.11.1.jar/io.lumine.mythic.bukkit.utils.config.properties.types.NodeListProp.getNodes(NodeListProp.java:43) ~[MythicMobs-5.11.1.jar:?]
	at MythicMobs-5.11.1.jar/io.lumine.mythic.core.items.ItemExecutor.loadItems(ItemExecutor.java:80) ~[MythicMobs-5.11.1.jar:?]
	at MythicMobs-5.11.1.jar/io.lumine.mythic.core.items.ItemExecutor.load(ItemExecutor.java:51) ~[MythicMobs-5.11.1.jar:?]
	at MythicMobs-5.11.1.jar/io.lumine.mythic.core.config.ConfigExecutor.load(ConfigExecutor.java:462) ~[MythicMobs-5.11.1.jar:?]
	at MythicMobs-5.11.1.jar/io.lumine.mythic.bukkit.MythicBukkit.enable(MythicBukkit.java:200) ~[MythicMobs-5.11.1.jar:?]
	at MythicMobs-5.11.1.jar/io.lumine.mythic.bukkit.utils.plugin.LuminePlugin.onEnable(LuminePlugin.java:81) ~[MythicMobs-5.11.1.jar:?]
	at org.bukkit.plugin.java.JavaPlugin.setEnabled(JavaPlugin.java:280) ~[pluto-api-1.21.4-R0.1-SNAPSHOT.jar:?]
	at io.papermc.paper.plugin.manager.PaperPluginInstanceManager.enablePlugin(PaperPluginInstanceManager.java:202) ~[pluto-1.21.4.jar:1.21.4-37-412ab86]
	at io.papermc.paper.plugin.manager.PaperPluginManagerImpl.enablePlugin(PaperPluginManagerImpl.java:109) ~[pluto-1.21.4.jar:1.21.4-37-412ab86]
	at org.bukkit.plugin.SimplePluginManager.enablePlugin(SimplePluginManager.java:520) ~[pluto-api-1.21.4-R0.1-SNAPSHOT.jar:?]
	at org.bukkit.craftbukkit.CraftServer.enablePlugin(CraftServer.java:658) ~[pluto-1.21.4.jar:1.21.4-37-412ab86]
	at org.bukkit.craftbukkit.CraftServer.enablePlugins(CraftServer.java:607) ~[pluto-1.21.4.jar:1.21.4-37-412ab86]
	at net.minecraft.server.MinecraftServer.loadWorld0(MinecraftServer.java:744) ~[pluto-1.21.4.jar:1.21.4-37-412ab86]
	at net.minecraft.server.MinecraftServer.loadLevel(MinecraftServer.java:489) ~[pluto-1.21.4.jar:1.21.4-37-412ab86]
	at net.minecraft.server.dedicated.DedicatedServer.initServer(DedicatedServer.java:325) ~[pluto-1.21.4.jar:1.21.4-37-412ab86]
	at net.minecraft.server.MinecraftServer.runServer(MinecraftServer.java:1164) ~[pluto-1.21.4.jar:1.21.4-37-412ab86]
	at net.minecraft.server.MinecraftServer.lambda$spin$2(MinecraftServer.java:311) ~[pluto-1.21.4.jar:1.21.4-37-412ab86]
	at java.base/java.lang.Thread.run(Thread.java:1583) ~[?:?]
Caused by: org.yaml.snakeyaml.parser.ParserException: expected '<document start>', but found '<block mapping start>'
 in 'reader', line 6, column 1:
    Nocsy_Ganondorf_Sword:
    ^

	at org.yaml.snakeyaml.parser.ParserImpl$ParseDocumentStart.produce(ParserImpl.java:250) ~[snakeyaml-2.2.jar:?]
	at org.yaml.snakeyaml.parser.ParserImpl.peekEvent(ParserImpl.java:161) ~[snakeyaml-2.2.jar:?]
	at org.yaml.snakeyaml.parser.ParserImpl.checkEvent(ParserImpl.java:152) ~[snakeyaml-2.2.jar:?]
	at org.yaml.snakeyaml.composer.Composer.getSingleNode(Composer.java:160) ~[snakeyaml-2.2.jar:?]
	at org.yaml.snakeyaml.Yaml.compose(Yaml.java:575) ~[snakeyaml-2.2.jar:?]
	at org.bukkit.configuration.file.YamlConfiguration.loadFromString(YamlConfiguration.java:105) ~[pluto-api-1.21.4-R0.1-SNAPSHOT.jar:?]
	... 21 more
[04:59:40] [Server thread/INFO]: [MythicMobs] Loading Item Groups...
[04:59:40] [Server thread/INFO]: [MythicMobs] All items loaded after 78ms!
[04:59:40] [Server thread/INFO]: [MythicMobs] Loading Skills...
[04:59:40] [Server thread/INFO]: [MythicMobs] File ExampleSkills.yml not found! Creating a new one...
[04:59:40] [Server thread/WARN]: [MythicMobs] Failed to construct mechanic effect:firework{t=3;d=1;f=true;tr=true} @origin
[04:59:40] [Server thread/WARN]: java.lang.reflect.InvocationTargetException
[04:59:40] [Server thread/WARN]: 	at java.base/jdk.internal.reflect.DirectConstructorHandleAccessor.newInstance(DirectConstructorHandleAccessor.java:74)
[04:59:40] [Server thread/WARN]: 	at java.base/java.lang.reflect.Constructor.newInstanceWithCaller(Constructor.java:502)
[04:59:40] [Server thread/WARN]: 	at java.base/java.lang.reflect.Constructor.newInstance(Constructor.java:486)
[04:59:40] [Server thread/WARN]: 	at MythicMobs-5.11.1.jar//io.lumine.mythic.core.skills.SkillExecutor.getMechanic(SkillExecutor.java:485)
[04:59:40] [Server thread/WARN]: 	at MythicMobs-5.11.1.jar//io.lumine.mythic.core.skills.MetaSkill.lambda$new$1(MetaSkill.java:80)
[04:59:40] [Server thread/WARN]: 	at java.base/java.util.ArrayList.forEach(ArrayList.java:1596)
[04:59:40] [Server thread/WARN]: 	at MythicMobs-5.11.1.jar//io.lumine.mythic.core.skills.MetaSkill.lambda$new$2(MetaSkill.java:76)
[04:59:40] [Server thread/WARN]: 	at java.base/java.util.HashMap.forEach(HashMap.java:1429)
[04:59:40] [Server thread/WARN]: 	at MythicMobs-5.11.1.jar//io.lumine.mythic.core.skills.MetaSkill.<init>(MetaSkill.java:68)
[04:59:40] [Server thread/WARN]: 	at MythicMobs-5.11.1.jar//io.lumine.mythic.core.skills.SkillExecutor.loadSkills(SkillExecutor.java:132)
[04:59:40] [Server thread/WARN]: 	at MythicMobs-5.11.1.jar//io.lumine.mythic.core.config.ConfigExecutor.load(ConfigExecutor.java:463)
[04:59:40] [Server thread/WARN]: 	at MythicMobs-5.11.1.jar//io.lumine.mythic.bukkit.MythicBukkit.enable(MythicBukkit.java:200)
[04:59:40] [Server thread/WARN]: 	at MythicMobs-5.11.1.jar//io.lumine.mythic.bukkit.utils.plugin.LuminePlugin.onEnable(LuminePlugin.java:81)
[04:59:40] [Server thread/WARN]: 	at org.bukkit.plugin.java.JavaPlugin.setEnabled(JavaPlugin.java:280)
[04:59:40] [Server thread/WARN]: 	at io.papermc.paper.plugin.manager.PaperPluginInstanceManager.enablePlugin(PaperPluginInstanceManager.java:202)
[04:59:40] [Server thread/WARN]: 	at io.papermc.paper.plugin.manager.PaperPluginManagerImpl.enablePlugin(PaperPluginManagerImpl.java:109)
[04:59:40] [Server thread/WARN]: 	at org.bukkit.plugin.SimplePluginManager.enablePlugin(SimplePluginManager.java:520)
[04:59:40] [Server thread/WARN]: 	at org.bukkit.craftbukkit.CraftServer.enablePlugin(CraftServer.java:658)
[04:59:40] [Server thread/WARN]: 	at org.bukkit.craftbukkit.CraftServer.enablePlugins(CraftServer.java:607)
[04:59:40] [Server thread/WARN]: 	at net.minecraft.server.MinecraftServer.loadWorld0(MinecraftServer.java:744)
[04:59:40] [Server thread/WARN]: 	at net.minecraft.server.MinecraftServer.loadLevel(MinecraftServer.java:489)
[04:59:40] [Server thread/WARN]: 	at net.minecraft.server.dedicated.DedicatedServer.initServer(DedicatedServer.java:325)
[04:59:40] [Server thread/WARN]: 	at net.minecraft.server.MinecraftServer.runServer(MinecraftServer.java:1164)
[04:59:40] [Server thread/WARN]: 	at net.minecraft.server.MinecraftServer.lambda$spin$2(MinecraftServer.java:311)
[04:59:40] [Server thread/WARN]: 	at java.base/java.lang.Thread.run(Thread.java:1583)
[04:59:40] [Server thread/WARN]: Caused by: java.lang.IllegalArgumentException: No enum constant org.bukkit.FireworkEffect.Type.3
[04:59:40] [Server thread/WARN]: 	at java.base/java.lang.Enum.valueOf(Enum.java:293)
[04:59:40] [Server thread/WARN]: 	at org.bukkit.FireworkEffect$Type.valueOf(FireworkEffect.java:21)
[04:59:40] [Server thread/WARN]: 	at MythicMobs-5.11.1.jar//io.lumine.mythic.bukkit.adapters.BukkitFirework.<init>(BukkitFirework.java:41)
[04:59:40] [Server thread/WARN]: 	at MythicMobs-5.11.1.jar//io.lumine.mythic.bukkit.BukkitBootstrap.createFirework(BukkitBootstrap.java:465)
[04:59:40] [Server thread/WARN]: 	at MythicMobs-5.11.1.jar//io.lumine.mythic.core.skills.mechanics.FireworkEffect.<init>(FireworkEffect.java:91)
[04:59:40] [Server thread/WARN]: 	at java.base/jdk.internal.reflect.DirectConstructorHandleAccessor.newInstance(DirectConstructorHandleAccessor.java:62)
[04:59:40] [Server thread/WARN]: 	... 24 more
[04:59:40] [Server thread/WARN]: [MythicMobs] Failed to construct mechanic effect:firework{t=3;d=1;f=true;tr=true} @origin
[04:59:40] [Server thread/WARN]: java.lang.reflect.InvocationTargetException
[04:59:40] [Server thread/WARN]: 	at java.base/jdk.internal.reflect.DirectConstructorHandleAccessor.newInstance(DirectConstructorHandleAccessor.java:74)
[04:59:40] [Server thread/WARN]: 	at java.base/java.lang.reflect.Constructor.newInstanceWithCaller(Constructor.java:502)
[04:59:40] [Server thread/WARN]: 	at java.base/java.lang.reflect.Constructor.newInstance(Constructor.java:486)
[04:59:40] [Server thread/WARN]: 	at MythicMobs-5.11.1.jar//io.lumine.mythic.core.skills.SkillExecutor.getMechanic(SkillExecutor.java:485)
[04:59:40] [Server thread/WARN]: 	at MythicMobs-5.11.1.jar//io.lumine.mythic.core.skills.MetaSkill.lambda$new$1(MetaSkill.java:80)
[04:59:40] [Server thread/WARN]: 	at java.base/java.util.ArrayList.forEach(ArrayList.java:1596)
[04:59:40] [Server thread/WARN]: 	at MythicMobs-5.11.1.jar//io.lumine.mythic.core.skills.MetaSkill.lambda$new$2(MetaSkill.java:76)
[04:59:40] [Server thread/WARN]: 	at java.base/java.util.HashMap.forEach(HashMap.java:1429)
[04:59:40] [Server thread/WARN]: 	at MythicMobs-5.11.1.jar//io.lumine.mythic.core.skills.MetaSkill.<init>(MetaSkill.java:68)
[04:59:40] [Server thread/WARN]: 	at MythicMobs-5.11.1.jar//io.lumine.mythic.core.skills.SkillExecutor.loadSkills(SkillExecutor.java:132)
[04:59:40] [Server thread/WARN]: 	at MythicMobs-5.11.1.jar//io.lumine.mythic.core.config.ConfigExecutor.load(ConfigExecutor.java:463)
[04:59:40] [Server thread/WARN]: 	at MythicMobs-5.11.1.jar//io.lumine.mythic.bukkit.MythicBukkit.enable(MythicBukkit.java:200)
[04:59:40] [Server thread/WARN]: 	at MythicMobs-5.11.1.jar//io.lumine.mythic.bukkit.utils.plugin.LuminePlugin.onEnable(LuminePlugin.java:81)
[04:59:40] [Server thread/WARN]: 	at org.bukkit.plugin.java.JavaPlugin.setEnabled(JavaPlugin.java:280)
[04:59:40] [Server thread/WARN]: 	at io.papermc.paper.plugin.manager.PaperPluginInstanceManager.enablePlugin(PaperPluginInstanceManager.java:202)
[04:59:40] [Server thread/WARN]: 	at io.papermc.paper.plugin.manager.PaperPluginManagerImpl.enablePlugin(PaperPluginManagerImpl.java:109)
[04:59:40] [Server thread/WARN]: 	at org.bukkit.plugin.SimplePluginManager.enablePlugin(SimplePluginManager.java:520)
[04:59:40] [Server thread/WARN]: 	at org.bukkit.craftbukkit.CraftServer.enablePlugin(CraftServer.java:658)
[04:59:40] [Server thread/WARN]: 	at org.bukkit.craftbukkit.CraftServer.enablePlugins(CraftServer.java:607)
[04:59:40] [Server thread/WARN]: 	at net.minecraft.server.MinecraftServer.loadWorld0(MinecraftServer.java:744)
[04:59:40] [Server thread/WARN]: 	at net.minecraft.server.MinecraftServer.loadLevel(MinecraftServer.java:489)
[04:59:40] [Server thread/WARN]: 	at net.minecraft.server.dedicated.DedicatedServer.initServer(DedicatedServer.java:325)
[04:59:40] [Server thread/WARN]: 	at net.minecraft.server.MinecraftServer.runServer(MinecraftServer.java:1164)
[04:59:40] [Server thread/WARN]: 	at net.minecraft.server.MinecraftServer.lambda$spin$2(MinecraftServer.java:311)
[04:59:40] [Server thread/WARN]: 	at java.base/java.lang.Thread.run(Thread.java:1583)
[04:59:40] [Server thread/WARN]: Caused by: java.lang.IllegalArgumentException: No enum constant org.bukkit.FireworkEffect.Type.3
[04:59:40] [Server thread/WARN]: 	at java.base/java.lang.Enum.valueOf(Enum.java:293)
[04:59:40] [Server thread/WARN]: 	at org.bukkit.FireworkEffect$Type.valueOf(FireworkEffect.java:21)
[04:59:40] [Server thread/WARN]: 	at MythicMobs-5.11.1.jar//io.lumine.mythic.bukkit.adapters.BukkitFirework.<init>(BukkitFirework.java:41)
[04:59:40] [Server thread/WARN]: 	at MythicMobs-5.11.1.jar//io.lumine.mythic.bukkit.BukkitBootstrap.createFirework(BukkitBootstrap.java:465)
[04:59:40] [Server thread/WARN]: 	at MythicMobs-5.11.1.jar//io.lumine.mythic.core.skills.mechanics.FireworkEffect.<init>(FireworkEffect.java:91)
[04:59:40] [Server thread/WARN]: 	at java.base/jdk.internal.reflect.DirectConstructorHandleAccessor.newInstance(DirectConstructorHandleAccessor.java:62)
[04:59:40] [Server thread/WARN]: 	... 24 more
[04:59:40] [Server thread/WARN]: [MythicMobs] Failed to construct mechanic effect:firework{t=3;d=1;f=true;tr=true} @origin
[04:59:40] [Server thread/WARN]: java.lang.reflect.InvocationTargetException
[04:59:40] [Server thread/WARN]: 	at java.base/jdk.internal.reflect.DirectConstructorHandleAccessor.newInstance(DirectConstructorHandleAccessor.java:74)
[04:59:40] [Server thread/WARN]: 	at java.base/java.lang.reflect.Constructor.newInstanceWithCaller(Constructor.java:502)
[04:59:40] [Server thread/WARN]: 	at java.base/java.lang.reflect.Constructor.newInstance(Constructor.java:486)
[04:59:40] [Server thread/WARN]: 	at MythicMobs-5.11.1.jar//io.lumine.mythic.core.skills.SkillExecutor.getMechanic(SkillExecutor.java:485)
[04:59:40] [Server thread/WARN]: 	at MythicMobs-5.11.1.jar//io.lumine.mythic.core.skills.MetaSkill.lambda$new$1(MetaSkill.java:80)
[04:59:40] [Server thread/WARN]: 	at java.base/java.util.ArrayList.forEach(ArrayList.java:1596)
[04:59:40] [Server thread/WARN]: 	at MythicMobs-5.11.1.jar//io.lumine.mythic.core.skills.MetaSkill.lambda$new$2(MetaSkill.java:76)
[04:59:40] [Server thread/WARN]: 	at java.base/java.util.HashMap.forEach(HashMap.java:1429)
[04:59:40] [Server thread/WARN]: 	at MythicMobs-5.11.1.jar//io.lumine.mythic.core.skills.MetaSkill.<init>(MetaSkill.java:68)
[04:59:40] [Server thread/WARN]: 	at MythicMobs-5.11.1.jar//io.lumine.mythic.core.skills.SkillExecutor.loadSkills(SkillExecutor.java:132)
[04:59:40] [Server thread/WARN]: 	at MythicMobs-5.11.1.jar//io.lumine.mythic.core.config.ConfigExecutor.load(ConfigExecutor.java:463)
[04:59:40] [Server thread/WARN]: 	at MythicMobs-5.11.1.jar//io.lumine.mythic.bukkit.MythicBukkit.enable(MythicBukkit.java:200)
[04:59:40] [Server thread/WARN]: 	at MythicMobs-5.11.1.jar//io.lumine.mythic.bukkit.utils.plugin.LuminePlugin.onEnable(LuminePlugin.java:81)
[04:59:40] [Server thread/WARN]: 	at org.bukkit.plugin.java.JavaPlugin.setEnabled(JavaPlugin.java:280)
[04:59:40] [Server thread/WARN]: 	at io.papermc.paper.plugin.manager.PaperPluginInstanceManager.enablePlugin(PaperPluginInstanceManager.java:202)
[04:59:40] [Server thread/WARN]: 	at io.papermc.paper.plugin.manager.PaperPluginManagerImpl.enablePlugin(PaperPluginManagerImpl.java:109)
[04:59:40] [Server thread/WARN]: 	at org.bukkit.plugin.SimplePluginManager.enablePlugin(SimplePluginManager.java:520)
[04:59:40] [Server thread/WARN]: 	at org.bukkit.craftbukkit.CraftServer.enablePlugin(CraftServer.java:658)
[04:59:40] [Server thread/WARN]: 	at org.bukkit.craftbukkit.CraftServer.enablePlugins(CraftServer.java:607)
[04:59:40] [Server thread/WARN]: 	at net.minecraft.server.MinecraftServer.loadWorld0(MinecraftServer.java:744)
[04:59:40] [Server thread/WARN]: 	at net.minecraft.server.MinecraftServer.loadLevel(MinecraftServer.java:489)
[04:59:40] [Server thread/WARN]: 	at net.minecraft.server.dedicated.DedicatedServer.initServer(DedicatedServer.java:325)
[04:59:40] [Server thread/WARN]: 	at net.minecraft.server.MinecraftServer.runServer(MinecraftServer.java:1164)
[04:59:40] [Server thread/WARN]: 	at net.minecraft.server.MinecraftServer.lambda$spin$2(MinecraftServer.java:311)
[04:59:40] [Server thread/WARN]: 	at java.base/java.lang.Thread.run(Thread.java:1583)
[04:59:40] [Server thread/WARN]: Caused by: java.lang.IllegalArgumentException: No enum constant org.bukkit.FireworkEffect.Type.3
[04:59:40] [Server thread/WARN]: 	at java.base/java.lang.Enum.valueOf(Enum.java:293)
[04:59:40] [Server thread/WARN]: 	at org.bukkit.FireworkEffect$Type.valueOf(FireworkEffect.java:21)
[04:59:40] [Server thread/WARN]: 	at MythicMobs-5.11.1.jar//io.lumine.mythic.bukkit.adapters.BukkitFirework.<init>(BukkitFirework.java:41)
[04:59:40] [Server thread/WARN]: 	at MythicMobs-5.11.1.jar//io.lumine.mythic.bukkit.BukkitBootstrap.createFirework(BukkitBootstrap.java:465)
[04:59:40] [Server thread/WARN]: 	at MythicMobs-5.11.1.jar//io.lumine.mythic.core.skills.mechanics.FireworkEffect.<init>(FireworkEffect.java:91)
[04:59:40] [Server thread/WARN]: 	at java.base/jdk.internal.reflect.DirectConstructorHandleAccessor.newInstance(DirectConstructorHandleAccessor.java:62)
[04:59:40] [Server thread/WARN]: 	... 24 more
[04:59:41] [Server thread/WARN]: [MythicMobs] ✗ Configuration Error: Particle 'gust_dust' is not supported by this version
[04:59:41] [Server thread/WARN]: [MythicMobs] ✗ Configuration Error: Particle 'gust_emitter' is not supported by this version
[04:59:41] [Server thread/INFO]: [MythicMobs] File VanillaMobs.yml not found! Creating a new one...
[04:59:41] [Server thread/INFO]: [MythicMobs] File ExampleMobs.yml not found! Creating a new one...
[04:59:41] [Server thread/INFO]: Environment: Environment[sessionHost=https://sessionserver.mojang.com, servicesHost=https://api.minecraftservices.com, name=PROD]
[04:59:41] [Server thread/ERROR]: [MythicMobs] An error occurred while loading MythicConfig file /workspaces/urban-happiness/servidor_minecraft/plugins/MythicMobs/packs/WilliamQM/Mobs/williamqm/nether_mobs.yml:
[04:59:41] [Server thread/WARN]: org.bukkit.configuration.InvalidConfigurationException: expected '<document start>', but found '<block mapping start>'
[04:59:41] [Server thread/WARN]:  in 'reader', line 38, column 1:
[04:59:41] [Server thread/WARN]:     warped_creeper: 
[04:59:41] [Server thread/WARN]:     ^
[04:59:41] [Server thread/WARN]: 
[04:59:41] [Server thread/WARN]: 	at org.bukkit.configuration.file.YamlConfiguration.loadFromString(YamlConfiguration.java:112)
[04:59:41] [Server thread/WARN]: 	at org.bukkit.configuration.file.FileConfiguration.load(FileConfiguration.java:160)
[04:59:41] [Server thread/WARN]: 	at org.bukkit.configuration.file.FileConfiguration.load(FileConfiguration.java:128)
[04:59:41] [Server thread/WARN]: 	at MythicMobs-5.11.1.jar//io.lumine.mythic.core.config.MythicConfigImpl.<init>(MythicConfigImpl.java:65)
[04:59:41] [Server thread/WARN]: 	at MythicMobs-5.11.1.jar//io.lumine.mythic.core.config.MythicConfigImpl.<init>(MythicConfigImpl.java:49)
[04:59:41] [Server thread/WARN]: 	at MythicMobs-5.11.1.jar//io.lumine.mythic.core.mobs.MobExecutor.loadMobs(MobExecutor.java:124)
[04:59:41] [Server thread/WARN]: 	at MythicMobs-5.11.1.jar//io.lumine.mythic.core.config.ConfigExecutor.load(ConfigExecutor.java:464)
[04:59:41] [Server thread/WARN]: 	at MythicMobs-5.11.1.jar//io.lumine.mythic.bukkit.MythicBukkit.enable(MythicBukkit.java:200)
[04:59:41] [Server thread/WARN]: 	at MythicMobs-5.11.1.jar//io.lumine.mythic.bukkit.utils.plugin.LuminePlugin.onEnable(LuminePlugin.java:81)
[04:59:41] [Server thread/WARN]: 	at org.bukkit.plugin.java.JavaPlugin.setEnabled(JavaPlugin.java:280)
[04:59:41] [Server thread/WARN]: 	at io.papermc.paper.plugin.manager.PaperPluginInstanceManager.enablePlugin(PaperPluginInstanceManager.java:202)
[04:59:41] [Server thread/WARN]: 	at io.papermc.paper.plugin.manager.PaperPluginManagerImpl.enablePlugin(PaperPluginManagerImpl.java:109)
[04:59:41] [Server thread/WARN]: 	at org.bukkit.plugin.SimplePluginManager.enablePlugin(SimplePluginManager.java:520)
[04:59:41] [Server thread/WARN]: 	at org.bukkit.craftbukkit.CraftServer.enablePlugin(CraftServer.java:658)
[04:59:41] [Server thread/WARN]: 	at org.bukkit.craftbukkit.CraftServer.enablePlugins(CraftServer.java:607)
[04:59:41] [Server thread/WARN]: 	at net.minecraft.server.MinecraftServer.loadWorld0(MinecraftServer.java:744)
[04:59:41] [Server thread/WARN]: 	at net.minecraft.server.MinecraftServer.loadLevel(MinecraftServer.java:489)
[04:59:41] [Server thread/WARN]: 	at net.minecraft.server.dedicated.DedicatedServer.initServer(DedicatedServer.java:325)
[04:59:41] [Server thread/WARN]: 	at net.minecraft.server.MinecraftServer.runServer(MinecraftServer.java:1164)
[04:59:41] [Server thread/WARN]: 	at net.minecraft.server.MinecraftServer.lambda$spin$2(MinecraftServer.java:311)
[04:59:41] [Server thread/WARN]: 	at java.base/java.lang.Thread.run(Thread.java:1583)
[04:59:41] [Server thread/WARN]: Caused by: expected '<document start>', but found '<block mapping start>'
[04:59:41] [Server thread/WARN]:  in 'reader', line 38, column 1:
[04:59:41] [Server thread/WARN]:     warped_creeper: 
[04:59:41] [Server thread/WARN]:     ^
[04:59:41] [Server thread/WARN]: 
[04:59:41] [Server thread/WARN]: 	at org.yaml.snakeyaml.parser.ParserImpl$ParseDocumentStart.produce(ParserImpl.java:250)
[04:59:41] [Server thread/WARN]: 	at org.yaml.snakeyaml.parser.ParserImpl.peekEvent(ParserImpl.java:161)
[04:59:41] [Server thread/WARN]: 	at org.yaml.snakeyaml.parser.ParserImpl.checkEvent(ParserImpl.java:152)
[04:59:41] [Server thread/WARN]: 	at org.yaml.snakeyaml.composer.Composer.getSingleNode(Composer.java:160)
[04:59:41] [Server thread/WARN]: 	at org.yaml.snakeyaml.Yaml.compose(Yaml.java:575)
[04:59:41] [Server thread/WARN]: 	at org.bukkit.configuration.file.YamlConfiguration.loadFromString(YamlConfiguration.java:105)
[04:59:41] [Server thread/WARN]: 	... 20 more
[04:59:41] [Server thread/WARN]: org.bukkit.configuration.InvalidConfigurationException: expected '<document start>', but found '<block mapping start>'
[04:59:41] [Server thread/WARN]:  in 'reader', line 38, column 1:
[04:59:41] [Server thread/WARN]:     warped_creeper: 
[04:59:41] [Server thread/WARN]:     ^
[04:59:41] [Server thread/WARN]: 
[04:59:41] [Server thread/WARN]: 	at org.bukkit.configuration.file.YamlConfiguration.loadFromString(YamlConfiguration.java:112)
[04:59:41] [Server thread/WARN]: 	at org.bukkit.configuration.file.FileConfiguration.load(FileConfiguration.java:160)
[04:59:41] [Server thread/WARN]: 	at org.bukkit.configuration.file.FileConfiguration.load(FileConfiguration.java:128)
[04:59:41] [Server thread/WARN]: 	at MythicMobs-5.11.1.jar//io.lumine.mythic.core.config.MythicConfigImpl.<init>(MythicConfigImpl.java:71)
[04:59:41] [Server thread/WARN]: 	at MythicMobs-5.11.1.jar//io.lumine.mythic.core.config.MythicConfigImpl.<init>(MythicConfigImpl.java:49)
[04:59:41] [Server thread/WARN]: 	at MythicMobs-5.11.1.jar//io.lumine.mythic.core.mobs.MobExecutor.loadMobs(MobExecutor.java:124)
[04:59:41] [Server thread/WARN]: 	at MythicMobs-5.11.1.jar//io.lumine.mythic.core.config.ConfigExecutor.load(ConfigExecutor.java:464)
[04:59:41] [Server thread/WARN]: 	at MythicMobs-5.11.1.jar//io.lumine.mythic.bukkit.MythicBukkit.enable(MythicBukkit.java:200)
[04:59:41] [Server thread/WARN]: 	at MythicMobs-5.11.1.jar//io.lumine.mythic.bukkit.utils.plugin.LuminePlugin.onEnable(LuminePlugin.java:81)
[04:59:41] [Server thread/WARN]: 	at org.bukkit.plugin.java.JavaPlugin.setEnabled(JavaPlugin.java:280)
[04:59:41] [Server thread/WARN]: 	at io.papermc.paper.plugin.manager.PaperPluginInstanceManager.enablePlugin(PaperPluginInstanceManager.java:202)
[04:59:41] [Server thread/WARN]: 	at io.papermc.paper.plugin.manager.PaperPluginManagerImpl.enablePlugin(PaperPluginManagerImpl.java:109)
[04:59:41] [Server thread/WARN]: 	at org.bukkit.plugin.SimplePluginManager.enablePlugin(SimplePluginManager.java:520)
[04:59:41] [Server thread/WARN]: 	at org.bukkit.craftbukkit.CraftServer.enablePlugin(CraftServer.java:658)
[04:59:41] [Server thread/WARN]: 	at org.bukkit.craftbukkit.CraftServer.enablePlugins(CraftServer.java:607)
[04:59:41] [Server thread/WARN]: 	at net.minecraft.server.MinecraftServer.loadWorld0(MinecraftServer.java:744)
[04:59:41] [Server thread/WARN]: 	at net.minecraft.server.MinecraftServer.loadLevel(MinecraftServer.java:489)
[04:59:41] [Server thread/WARN]: 	at net.minecraft.server.dedicated.DedicatedServer.initServer(DedicatedServer.java:325)
[04:59:41] [Server thread/WARN]: 	at net.minecraft.server.MinecraftServer.runServer(MinecraftServer.java:1164)
[04:59:41] [Server thread/WARN]: 	at net.minecraft.server.MinecraftServer.lambda$spin$2(MinecraftServer.java:311)
[04:59:41] [Server thread/WARN]: 	at java.base/java.lang.Thread.run(Thread.java:1583)
[04:59:41] [Server thread/WARN]: Caused by: expected '<document start>', but found '<block mapping start>'
[04:59:41] [Server thread/WARN]:  in 'reader', line 38, column 1:
[04:59:41] [Server thread/WARN]:     warped_creeper: 
[04:59:41] [Server thread/WARN]:     ^
[04:59:41] [Server thread/WARN]: 
[04:59:41] [Server thread/WARN]: 	at org.yaml.snakeyaml.parser.ParserImpl$ParseDocumentStart.produce(ParserImpl.java:250)
[04:59:41] [Server thread/WARN]: 	at org.yaml.snakeyaml.parser.ParserImpl.peekEvent(ParserImpl.java:161)
[04:59:41] [Server thread/WARN]: 	at org.yaml.snakeyaml.parser.ParserImpl.checkEvent(ParserImpl.java:152)
[04:59:41] [Server thread/WARN]: 	at org.yaml.snakeyaml.composer.Composer.getSingleNode(Composer.java:160)
[04:59:41] [Server thread/WARN]: 	at org.yaml.snakeyaml.Yaml.compose(Yaml.java:575)
[04:59:41] [Server thread/WARN]: 	at org.bukkit.configuration.file.YamlConfiguration.loadFromString(YamlConfiguration.java:105)
[04:59:41] [Server thread/WARN]: 	... 20 more
[04:59:41] [Server thread/ERROR]: Cannot load /workspaces/urban-happiness/servidor_minecraft/plugins/MythicMobs/packs/WilliamQM/Mobs/williamqm/nether_mobs.yml
org.bukkit.configuration.InvalidConfigurationException: expected '<document start>', but found '<block mapping start>'
 in 'reader', line 38, column 1:
    warped_creeper: 
    ^

	at org.bukkit.configuration.file.YamlConfiguration.loadFromString(YamlConfiguration.java:112) ~[pluto-api-1.21.4-R0.1-SNAPSHOT.jar:?]
	at org.bukkit.configuration.file.FileConfiguration.load(FileConfiguration.java:160) ~[pluto-api-1.21.4-R0.1-SNAPSHOT.jar:?]
	at org.bukkit.configuration.file.FileConfiguration.load(FileConfiguration.java:128) ~[pluto-api-1.21.4-R0.1-SNAPSHOT.jar:?]
	at org.bukkit.configuration.file.YamlConfiguration.loadConfiguration(YamlConfiguration.java:310) ~[pluto-api-1.21.4-R0.1-SNAPSHOT.jar:?]
	at MythicMobs-5.11.1.jar/io.lumine.mythic.bukkit.utils.config.properties.types.NodeListProp.getNodes(NodeListProp.java:43) ~[MythicMobs-5.11.1.jar:?]
	at MythicMobs-5.11.1.jar/io.lumine.mythic.core.mobs.MobExecutor.loadMobs(MobExecutor.java:126) ~[MythicMobs-5.11.1.jar:?]
	at MythicMobs-5.11.1.jar/io.lumine.mythic.core.config.ConfigExecutor.load(ConfigExecutor.java:464) ~[MythicMobs-5.11.1.jar:?]
	at MythicMobs-5.11.1.jar/io.lumine.mythic.bukkit.MythicBukkit.enable(MythicBukkit.java:200) ~[MythicMobs-5.11.1.jar:?]
	at MythicMobs-5.11.1.jar/io.lumine.mythic.bukkit.utils.plugin.LuminePlugin.onEnable(LuminePlugin.java:81) ~[MythicMobs-5.11.1.jar:?]
	at org.bukkit.plugin.java.JavaPlugin.setEnabled(JavaPlugin.java:280) ~[pluto-api-1.21.4-R0.1-SNAPSHOT.jar:?]
	at io.papermc.paper.plugin.manager.PaperPluginInstanceManager.enablePlugin(PaperPluginInstanceManager.java:202) ~[pluto-1.21.4.jar:1.21.4-37-412ab86]
	at io.papermc.paper.plugin.manager.PaperPluginManagerImpl.enablePlugin(PaperPluginManagerImpl.java:109) ~[pluto-1.21.4.jar:1.21.4-37-412ab86]
	at org.bukkit.plugin.SimplePluginManager.enablePlugin(SimplePluginManager.java:520) ~[pluto-api-1.21.4-R0.1-SNAPSHOT.jar:?]
	at org.bukkit.craftbukkit.CraftServer.enablePlugin(CraftServer.java:658) ~[pluto-1.21.4.jar:1.21.4-37-412ab86]
	at org.bukkit.craftbukkit.CraftServer.enablePlugins(CraftServer.java:607) ~[pluto-1.21.4.jar:1.21.4-37-412ab86]
	at net.minecraft.server.MinecraftServer.loadWorld0(MinecraftServer.java:744) ~[pluto-1.21.4.jar:1.21.4-37-412ab86]
	at net.minecraft.server.MinecraftServer.loadLevel(MinecraftServer.java:489) ~[pluto-1.21.4.jar:1.21.4-37-412ab86]
	at net.minecraft.server.dedicated.DedicatedServer.initServer(DedicatedServer.java:325) ~[pluto-1.21.4.jar:1.21.4-37-412ab86]
	at net.minecraft.server.MinecraftServer.runServer(MinecraftServer.java:1164) ~[pluto-1.21.4.jar:1.21.4-37-412ab86]
	at net.minecraft.server.MinecraftServer.lambda$spin$2(MinecraftServer.java:311) ~[pluto-1.21.4.jar:1.21.4-37-412ab86]
	at java.base/java.lang.Thread.run(Thread.java:1583) ~[?:?]
Caused by: org.yaml.snakeyaml.parser.ParserException: expected '<document start>', but found '<block mapping start>'
 in 'reader', line 38, column 1:
    warped_creeper: 
    ^

	at org.yaml.snakeyaml.parser.ParserImpl$ParseDocumentStart.produce(ParserImpl.java:250) ~[snakeyaml-2.2.jar:?]
	at org.yaml.snakeyaml.parser.ParserImpl.peekEvent(ParserImpl.java:161) ~[snakeyaml-2.2.jar:?]
	at org.yaml.snakeyaml.parser.ParserImpl.checkEvent(ParserImpl.java:152) ~[snakeyaml-2.2.jar:?]
	at org.yaml.snakeyaml.composer.Composer.getSingleNode(Composer.java:160) ~[snakeyaml-2.2.jar:?]
	at org.yaml.snakeyaml.Yaml.compose(Yaml.java:575) ~[snakeyaml-2.2.jar:?]
	at org.bukkit.configuration.file.YamlConfiguration.loadFromString(YamlConfiguration.java:105) ~[pluto-api-1.21.4-R0.1-SNAPSHOT.jar:?]
	... 20 more
[04:59:41] [Server thread/ERROR]: [MythicMobs] An error occurred while loading MythicConfig file /workspaces/urban-happiness/servidor_minecraft/plugins/MythicMobs/packs/historical/Mobs/vd_historical_infantry1crimson_additional_mobs.yml:
[04:59:41] [Server thread/WARN]: org.bukkit.configuration.InvalidConfigurationException: expected '<document start>', but found '<block mapping start>'
[04:59:41] [Server thread/WARN]:  in 'reader', line 13, column 1:
[04:59:41] [Server thread/WARN]:     vd_historical_infantry1crimson_m ... 
[04:59:41] [Server thread/WARN]:     ^
[04:59:41] [Server thread/WARN]: 
[04:59:41] [Server thread/WARN]: 	at org.bukkit.configuration.file.YamlConfiguration.loadFromString(YamlConfiguration.java:112)
[04:59:41] [Server thread/WARN]: 	at org.bukkit.configuration.file.FileConfiguration.load(FileConfiguration.java:160)
[04:59:41] [Server thread/WARN]: 	at org.bukkit.configuration.file.FileConfiguration.load(FileConfiguration.java:128)
[04:59:41] [Server thread/WARN]: 	at MythicMobs-5.11.1.jar//io.lumine.mythic.core.config.MythicConfigImpl.<init>(MythicConfigImpl.java:65)
[04:59:41] [Server thread/WARN]: 	at MythicMobs-5.11.1.jar//io.lumine.mythic.core.config.MythicConfigImpl.<init>(MythicConfigImpl.java:49)
[04:59:41] [Server thread/WARN]: 	at MythicMobs-5.11.1.jar//io.lumine.mythic.core.mobs.MobExecutor.loadMobs(MobExecutor.java:124)
[04:59:41] [Server thread/WARN]: 	at MythicMobs-5.11.1.jar//io.lumine.mythic.core.config.ConfigExecutor.load(ConfigExecutor.java:464)
[04:59:41] [Server thread/WARN]: 	at MythicMobs-5.11.1.jar//io.lumine.mythic.bukkit.MythicBukkit.enable(MythicBukkit.java:200)
[04:59:41] [Server thread/WARN]: 	at MythicMobs-5.11.1.jar//io.lumine.mythic.bukkit.utils.plugin.LuminePlugin.onEnable(LuminePlugin.java:81)
[04:59:41] [Server thread/WARN]: 	at org.bukkit.plugin.java.JavaPlugin.setEnabled(JavaPlugin.java:280)
[04:59:41] [Server thread/WARN]: 	at io.papermc.paper.plugin.manager.PaperPluginInstanceManager.enablePlugin(PaperPluginInstanceManager.java:202)
[04:59:41] [Server thread/WARN]: 	at io.papermc.paper.plugin.manager.PaperPluginManagerImpl.enablePlugin(PaperPluginManagerImpl.java:109)
[04:59:41] [Server thread/WARN]: 	at org.bukkit.plugin.SimplePluginManager.enablePlugin(SimplePluginManager.java:520)
[04:59:41] [Server thread/WARN]: 	at org.bukkit.craftbukkit.CraftServer.enablePlugin(CraftServer.java:658)
[04:59:41] [Server thread/WARN]: 	at org.bukkit.craftbukkit.CraftServer.enablePlugins(CraftServer.java:607)
[04:59:41] [Server thread/WARN]: 	at net.minecraft.server.MinecraftServer.loadWorld0(MinecraftServer.java:744)
[04:59:41] [Server thread/WARN]: 	at net.minecraft.server.MinecraftServer.loadLevel(MinecraftServer.java:489)
[04:59:41] [Server thread/WARN]: 	at net.minecraft.server.dedicated.DedicatedServer.initServer(DedicatedServer.java:325)
[04:59:41] [Server thread/WARN]: 	at net.minecraft.server.MinecraftServer.runServer(MinecraftServer.java:1164)
[04:59:41] [Server thread/WARN]: 	at net.minecraft.server.MinecraftServer.lambda$spin$2(MinecraftServer.java:311)
[04:59:41] [Server thread/WARN]: 	at java.base/java.lang.Thread.run(Thread.java:1583)
[04:59:41] [Server thread/WARN]: Caused by: expected '<document start>', but found '<block mapping start>'
[04:59:41] [Server thread/WARN]:  in 'reader', line 13, column 1:
[04:59:41] [Server thread/WARN]:     vd_historical_infantry1crimson_m ... 
[04:59:41] [Server thread/WARN]:     ^
[04:59:41] [Server thread/WARN]: 
[04:59:41] [Server thread/WARN]: 	at org.yaml.snakeyaml.parser.ParserImpl$ParseDocumentStart.produce(ParserImpl.java:250)
[04:59:41] [Server thread/WARN]: 	at org.yaml.snakeyaml.parser.ParserImpl.peekEvent(ParserImpl.java:161)
[04:59:41] [Server thread/WARN]: 	at org.yaml.snakeyaml.parser.ParserImpl.checkEvent(ParserImpl.java:152)
[04:59:41] [Server thread/WARN]: 	at org.yaml.snakeyaml.composer.Composer.getSingleNode(Composer.java:160)
[04:59:41] [Server thread/WARN]: 	at org.yaml.snakeyaml.Yaml.compose(Yaml.java:575)
[04:59:41] [Server thread/WARN]: 	at org.bukkit.configuration.file.YamlConfiguration.loadFromString(YamlConfiguration.java:105)
[04:59:41] [Server thread/WARN]: 	... 20 more
[04:59:41] [Server thread/WARN]: org.bukkit.configuration.InvalidConfigurationException: expected '<document start>', but found '<block mapping start>'
[04:59:41] [Server thread/WARN]:  in 'reader', line 13, column 1:
[04:59:41] [Server thread/WARN]:     vd_historical_infantry1crimson_m ... 
[04:59:41] [Server thread/WARN]:     ^
[04:59:41] [Server thread/WARN]: 
[04:59:41] [Server thread/WARN]: 	at org.bukkit.configuration.file.YamlConfiguration.loadFromString(YamlConfiguration.java:112)
[04:59:41] [Server thread/WARN]: 	at org.bukkit.configuration.file.FileConfiguration.load(FileConfiguration.java:160)
[04:59:41] [Server thread/WARN]: 	at org.bukkit.configuration.file.FileConfiguration.load(FileConfiguration.java:128)
[04:59:41] [Server thread/WARN]: 	at MythicMobs-5.11.1.jar//io.lumine.mythic.core.config.MythicConfigImpl.<init>(MythicConfigImpl.java:71)
[04:59:41] [Server thread/WARN]: 	at MythicMobs-5.11.1.jar//io.lumine.mythic.core.config.MythicConfigImpl.<init>(MythicConfigImpl.java:49)
[04:59:41] [Server thread/WARN]: 	at MythicMobs-5.11.1.jar//io.lumine.mythic.core.mobs.MobExecutor.loadMobs(MobExecutor.java:124)
[04:59:41] [Server thread/WARN]: 	at MythicMobs-5.11.1.jar//io.lumine.mythic.core.config.ConfigExecutor.load(ConfigExecutor.java:464)
[04:59:41] [Server thread/WARN]: 	at MythicMobs-5.11.1.jar//io.lumine.mythic.bukkit.MythicBukkit.enable(MythicBukkit.java:200)
[04:59:41] [Server thread/WARN]: 	at MythicMobs-5.11.1.jar//io.lumine.mythic.bukkit.utils.plugin.LuminePlugin.onEnable(LuminePlugin.java:81)
[04:59:41] [Server thread/WARN]: 	at org.bukkit.plugin.java.JavaPlugin.setEnabled(JavaPlugin.java:280)
[04:59:41] [Server thread/WARN]: 	at io.papermc.paper.plugin.manager.PaperPluginInstanceManager.enablePlugin(PaperPluginInstanceManager.java:202)
[04:59:41] [Server thread/WARN]: 	at io.papermc.paper.plugin.manager.PaperPluginManagerImpl.enablePlugin(PaperPluginManagerImpl.java:109)
[04:59:41] [Server thread/WARN]: 	at org.bukkit.plugin.SimplePluginManager.enablePlugin(SimplePluginManager.java:520)
[04:59:41] [Server thread/WARN]: 	at org.bukkit.craftbukkit.CraftServer.enablePlugin(CraftServer.java:658)
[04:59:41] [Server thread/WARN]: 	at org.bukkit.craftbukkit.CraftServer.enablePlugins(CraftServer.java:607)
[04:59:41] [Server thread/WARN]: 	at net.minecraft.server.MinecraftServer.loadWorld0(MinecraftServer.java:744)
[04:59:41] [Server thread/WARN]: 	at net.minecraft.server.MinecraftServer.loadLevel(MinecraftServer.java:489)
[04:59:41] [Server thread/WARN]: 	at net.minecraft.server.dedicated.DedicatedServer.initServer(DedicatedServer.java:325)
[04:59:41] [Server thread/WARN]: 	at net.minecraft.server.MinecraftServer.runServer(MinecraftServer.java:1164)
[04:59:41] [Server thread/WARN]: 	at net.minecraft.server.MinecraftServer.lambda$spin$2(MinecraftServer.java:311)
[04:59:41] [Server thread/WARN]: 	at java.base/java.lang.Thread.run(Thread.java:1583)
[04:59:41] [Server thread/WARN]: Caused by: expected '<document start>', but found '<block mapping start>'
[04:59:41] [Server thread/WARN]:  in 'reader', line 13, column 1:
[04:59:41] [Server thread/WARN]:     vd_historical_infantry1crimson_m ... 
[04:59:41] [Server thread/WARN]:     ^
[04:59:41] [Server thread/WARN]: 
[04:59:41] [Server thread/WARN]: 	at org.yaml.snakeyaml.parser.ParserImpl$ParseDocumentStart.produce(ParserImpl.java:250)
[04:59:41] [Server thread/WARN]: 	at org.yaml.snakeyaml.parser.ParserImpl.peekEvent(ParserImpl.java:161)
[04:59:41] [Server thread/WARN]: 	at org.yaml.snakeyaml.parser.ParserImpl.checkEvent(ParserImpl.java:152)
[04:59:41] [Server thread/WARN]: 	at org.yaml.snakeyaml.composer.Composer.getSingleNode(Composer.java:160)
[04:59:41] [Server thread/WARN]: 	at org.yaml.snakeyaml.Yaml.compose(Yaml.java:575)
[04:59:41] [Server thread/WARN]: 	at org.bukkit.configuration.file.YamlConfiguration.loadFromString(YamlConfiguration.java:105)
[04:59:41] [Server thread/WARN]: 	... 20 more
[04:59:41] [Server thread/ERROR]: Cannot load /workspaces/urban-happiness/servidor_minecraft/plugins/MythicMobs/packs/historical/Mobs/vd_historical_infantry1crimson_additional_mobs.yml
org.bukkit.configuration.InvalidConfigurationException: expected '<document start>', but found '<block mapping start>'
 in 'reader', line 13, column 1:
    vd_historical_infantry1crimson_m ... 
    ^

	at org.bukkit.configuration.file.YamlConfiguration.loadFromString(YamlConfiguration.java:112) ~[pluto-api-1.21.4-R0.1-SNAPSHOT.jar:?]
	at org.bukkit.configuration.file.FileConfiguration.load(FileConfiguration.java:160) ~[pluto-api-1.21.4-R0.1-SNAPSHOT.jar:?]
	at org.bukkit.configuration.file.FileConfiguration.load(FileConfiguration.java:128) ~[pluto-api-1.21.4-R0.1-SNAPSHOT.jar:?]
	at org.bukkit.configuration.file.YamlConfiguration.loadConfiguration(YamlConfiguration.java:310) ~[pluto-api-1.21.4-R0.1-SNAPSHOT.jar:?]
	at MythicMobs-5.11.1.jar/io.lumine.mythic.bukkit.utils.config.properties.types.NodeListProp.getNodes(NodeListProp.java:43) ~[MythicMobs-5.11.1.jar:?]
	at MythicMobs-5.11.1.jar/io.lumine.mythic.core.mobs.MobExecutor.loadMobs(MobExecutor.java:126) ~[MythicMobs-5.11.1.jar:?]
	at MythicMobs-5.11.1.jar/io.lumine.mythic.core.config.ConfigExecutor.load(ConfigExecutor.java:464) ~[MythicMobs-5.11.1.jar:?]
	at MythicMobs-5.11.1.jar/io.lumine.mythic.bukkit.MythicBukkit.enable(MythicBukkit.java:200) ~[MythicMobs-5.11.1.jar:?]
	at MythicMobs-5.11.1.jar/io.lumine.mythic.bukkit.utils.plugin.LuminePlugin.onEnable(LuminePlugin.java:81) ~[MythicMobs-5.11.1.jar:?]
	at org.bukkit.plugin.java.JavaPlugin.setEnabled(JavaPlugin.java:280) ~[pluto-api-1.21.4-R0.1-SNAPSHOT.jar:?]
	at io.papermc.paper.plugin.manager.PaperPluginInstanceManager.enablePlugin(PaperPluginInstanceManager.java:202) ~[pluto-1.21.4.jar:1.21.4-37-412ab86]
	at io.papermc.paper.plugin.manager.PaperPluginManagerImpl.enablePlugin(PaperPluginManagerImpl.java:109) ~[pluto-1.21.4.jar:1.21.4-37-412ab86]
	at org.bukkit.plugin.SimplePluginManager.enablePlugin(SimplePluginManager.java:520) ~[pluto-api-1.21.4-R0.1-SNAPSHOT.jar:?]
	at org.bukkit.craftbukkit.CraftServer.enablePlugin(CraftServer.java:658) ~[pluto-1.21.4.jar:1.21.4-37-412ab86]
	at org.bukkit.craftbukkit.CraftServer.enablePlugins(CraftServer.java:607) ~[pluto-1.21.4.jar:1.21.4-37-412ab86]
	at net.minecraft.server.MinecraftServer.loadWorld0(MinecraftServer.java:744) ~[pluto-1.21.4.jar:1.21.4-37-412ab86]
	at net.minecraft.server.MinecraftServer.loadLevel(MinecraftServer.java:489) ~[pluto-1.21.4.jar:1.21.4-37-412ab86]
	at net.minecraft.server.dedicated.DedicatedServer.initServer(DedicatedServer.java:325) ~[pluto-1.21.4.jar:1.21.4-37-412ab86]
	at net.minecraft.server.MinecraftServer.runServer(MinecraftServer.java:1164) ~[pluto-1.21.4.jar:1.21.4-37-412ab86]
	at net.minecraft.server.MinecraftServer.lambda$spin$2(MinecraftServer.java:311) ~[pluto-1.21.4.jar:1.21.4-37-412ab86]
	at java.base/java.lang.Thread.run(Thread.java:1583) ~[?:?]
Caused by: org.yaml.snakeyaml.parser.ParserException: expected '<document start>', but found '<block mapping start>'
 in 'reader', line 13, column 1:
    vd_historical_infantry1crimson_m ... 
    ^

	at org.yaml.snakeyaml.parser.ParserImpl$ParseDocumentStart.produce(ParserImpl.java:250) ~[snakeyaml-2.2.jar:?]
	at org.yaml.snakeyaml.parser.ParserImpl.peekEvent(ParserImpl.java:161) ~[snakeyaml-2.2.jar:?]
	at org.yaml.snakeyaml.parser.ParserImpl.checkEvent(ParserImpl.java:152) ~[snakeyaml-2.2.jar:?]
	at org.yaml.snakeyaml.composer.Composer.getSingleNode(Composer.java:160) ~[snakeyaml-2.2.jar:?]
	at org.yaml.snakeyaml.Yaml.compose(Yaml.java:575) ~[snakeyaml-2.2.jar:?]
	at org.bukkit.configuration.file.YamlConfiguration.loadFromString(YamlConfiguration.java:105) ~[pluto-api-1.21.4-R0.1-SNAPSHOT.jar:?]
	... 20 more
[04:59:41] [Server thread/ERROR]: [MythicMobs] An error occurred while loading MythicConfig file /workspaces/urban-happiness/servidor_minecraft/plugins/MythicMobs/packs/historical/Mobs/vd_historical_infantry1blue_additional_mobs.yml:
[04:59:41] [Server thread/WARN]: org.bukkit.configuration.InvalidConfigurationException: expected '<document start>', but found '<block mapping start>'
[04:59:41] [Server thread/WARN]:  in 'reader', line 13, column 1:
[04:59:41] [Server thread/WARN]:     vd_historical_infantry1blue_mob_ ... 
[04:59:41] [Server thread/WARN]:     ^
[04:59:41] [Server thread/WARN]: 
[04:59:41] [Server thread/WARN]: 	at org.bukkit.configuration.file.YamlConfiguration.loadFromString(YamlConfiguration.java:112)
[04:59:41] [Server thread/WARN]: 	at org.bukkit.configuration.file.FileConfiguration.load(FileConfiguration.java:160)
[04:59:41] [Server thread/WARN]: 	at org.bukkit.configuration.file.FileConfiguration.load(FileConfiguration.java:128)
[04:59:41] [Server thread/WARN]: 	at MythicMobs-5.11.1.jar//io.lumine.mythic.core.config.MythicConfigImpl.<init>(MythicConfigImpl.java:65)
[04:59:41] [Server thread/WARN]: 	at MythicMobs-5.11.1.jar//io.lumine.mythic.core.config.MythicConfigImpl.<init>(MythicConfigImpl.java:49)
[04:59:41] [Server thread/WARN]: 	at MythicMobs-5.11.1.jar//io.lumine.mythic.core.mobs.MobExecutor.loadMobs(MobExecutor.java:124)
[04:59:41] [Server thread/WARN]: 	at MythicMobs-5.11.1.jar//io.lumine.mythic.core.config.ConfigExecutor.load(ConfigExecutor.java:464)
[04:59:41] [Server thread/WARN]: 	at MythicMobs-5.11.1.jar//io.lumine.mythic.bukkit.MythicBukkit.enable(MythicBukkit.java:200)
[04:59:41] [Server thread/WARN]: 	at MythicMobs-5.11.1.jar//io.lumine.mythic.bukkit.utils.plugin.LuminePlugin.onEnable(LuminePlugin.java:81)
[04:59:41] [Server thread/WARN]: 	at org.bukkit.plugin.java.JavaPlugin.setEnabled(JavaPlugin.java:280)
[04:59:41] [Server thread/WARN]: 	at io.papermc.paper.plugin.manager.PaperPluginInstanceManager.enablePlugin(PaperPluginInstanceManager.java:202)
[04:59:41] [Server thread/WARN]: 	at io.papermc.paper.plugin.manager.PaperPluginManagerImpl.enablePlugin(PaperPluginManagerImpl.java:109)
[04:59:41] [Server thread/WARN]: 	at org.bukkit.plugin.SimplePluginManager.enablePlugin(SimplePluginManager.java:520)
[04:59:41] [Server thread/WARN]: 	at org.bukkit.craftbukkit.CraftServer.enablePlugin(CraftServer.java:658)
[04:59:41] [Server thread/WARN]: 	at org.bukkit.craftbukkit.CraftServer.enablePlugins(CraftServer.java:607)
[04:59:41] [Server thread/WARN]: 	at net.minecraft.server.MinecraftServer.loadWorld0(MinecraftServer.java:744)
[04:59:41] [Server thread/WARN]: 	at net.minecraft.server.MinecraftServer.loadLevel(MinecraftServer.java:489)
[04:59:41] [Server thread/WARN]: 	at net.minecraft.server.dedicated.DedicatedServer.initServer(DedicatedServer.java:325)
[04:59:41] [Server thread/WARN]: 	at net.minecraft.server.MinecraftServer.runServer(MinecraftServer.java:1164)
[04:59:41] [Server thread/WARN]: 	at net.minecraft.server.MinecraftServer.lambda$spin$2(MinecraftServer.java:311)
[04:59:41] [Server thread/WARN]: 	at java.base/java.lang.Thread.run(Thread.java:1583)
[04:59:41] [Server thread/WARN]: Caused by: expected '<document start>', but found '<block mapping start>'
[04:59:41] [Server thread/WARN]:  in 'reader', line 13, column 1:
[04:59:41] [Server thread/WARN]:     vd_historical_infantry1blue_mob_ ... 
[04:59:41] [Server thread/WARN]:     ^
[04:59:41] [Server thread/WARN]: 
[04:59:41] [Server thread/WARN]: 	at org.yaml.snakeyaml.parser.ParserImpl$ParseDocumentStart.produce(ParserImpl.java:250)
[04:59:41] [Server thread/WARN]: 	at org.yaml.snakeyaml.parser.ParserImpl.peekEvent(ParserImpl.java:161)
[04:59:41] [Server thread/WARN]: 	at org.yaml.snakeyaml.parser.ParserImpl.checkEvent(ParserImpl.java:152)
[04:59:41] [Server thread/WARN]: 	at org.yaml.snakeyaml.composer.Composer.getSingleNode(Composer.java:160)
[04:59:41] [Server thread/WARN]: 	at org.yaml.snakeyaml.Yaml.compose(Yaml.java:575)
[04:59:41] [Server thread/WARN]: 	at org.bukkit.configuration.file.YamlConfiguration.loadFromString(YamlConfiguration.java:105)
[04:59:41] [Server thread/WARN]: 	... 20 more
[04:59:41] [Server thread/WARN]: org.bukkit.configuration.InvalidConfigurationException: expected '<document start>', but found '<block mapping start>'
[04:59:41] [Server thread/WARN]:  in 'reader', line 13, column 1:
[04:59:41] [Server thread/WARN]:     vd_historical_infantry1blue_mob_ ... 
[04:59:41] [Server thread/WARN]:     ^
[04:59:41] [Server thread/WARN]: 
[04:59:41] [Server thread/WARN]: 	at org.bukkit.configuration.file.YamlConfiguration.loadFromString(YamlConfiguration.java:112)
[04:59:41] [Server thread/WARN]: 	at org.bukkit.configuration.file.FileConfiguration.load(FileConfiguration.java:160)
[04:59:41] [Server thread/WARN]: 	at org.bukkit.configuration.file.FileConfiguration.load(FileConfiguration.java:128)
[04:59:41] [Server thread/WARN]: 	at MythicMobs-5.11.1.jar//io.lumine.mythic.core.config.MythicConfigImpl.<init>(MythicConfigImpl.java:71)
[04:59:41] [Server thread/WARN]: 	at MythicMobs-5.11.1.jar//io.lumine.mythic.core.config.MythicConfigImpl.<init>(MythicConfigImpl.java:49)
[04:59:41] [Server thread/WARN]: 	at MythicMobs-5.11.1.jar//io.lumine.mythic.core.mobs.MobExecutor.loadMobs(MobExecutor.java:124)
[04:59:41] [Server thread/WARN]: 	at MythicMobs-5.11.1.jar//io.lumine.mythic.core.config.ConfigExecutor.load(ConfigExecutor.java:464)
[04:59:41] [Server thread/WARN]: 	at MythicMobs-5.11.1.jar//io.lumine.mythic.bukkit.MythicBukkit.enable(MythicBukkit.java:200)
[04:59:41] [Server thread/WARN]: 	at MythicMobs-5.11.1.jar//io.lumine.mythic.bukkit.utils.plugin.LuminePlugin.onEnable(LuminePlugin.java:81)
[04:59:41] [Server thread/WARN]: 	at org.bukkit.plugin.java.JavaPlugin.setEnabled(JavaPlugin.java:280)
[04:59:41] [Server thread/WARN]: 	at io.papermc.paper.plugin.manager.PaperPluginInstanceManager.enablePlugin(PaperPluginInstanceManager.java:202)
[04:59:41] [Server thread/WARN]: 	at io.papermc.paper.plugin.manager.PaperPluginManagerImpl.enablePlugin(PaperPluginManagerImpl.java:109)
[04:59:41] [Server thread/WARN]: 	at org.bukkit.plugin.SimplePluginManager.enablePlugin(SimplePluginManager.java:520)
[04:59:41] [Server thread/WARN]: 	at org.bukkit.craftbukkit.CraftServer.enablePlugin(CraftServer.java:658)
[04:59:41] [Server thread/WARN]: 	at org.bukkit.craftbukkit.CraftServer.enablePlugins(CraftServer.java:607)
[04:59:41] [Server thread/WARN]: 	at net.minecraft.server.MinecraftServer.loadWorld0(MinecraftServer.java:744)
[04:59:41] [Server thread/WARN]: 	at net.minecraft.server.MinecraftServer.loadLevel(MinecraftServer.java:489)
[04:59:41] [Server thread/WARN]: 	at net.minecraft.server.dedicated.DedicatedServer.initServer(DedicatedServer.java:325)
[04:59:41] [Server thread/WARN]: 	at net.minecraft.server.MinecraftServer.runServer(MinecraftServer.java:1164)
[04:59:41] [Server thread/WARN]: 	at net.minecraft.server.MinecraftServer.lambda$spin$2(MinecraftServer.java:311)
[04:59:41] [Server thread/WARN]: 	at java.base/java.lang.Thread.run(Thread.java:1583)
[04:59:41] [Server thread/WARN]: Caused by: expected '<document start>', but found '<block mapping start>'
[04:59:41] [Server thread/WARN]:  in 'reader', line 13, column 1:
[04:59:41] [Server thread/WARN]:     vd_historical_infantry1blue_mob_ ... 
[04:59:41] [Server thread/WARN]:     ^
[04:59:41] [Server thread/WARN]: 
[04:59:41] [Server thread/WARN]: 	at org.yaml.snakeyaml.parser.ParserImpl$ParseDocumentStart.produce(ParserImpl.java:250)
[04:59:41] [Server thread/WARN]: 	at org.yaml.snakeyaml.parser.ParserImpl.peekEvent(ParserImpl.java:161)
[04:59:41] [Server thread/WARN]: 	at org.yaml.snakeyaml.parser.ParserImpl.checkEvent(ParserImpl.java:152)
[04:59:41] [Server thread/WARN]: 	at org.yaml.snakeyaml.composer.Composer.getSingleNode(Composer.java:160)
[04:59:41] [Server thread/WARN]: 	at org.yaml.snakeyaml.Yaml.compose(Yaml.java:575)
[04:59:41] [Server thread/WARN]: 	at org.bukkit.configuration.file.YamlConfiguration.loadFromString(YamlConfiguration.java:105)
[04:59:41] [Server thread/WARN]: 	... 20 more
[04:59:41] [Server thread/ERROR]: Cannot load /workspaces/urban-happiness/servidor_minecraft/plugins/MythicMobs/packs/historical/Mobs/vd_historical_infantry1blue_additional_mobs.yml
org.bukkit.configuration.InvalidConfigurationException: expected '<document start>', but found '<block mapping start>'
 in 'reader', line 13, column 1:
    vd_historical_infantry1blue_mob_ ... 
    ^

	at org.bukkit.configuration.file.YamlConfiguration.loadFromString(YamlConfiguration.java:112) ~[pluto-api-1.21.4-R0.1-SNAPSHOT.jar:?]
	at org.bukkit.configuration.file.FileConfiguration.load(FileConfiguration.java:160) ~[pluto-api-1.21.4-R0.1-SNAPSHOT.jar:?]
	at org.bukkit.configuration.file.FileConfiguration.load(FileConfiguration.java:128) ~[pluto-api-1.21.4-R0.1-SNAPSHOT.jar:?]
	at org.bukkit.configuration.file.YamlConfiguration.loadConfiguration(YamlConfiguration.java:310) ~[pluto-api-1.21.4-R0.1-SNAPSHOT.jar:?]
	at MythicMobs-5.11.1.jar/io.lumine.mythic.bukkit.utils.config.properties.types.NodeListProp.getNodes(NodeListProp.java:43) ~[MythicMobs-5.11.1.jar:?]
	at MythicMobs-5.11.1.jar/io.lumine.mythic.core.mobs.MobExecutor.loadMobs(MobExecutor.java:126) ~[MythicMobs-5.11.1.jar:?]
	at MythicMobs-5.11.1.jar/io.lumine.mythic.core.config.ConfigExecutor.load(ConfigExecutor.java:464) ~[MythicMobs-5.11.1.jar:?]
	at MythicMobs-5.11.1.jar/io.lumine.mythic.bukkit.MythicBukkit.enable(MythicBukkit.java:200) ~[MythicMobs-5.11.1.jar:?]
	at MythicMobs-5.11.1.jar/io.lumine.mythic.bukkit.utils.plugin.LuminePlugin.onEnable(LuminePlugin.java:81) ~[MythicMobs-5.11.1.jar:?]
	at org.bukkit.plugin.java.JavaPlugin.setEnabled(JavaPlugin.java:280) ~[pluto-api-1.21.4-R0.1-SNAPSHOT.jar:?]
	at io.papermc.paper.plugin.manager.PaperPluginInstanceManager.enablePlugin(PaperPluginInstanceManager.java:202) ~[pluto-1.21.4.jar:1.21.4-37-412ab86]
	at io.papermc.paper.plugin.manager.PaperPluginManagerImpl.enablePlugin(PaperPluginManagerImpl.java:109) ~[pluto-1.21.4.jar:1.21.4-37-412ab86]
	at org.bukkit.plugin.SimplePluginManager.enablePlugin(SimplePluginManager.java:520) ~[pluto-api-1.21.4-R0.1-SNAPSHOT.jar:?]
	at org.bukkit.craftbukkit.CraftServer.enablePlugin(CraftServer.java:658) ~[pluto-1.21.4.jar:1.21.4-37-412ab86]
	at org.bukkit.craftbukkit.CraftServer.enablePlugins(CraftServer.java:607) ~[pluto-1.21.4.jar:1.21.4-37-412ab86]
	at net.minecraft.server.MinecraftServer.loadWorld0(MinecraftServer.java:744) ~[pluto-1.21.4.jar:1.21.4-37-412ab86]
	at net.minecraft.server.MinecraftServer.loadLevel(MinecraftServer.java:489) ~[pluto-1.21.4.jar:1.21.4-37-412ab86]
	at net.minecraft.server.dedicated.DedicatedServer.initServer(DedicatedServer.java:325) ~[pluto-1.21.4.jar:1.21.4-37-412ab86]
	at net.minecraft.server.MinecraftServer.runServer(MinecraftServer.java:1164) ~[pluto-1.21.4.jar:1.21.4-37-412ab86]
	at net.minecraft.server.MinecraftServer.lambda$spin$2(MinecraftServer.java:311) ~[pluto-1.21.4.jar:1.21.4-37-412ab86]
	at java.base/java.lang.Thread.run(Thread.java:1583) ~[?:?]
Caused by: org.yaml.snakeyaml.parser.ParserException: expected '<document start>', but found '<block mapping start>'
 in 'reader', line 13, column 1:
    vd_historical_infantry1blue_mob_ ... 
    ^

	at org.yaml.snakeyaml.parser.ParserImpl$ParseDocumentStart.produce(ParserImpl.java:250) ~[snakeyaml-2.2.jar:?]
	at org.yaml.snakeyaml.parser.ParserImpl.peekEvent(ParserImpl.java:161) ~[snakeyaml-2.2.jar:?]
	at org.yaml.snakeyaml.parser.ParserImpl.checkEvent(ParserImpl.java:152) ~[snakeyaml-2.2.jar:?]
	at org.yaml.snakeyaml.composer.Composer.getSingleNode(Composer.java:160) ~[snakeyaml-2.2.jar:?]
	at org.yaml.snakeyaml.Yaml.compose(Yaml.java:575) ~[snakeyaml-2.2.jar:?]
	at org.bukkit.configuration.file.YamlConfiguration.loadFromString(YamlConfiguration.java:105) ~[pluto-api-1.21.4-R0.1-SNAPSHOT.jar:?]
	... 20 more
[04:59:41] [Server thread/ERROR]: [MythicMobs] An error occurred while loading MythicConfig file /workspaces/urban-happiness/servidor_minecraft/plugins/MythicMobs/packs/historical/Mobs/vd_historical_infantry1blue_mobs.yml:
[04:59:41] [Server thread/WARN]: org.bukkit.configuration.InvalidConfigurationException: expected '<document start>', but found '<block mapping start>'
[04:59:41] [Server thread/WARN]:  in 'reader', line 47, column 1:
[04:59:41] [Server thread/WARN]:     vd_historical_infantry1blue_mob_ ... 
[04:59:41] [Server thread/WARN]:     ^
[04:59:41] [Server thread/WARN]: 
[04:59:41] [Server thread/WARN]: 	at org.bukkit.configuration.file.YamlConfiguration.loadFromString(YamlConfiguration.java:112)
[04:59:41] [Server thread/WARN]: 	at org.bukkit.configuration.file.FileConfiguration.load(FileConfiguration.java:160)
[04:59:41] [Server thread/WARN]: 	at org.bukkit.configuration.file.FileConfiguration.load(FileConfiguration.java:128)
[04:59:41] [Server thread/WARN]: 	at MythicMobs-5.11.1.jar//io.lumine.mythic.core.config.MythicConfigImpl.<init>(MythicConfigImpl.java:65)
[04:59:41] [Server thread/WARN]: 	at MythicMobs-5.11.1.jar//io.lumine.mythic.core.config.MythicConfigImpl.<init>(MythicConfigImpl.java:49)
[04:59:41] [Server thread/WARN]: 	at MythicMobs-5.11.1.jar//io.lumine.mythic.core.mobs.MobExecutor.loadMobs(MobExecutor.java:124)
[04:59:41] [Server thread/WARN]: 	at MythicMobs-5.11.1.jar//io.lumine.mythic.core.config.ConfigExecutor.load(ConfigExecutor.java:464)
[04:59:41] [Server thread/WARN]: 	at MythicMobs-5.11.1.jar//io.lumine.mythic.bukkit.MythicBukkit.enable(MythicBukkit.java:200)
[04:59:41] [Server thread/WARN]: 	at MythicMobs-5.11.1.jar//io.lumine.mythic.bukkit.utils.plugin.LuminePlugin.onEnable(LuminePlugin.java:81)
[04:59:41] [Server thread/WARN]: 	at org.bukkit.plugin.java.JavaPlugin.setEnabled(JavaPlugin.java:280)
[04:59:41] [Server thread/WARN]: 	at io.papermc.paper.plugin.manager.PaperPluginInstanceManager.enablePlugin(PaperPluginInstanceManager.java:202)
[04:59:41] [Server thread/WARN]: 	at io.papermc.paper.plugin.manager.PaperPluginManagerImpl.enablePlugin(PaperPluginManagerImpl.java:109)
[04:59:41] [Server thread/WARN]: 	at org.bukkit.plugin.SimplePluginManager.enablePlugin(SimplePluginManager.java:520)
[04:59:41] [Server thread/WARN]: 	at org.bukkit.craftbukkit.CraftServer.enablePlugin(CraftServer.java:658)
[04:59:41] [Server thread/WARN]: 	at org.bukkit.craftbukkit.CraftServer.enablePlugins(CraftServer.java:607)
[04:59:41] [Server thread/WARN]: 	at net.minecraft.server.MinecraftServer.loadWorld0(MinecraftServer.java:744)
[04:59:41] [Server thread/WARN]: 	at net.minecraft.server.MinecraftServer.loadLevel(MinecraftServer.java:489)
[04:59:41] [Server thread/WARN]: 	at net.minecraft.server.dedicated.DedicatedServer.initServer(DedicatedServer.java:325)
[04:59:41] [Server thread/WARN]: 	at net.minecraft.server.MinecraftServer.runServer(MinecraftServer.java:1164)
[04:59:41] [Server thread/WARN]: 	at net.minecraft.server.MinecraftServer.lambda$spin$2(MinecraftServer.java:311)
[04:59:41] [Server thread/WARN]: 	at java.base/java.lang.Thread.run(Thread.java:1583)
[04:59:41] [Server thread/WARN]: Caused by: expected '<document start>', but found '<block mapping start>'
[04:59:41] [Server thread/WARN]:  in 'reader', line 47, column 1:
[04:59:41] [Server thread/WARN]:     vd_historical_infantry1blue_mob_ ... 
[04:59:41] [Server thread/WARN]:     ^
[04:59:41] [Server thread/WARN]: 
[04:59:41] [Server thread/WARN]: 	at org.yaml.snakeyaml.parser.ParserImpl$ParseDocumentStart.produce(ParserImpl.java:250)
[04:59:41] [Server thread/WARN]: 	at org.yaml.snakeyaml.parser.ParserImpl.peekEvent(ParserImpl.java:161)
[04:59:41] [Server thread/WARN]: 	at org.yaml.snakeyaml.parser.ParserImpl.checkEvent(ParserImpl.java:152)
[04:59:41] [Server thread/WARN]: 	at org.yaml.snakeyaml.composer.Composer.getSingleNode(Composer.java:160)
[04:59:41] [Server thread/WARN]: 	at org.yaml.snakeyaml.Yaml.compose(Yaml.java:575)
[04:59:41] [Server thread/WARN]: 	at org.bukkit.configuration.file.YamlConfiguration.loadFromString(YamlConfiguration.java:105)
[04:59:41] [Server thread/WARN]: 	... 20 more
[04:59:41] [Server thread/WARN]: org.bukkit.configuration.InvalidConfigurationException: expected '<document start>', but found '<block mapping start>'
[04:59:41] [Server thread/WARN]:  in 'reader', line 47, column 1:
[04:59:41] [Server thread/WARN]:     vd_historical_infantry1blue_mob_ ... 
[04:59:41] [Server thread/WARN]:     ^
[04:59:41] [Server thread/WARN]: 
[04:59:41] [Server thread/WARN]: 	at org.bukkit.configuration.file.YamlConfiguration.loadFromString(YamlConfiguration.java:112)
[04:59:41] [Server thread/WARN]: 	at org.bukkit.configuration.file.FileConfiguration.load(FileConfiguration.java:160)
[04:59:41] [Server thread/WARN]: 	at org.bukkit.configuration.file.FileConfiguration.load(FileConfiguration.java:128)
[04:59:41] [Server thread/WARN]: 	at MythicMobs-5.11.1.jar//io.lumine.mythic.core.config.MythicConfigImpl.<init>(MythicConfigImpl.java:71)
[04:59:41] [Server thread/WARN]: 	at MythicMobs-5.11.1.jar//io.lumine.mythic.core.config.MythicConfigImpl.<init>(MythicConfigImpl.java:49)
[04:59:41] [Server thread/WARN]: 	at MythicMobs-5.11.1.jar//io.lumine.mythic.core.mobs.MobExecutor.loadMobs(MobExecutor.java:124)
[04:59:41] [Server thread/WARN]: 	at MythicMobs-5.11.1.jar//io.lumine.mythic.core.config.ConfigExecutor.load(ConfigExecutor.java:464)
[04:59:41] [Server thread/WARN]: 	at MythicMobs-5.11.1.jar//io.lumine.mythic.bukkit.MythicBukkit.enable(MythicBukkit.java:200)
[04:59:41] [Server thread/WARN]: 	at MythicMobs-5.11.1.jar//io.lumine.mythic.bukkit.utils.plugin.LuminePlugin.onEnable(LuminePlugin.java:81)
[04:59:41] [Server thread/WARN]: 	at org.bukkit.plugin.java.JavaPlugin.setEnabled(JavaPlugin.java:280)
[04:59:41] [Server thread/WARN]: 	at io.papermc.paper.plugin.manager.PaperPluginInstanceManager.enablePlugin(PaperPluginInstanceManager.java:202)
[04:59:41] [Server thread/WARN]: 	at io.papermc.paper.plugin.manager.PaperPluginManagerImpl.enablePlugin(PaperPluginManagerImpl.java:109)
[04:59:41] [Server thread/WARN]: 	at org.bukkit.plugin.SimplePluginManager.enablePlugin(SimplePluginManager.java:520)
[04:59:41] [Server thread/WARN]: 	at org.bukkit.craftbukkit.CraftServer.enablePlugin(CraftServer.java:658)
[04:59:41] [Server thread/WARN]: 	at org.bukkit.craftbukkit.CraftServer.enablePlugins(CraftServer.java:607)
[04:59:41] [Server thread/WARN]: 	at net.minecraft.server.MinecraftServer.loadWorld0(MinecraftServer.java:744)
[04:59:41] [Server thread/WARN]: 	at net.minecraft.server.MinecraftServer.loadLevel(MinecraftServer.java:489)
[04:59:41] [Server thread/WARN]: 	at net.minecraft.server.dedicated.DedicatedServer.initServer(DedicatedServer.java:325)
[04:59:41] [Server thread/WARN]: 	at net.minecraft.server.MinecraftServer.runServer(MinecraftServer.java:1164)
[04:59:41] [Server thread/WARN]: 	at net.minecraft.server.MinecraftServer.lambda$spin$2(MinecraftServer.java:311)
[04:59:41] [Server thread/WARN]: 	at java.base/java.lang.Thread.run(Thread.java:1583)
[04:59:41] [Server thread/WARN]: Caused by: expected '<document start>', but found '<block mapping start>'
[04:59:41] [Server thread/WARN]:  in 'reader', line 47, column 1:
[04:59:41] [Server thread/WARN]:     vd_historical_infantry1blue_mob_ ... 
[04:59:41] [Server thread/WARN]:     ^
[04:59:41] [Server thread/WARN]: 
[04:59:41] [Server thread/WARN]: 	at org.yaml.snakeyaml.parser.ParserImpl$ParseDocumentStart.produce(ParserImpl.java:250)
[04:59:41] [Server thread/WARN]: 	at org.yaml.snakeyaml.parser.ParserImpl.peekEvent(ParserImpl.java:161)
[04:59:41] [Server thread/WARN]: 	at org.yaml.snakeyaml.parser.ParserImpl.checkEvent(ParserImpl.java:152)
[04:59:41] [Server thread/WARN]: 	at org.yaml.snakeyaml.composer.Composer.getSingleNode(Composer.java:160)
[04:59:41] [Server thread/WARN]: 	at org.yaml.snakeyaml.Yaml.compose(Yaml.java:575)
[04:59:41] [Server thread/WARN]: 	at org.bukkit.configuration.file.YamlConfiguration.loadFromString(YamlConfiguration.java:105)
[04:59:41] [Server thread/WARN]: 	... 20 more
[04:59:41] [Server thread/ERROR]: Cannot load /workspaces/urban-happiness/servidor_minecraft/plugins/MythicMobs/packs/historical/Mobs/vd_historical_infantry1blue_mobs.yml
org.bukkit.configuration.InvalidConfigurationException: expected '<document start>', but found '<block mapping start>'
 in 'reader', line 47, column 1:
    vd_historical_infantry1blue_mob_ ... 
    ^

	at org.bukkit.configuration.file.YamlConfiguration.loadFromString(YamlConfiguration.java:112) ~[pluto-api-1.21.4-R0.1-SNAPSHOT.jar:?]
	at org.bukkit.configuration.file.FileConfiguration.load(FileConfiguration.java:160) ~[pluto-api-1.21.4-R0.1-SNAPSHOT.jar:?]
	at org.bukkit.configuration.file.FileConfiguration.load(FileConfiguration.java:128) ~[pluto-api-1.21.4-R0.1-SNAPSHOT.jar:?]
	at org.bukkit.configuration.file.YamlConfiguration.loadConfiguration(YamlConfiguration.java:310) ~[pluto-api-1.21.4-R0.1-SNAPSHOT.jar:?]
	at MythicMobs-5.11.1.jar/io.lumine.mythic.bukkit.utils.config.properties.types.NodeListProp.getNodes(NodeListProp.java:43) ~[MythicMobs-5.11.1.jar:?]
	at MythicMobs-5.11.1.jar/io.lumine.mythic.core.mobs.MobExecutor.loadMobs(MobExecutor.java:126) ~[MythicMobs-5.11.1.jar:?]
	at MythicMobs-5.11.1.jar/io.lumine.mythic.core.config.ConfigExecutor.load(ConfigExecutor.java:464) ~[MythicMobs-5.11.1.jar:?]
	at MythicMobs-5.11.1.jar/io.lumine.mythic.bukkit.MythicBukkit.enable(MythicBukkit.java:200) ~[MythicMobs-5.11.1.jar:?]
	at MythicMobs-5.11.1.jar/io.lumine.mythic.bukkit.utils.plugin.LuminePlugin.onEnable(LuminePlugin.java:81) ~[MythicMobs-5.11.1.jar:?]
	at org.bukkit.plugin.java.JavaPlugin.setEnabled(JavaPlugin.java:280) ~[pluto-api-1.21.4-R0.1-SNAPSHOT.jar:?]
	at io.papermc.paper.plugin.manager.PaperPluginInstanceManager.enablePlugin(PaperPluginInstanceManager.java:202) ~[pluto-1.21.4.jar:1.21.4-37-412ab86]
	at io.papermc.paper.plugin.manager.PaperPluginManagerImpl.enablePlugin(PaperPluginManagerImpl.java:109) ~[pluto-1.21.4.jar:1.21.4-37-412ab86]
	at org.bukkit.plugin.SimplePluginManager.enablePlugin(SimplePluginManager.java:520) ~[pluto-api-1.21.4-R0.1-SNAPSHOT.jar:?]
	at org.bukkit.craftbukkit.CraftServer.enablePlugin(CraftServer.java:658) ~[pluto-1.21.4.jar:1.21.4-37-412ab86]
	at org.bukkit.craftbukkit.CraftServer.enablePlugins(CraftServer.java:607) ~[pluto-1.21.4.jar:1.21.4-37-412ab86]
	at net.minecraft.server.MinecraftServer.loadWorld0(MinecraftServer.java:744) ~[pluto-1.21.4.jar:1.21.4-37-412ab86]
	at net.minecraft.server.MinecraftServer.loadLevel(MinecraftServer.java:489) ~[pluto-1.21.4.jar:1.21.4-37-412ab86]
	at net.minecraft.server.dedicated.DedicatedServer.initServer(DedicatedServer.java:325) ~[pluto-1.21.4.jar:1.21.4-37-412ab86]
	at net.minecraft.server.MinecraftServer.runServer(MinecraftServer.java:1164) ~[pluto-1.21.4.jar:1.21.4-37-412ab86]
	at net.minecraft.server.MinecraftServer.lambda$spin$2(MinecraftServer.java:311) ~[pluto-1.21.4.jar:1.21.4-37-412ab86]
	at java.base/java.lang.Thread.run(Thread.java:1583) ~[?:?]
Caused by: org.yaml.snakeyaml.parser.ParserException: expected '<document start>', but found '<block mapping start>'
 in 'reader', line 47, column 1:
    vd_historical_infantry1blue_mob_ ... 
    ^

	at org.yaml.snakeyaml.parser.ParserImpl$ParseDocumentStart.produce(ParserImpl.java:250) ~[snakeyaml-2.2.jar:?]
	at org.yaml.snakeyaml.parser.ParserImpl.peekEvent(ParserImpl.java:161) ~[snakeyaml-2.2.jar:?]
	at org.yaml.snakeyaml.parser.ParserImpl.checkEvent(ParserImpl.java:152) ~[snakeyaml-2.2.jar:?]
	at org.yaml.snakeyaml.composer.Composer.getSingleNode(Composer.java:160) ~[snakeyaml-2.2.jar:?]
	at org.yaml.snakeyaml.Yaml.compose(Yaml.java:575) ~[snakeyaml-2.2.jar:?]
	at org.bukkit.configuration.file.YamlConfiguration.loadFromString(YamlConfiguration.java:105) ~[pluto-api-1.21.4-R0.1-SNAPSHOT.jar:?]
	... 20 more
[04:59:42] [Server thread/INFO]: [MythicMobs] Loading Drop Tables...
[04:59:42] [Server thread/INFO]: [MythicMobs] File ExampleDropTables.yml not found! Creating a new one...
[04:59:42] [Server thread/INFO]: [MythicMobs] Loading Random Spawns...
[04:59:42] [Server thread/INFO]: [MythicMobs] File ExampleRandomSpawns.yml not found! Creating a new one...
[04:59:42] [Server thread/WARN]: [MythicMobs] ✗ Configuration Error in RandomSpawn netherman_spawn
[04:59:42] [Server thread/WARN]: [MythicMobs] --| File: Unknown
[04:59:42] [Server thread/WARN]: [MythicMobs] --| Error Message: No valid mob types configured
[04:59:42] [Server thread/WARN]: [MythicMobs] ✗ Configuration Error in RandomSpawn warped_creeper_spawn
[04:59:42] [Server thread/WARN]: [MythicMobs] --| File: Unknown
[04:59:42] [Server thread/WARN]: [MythicMobs] --| Error Message: No valid mob types configured
[04:59:42] [Server thread/WARN]: [MythicMobs] ✗ Configuration Error in RandomSpawn crimson_skeleton_spawn
[04:59:42] [Server thread/WARN]: [MythicMobs] --| File: Unknown
[04:59:42] [Server thread/WARN]: [MythicMobs] --| Error Message: No valid mob types configured
[04:59:42] [Server thread/WARN]: [MythicMobs] ✗ Configuration Error in RandomSpawn nether_scorpion_spawn
[04:59:42] [Server thread/WARN]: [MythicMobs] --| File: Unknown
[04:59:42] [Server thread/WARN]: [MythicMobs] --| Error Message: No valid mob types configured
[04:59:42] [Server thread/WARN]: [MythicMobs] ✗ Configuration Error in RandomSpawn nether_zombie_spawn
[04:59:42] [Server thread/WARN]: [MythicMobs] --| File: Unknown
[04:59:42] [Server thread/WARN]: [MythicMobs] --| Error Message: No valid mob types configured
[04:59:42] [Server thread/INFO]: [MythicMobs] Loading Spawn Blocks...
[04:59:42] [Server thread/WARN]: [MythicMobs] ✗ Configuration Error in Mechanic metaskill
[04:59:42] [Server thread/WARN]: [MythicMobs] --| Skill: EarthDragonDeathPetMechanic | File: /workspaces/urban-happiness/servidor_minecraft/plugins/MythicMobs/skills/EarthDragonPetSkill.yml
[04:59:42] [Server thread/WARN]: [MythicMobs] --| Error Message: Could not find MetaSkill EarthDragonDeathPet
[04:59:42] [Server thread/WARN]: [MythicMobs] --| Mechanic Line: skill{s=EarthDragonDeathPet}
[04:59:42] [Server thread/WARN]: [MythicMobs] ✗ Configuration Error in Mechanic metaskill
[04:59:42] [Server thread/WARN]: [MythicMobs] --| Skill: warrior_furiousslash_ST_CAST | File: /workspaces/urban-happiness/servidor_minecraft/plugins/MythicMobs/skills/warrior_class_skills_mmoitems.yml
[04:59:42] [Server thread/WARN]: [MythicMobs] --| Error Message: Could not find MetaSkill warrior_furiousslash_ST_4
[04:59:42] [Server thread/WARN]: [MythicMobs] --| Mechanic Line: skill{s=warrior_furiousslash_ST_4}
[04:59:42] [Server thread/WARN]: [MythicMobs] ✗ Configuration Error in Mechanic metaskill
[04:59:42] [Server thread/WARN]: [MythicMobs] --| Skill: warrior_furiousslash_ST_CAST | File: /workspaces/urban-happiness/servidor_minecraft/plugins/MythicMobs/skills/warrior_class_skills_mmocore.yml
[04:59:42] [Server thread/WARN]: [MythicMobs] --| Error Message: Could not find MetaSkill warrior_furiousslash_ST_4
[04:59:42] [Server thread/WARN]: [MythicMobs] --| Mechanic Line: skill{s=warrior_furiousslash_ST_4}
[04:59:42] [Server thread/WARN]: [MythicMobs] ✗ Configuration Error in Mechanic metaskill
[04:59:42] [Server thread/WARN]: [MythicMobs] --| Mob: EarthDragonMountPetDespawn | File: /workspaces/urban-happiness/servidor_minecraft/plugins/MythicMobs/mobs/EarthDragonMobs.yml
[04:59:42] [Server thread/WARN]: [MythicMobs] --| Error Message: Could not find MetaSkill EarthDragonMountDespawnSkill
[04:59:42] [Server thread/WARN]: [MythicMobs] --| Mechanic Line: skill{s=EarthDragonMountDespawnSkill}
[04:59:42] [Server thread/WARN]: [MythicMobs] ✗ Configuration Error in Mechanic metaskill
[04:59:42] [Server thread/WARN]: [MythicMobs] --| Mob: qmob_endermite | File: /workspaces/urban-happiness/servidor_minecraft/plugins/MythicMobs/packs/qpack_endVol1/Mobs/qmob_endpack.yml
[04:59:42] [Server thread/WARN]: [MythicMobs] --| Error Message: Could not find MetaSkill null
[04:59:42] [Server thread/WARN]: [MythicMobs] --| Mechanic Line: skill{s=endermiteTP;delay=<random.0to100>
[04:59:42] [Server thread/INFO]: [MythicMobs] Second passes loaded after 126ms!
[04:59:42] [Server thread/INFO]: [MythicMobs] ✓ Loaded 321 mobs.
[04:59:42] [Server thread/INFO]: [MythicMobs] ✓ Loaded 7 vanilla mob overrides.
[04:59:42] [Server thread/INFO]: [MythicMobs] ✓ Loaded 0 mob stacks.
[04:59:42] [Server thread/INFO]: [MythicMobs] ✓ Loaded 1769 skills.
[04:59:42] [Server thread/INFO]: [MythicMobs] ✓ Loaded 30 random spawns.
[04:59:42] [Server thread/INFO]: [MythicMobs] ✓ Loaded 28 mythic items.
[04:59:42] [Server thread/INFO]: [MythicMobs] ✓ Loaded 11 drop tables.
[04:59:42] [Server thread/INFO]: [MythicMobs] ✓ Loaded 20 mob spawners.
[04:59:42] [Server thread/INFO]: [MythicMobs] MythicMobs configuration file loaded successfully.
[04:59:42] [Server thread/INFO]: [MythicMobs] Started up bStats Metrics
[04:59:42] [Server thread/INFO]: [MythicMobs] ✓ MythicMobs Premium v5.11.1 ( build de409cac ) has been successfully loaded!
[04:59:43] [Server thread/INFO]: [MythicMobs] Model Engine Compatibility Loaded.
[04:59:43] [Server thread/INFO]: [ModelEngine] [S] Compatibility applied: MythicMobs
[04:59:43] [Server thread/INFO]: [MythicLib] Enabling MythicLib v1.7.1-SNAPSHOT
[04:59:43] [Server thread/INFO]: [MythicLib] [STDOUT] [Spigotunlocked.com] - Hello
[04:59:43] [Server thread/WARN]: Nag author(s): '[Indyuce]' of 'MythicLib v1.7.1-SNAPSHOT' about their usage of System.out/err.print. Please use your plugin's logger instead (JavaPlugin#getLogger).
[04:59:43] [Server thread/INFO]: [MythicLib] Hooked onto TextDisplays (holograms)
[04:59:43] [Server thread/INFO]: [MythicMobs] MMO Plugin Support has been enabled!
[04:59:43] [Server thread/INFO]: [MythicLib] Hooked onto MythicMobs
[04:59:43] [Server thread/INFO]: [MythicLib] Hooked onto ProtocolLib
[04:59:43] [Server thread/INFO]: [PlaceholderAPI] Successfully registered internal expansion: mythiclib [1.7.1-SNAPSHOT]
[04:59:43] [Server thread/INFO]: [MythicLib] Hooked onto PlaceholderAPI
[04:59:43] [Server thread/WARN]: [MythicLib] Found a dependency cycle! Please make sure that the plugins involved load with no errors.
[04:59:43] [Server thread/WARN]: [MythicLib] Plugin dependency cycle: [AxTrade, PlaceholderAPI, BlueSlimeCore, PlaceholderAPI]
[04:59:43] [Server thread/INFO]: [MythicLib] [STDOUT] [Spigotunlocked.com] - Hello
[04:59:43] [Server thread/INFO]: [MythicLib] [STDOUT] [Spigotunlocked.com] - Hello
[04:59:44] [Server thread/INFO]: [MythicLib] [STDOUT] [Spigotunlocked.com] - Hello
[04:59:44] [Server thread/INFO]: [MythicLib] [STDOUT] [Spigotunlocked.com] - Hello
[04:59:44] [Server thread/INFO]: [MythicLib] [STDOUT] [Spigotunlocked.com] - Hello
[04:59:44] [Server thread/INFO]: [MythicLib] [STDOUT] [Spigotunlocked.com] - Hello
[04:59:44] [Server thread/INFO]: [MythicLib] [STDOUT] [Spigotunlocked.com] - Hello
[04:59:44] [Server thread/INFO]: [MythicLib] [STDOUT] [Spigotunlocked.com] - Hello
[04:59:44] [Server thread/INFO]: [MMOCore] Enabling MMOCore v1.13.1-SNAPSHOT
[04:59:44] [Server thread/INFO]: [MMOCore] [STDOUT] [Spigotunlocked.com] - Hello
[04:59:44] [Server thread/WARN]: Nag author(s): '[Indyuce]' of 'MMOCore v1.13.1-SNAPSHOT' about their usage of System.out/err.print. Please use your plugin's logger instead (JavaPlugin#getLogger).
[04:59:44] [Server thread/WARN]: [MMOCore] Vault was found but MMOCore was unable to successfully find/load an economy plugin.
[04:59:44] [Server thread/INFO]: [PlaceholderAPI] Successfully registered internal expansion: mmocore [1.13.1-SNAPSHOT]
[04:59:44] [Server thread/INFO]: [MMOCore] Hooked onto PlaceholderAPI
[04:59:44] [Server thread/INFO]: [MMOCore] Hooked onto WorldGuard
[04:59:44] [Server thread/INFO]: [MMOCore] Hooked onto MythicMobs
[04:59:44] [Server thread/WARN]: [MMOCore] Could not load objective '2' from quest 'adv-begins': Could not match any objective to 'talkto' in database
[04:59:44] [Server thread/WARN]: [MMOCore] Could not load objective '2' from quest 'fetch-mango': Could not match any objective to 'getitem' in database
[04:59:44] [Server thread/WARN]: [MMOCore] Could not load objective '3' from quest 'tutorial': Could not match any objective to 'getitem' in database
[04:59:44] [Server thread/WARN]: [MMOCore] Could not load objective '4' from quest 'tutorial': Could not match any objective to 'talkto' in database
[04:59:44] [Server thread/WARN]: [MMOCore] Could not load trigger 'mmoitem{type=SWORD;id=CUTLASS}' from objective '5': Could not find MMOItem with ID 'CUTLASS'
[04:59:44] [Server thread/WARN]: [MMOCore] Could not load loot chest region 'sample-region' from file 'default_loot_chests.yml': Could not find world 'world_name_here'
[04:59:44] [Server thread/WARN]: [MMOCore] Could not load item 'class-mage' from inventory 'class-select': Could not find class with ID 'MAGE'
[04:59:44] [Server thread/WARN]: [MMOCore] Could not load item 'class-marksman' from inventory 'class-select': Could not find class with ID 'MARKSMAN'
[04:59:44] [Server thread/WARN]: [MMOCore] Could not load item 'class-paladin' from inventory 'class-select': Could not find class with ID 'PALADIN'
[04:59:44] [Server thread/WARN]: [MMOCore] Could not load item 'arcane-mage' from inventory 'subclass-select': Could not find class with ID 'ARCANE_MAGE'
[04:59:44] [Server thread/INFO]: [MMOCore] Hooked parties onto MMOCore
[04:59:44] [Server thread/INFO]: [MMOCore] Hooked guilds onto MMOCore
[04:59:44] [Server thread/INFO]: [Vulcan] Enabling Vulcan v2.9.7.12
[04:59:45] [Server thread/INFO]: [Vulcan] Starting Vulcan... Server Version: 1.21.4 detected!
[04:59:45] [Server thread/INFO]: [Vulcan] Registering NMS TickEnd fallback...
[04:59:45] [Server thread/INFO]: [Vulcan] LibsDisguises found. Enabling hook!
[04:59:45] [Server thread/INFO]: [Vulcan] MythicMobs found. Enabling hook!
[04:59:45] [Server thread/INFO]: [Vulcan] BStats enabled!
[04:59:45] [Server thread/INFO]: [Vulcan] Registered MythicMobs listener!
[04:59:45] [Server thread/INFO]: [PlaceholderAPI] Successfully registered internal expansion: Vulcan [2.9.7.12]
[04:59:45] [Server thread/INFO]: [Vulcan] PlaceholderAPI found. Enabling hook!
[04:59:45] [Server thread/INFO]: [MMOItems] Enabling MMOItems v6.10.1-SNAPSHOT
[04:59:45] [Server thread/INFO]: [MMOItems] [STDOUT] [Spigotunlocked.com] - Hello
[04:59:45] [Server thread/WARN]: Nag author(s): '[Indyuce]' of 'MMOItems v6.10.1-SNAPSHOT' about their usage of System.out/err.print. Please use your plugin's logger instead (JavaPlugin#getLogger).
[04:59:45] [Server thread/INFO]: [MMOItems] Hooked onto MythicMobs
[04:59:45] [Server thread/INFO]: [MMOItems] Hooked onto Nexo
[04:59:45] [Server thread/INFO]: [MMOItems] Hooked onto MMOCore
[04:59:45] [Server thread/INFO]: [MMOItems] Now using MMOCore as RPG core plugin
[04:59:45] [Server thread/INFO]: [MMOItems Template Modifiers] Loading template modifiers, please wait..
[04:59:45] [Server thread/INFO]: [MMOItems Item Templates] Loading item templates, please wait...
[04:59:45] [Server thread/ERROR]: [MMOItems] Could not load Economy Support (Vault)
[04:59:45] [Server thread/INFO]: [MMOItems] Hooked onto Vault
[04:59:45] [Server thread/INFO]: [MMOItems] Loading crafting stations, please wait..
[04:59:45] [Server thread/ERROR]: [MMOItems] Could not load recipe 'soulstealer' from crafting station 'mythical-forge': Could not load ingredient 'mmoitem{type=SWORD,id=STEEL_SWORD,amount=1,display="Steel Sword"}': Could not find a template with ID 'STEEL_SWORD'
[04:59:45] [Server thread/ERROR]: [MMOItems] Could not load recipe 'molten-blade' from crafting station 'mythical-forge': Could not load ingredient 'mmoitem{type=SWORD,id=STEEL_SWORD,amount=1,display="Steel Sword"}': Could not find a template with ID 'STEEL_SWORD'
[04:59:45] [Server thread/ERROR]: [MMOItems] Could not load recipe 'steel-sword' from crafting station 'steel-crafting-station': Could not find a template with ID 'STEEL_SWORD'
[04:59:45] [Server thread/ERROR]: [MMOItems] Could not load recipe 'steel-sword-upgrade' from crafting station 'steel-crafting-station': Could not find a template with ID 'STEEL_SWORD'
[04:59:45] [Server thread/ERROR]: [MMOItems] Could not load recipe 'two-handed-steel-sword' from crafting station 'steel-crafting-station': Could not load ingredient 'mmoitem{type=SWORD,id=STEEL_SWORD,amount=1,display="Steel Sword"}': Could not find a template with ID 'STEEL_SWORD'
[04:59:45] [Server thread/ERROR]: [MMOItems] Could not load recipe 'katana' from crafting station 'steel-crafting-station': Could not find a template with ID 'KATANA'
[04:59:45] [Server thread/ERROR]: [MMOItems] Could not load recipe 'steel-dagger' from crafting station 'steel-crafting-station': Could not find a template with ID 'STEEL_DAGGER'
[04:59:45] [Server thread/INFO]: [PlaceholderAPI] Successfully registered internal expansion: mmoitems [6.10.1-SNAPSHOT]
[04:59:45] [Server thread/INFO]: [MMOItems] Hooked onto PlaceholderAPI
[04:59:45] [Server thread/INFO]: [MMOItems] Loading recipes, please wait...
[04:59:46] [Server thread/INFO]: [TAB] Enabling TAB v5.5.0
[04:59:46] [Server thread/INFO]: [TAB] Enabled in 226ms
[04:59:46] [Server thread/INFO]: [Nexo] Enabling Nexo v1.15
[04:59:47] [Server thread/INFO]: Nexo | Successfully updated settings.yml

[04:59:47] [Server thread/INFO]: Nexo | NMS-Version v1_21_R3 has been detected.
[04:59:47] [Server thread/INFO]: Nexo | Initializing Vulcan-AntiCheat Hook!
[04:59:47] [ForkJoinPool.commonPool-worker-3/INFO]: Nexo | Extracting latest vanilla-resourcepack...
[04:59:47] [ForkJoinPool.commonPool-worker-4/INFO]: Nexo | Downloading default resourcepack...
[04:59:47] [Server thread/INFO]: [PlaceholderAPI] Successfully registered internal expansion: nexo [1.15]
[04:59:47] [Server thread/INFO]: Nexo | Plugin "PlaceholderAPI" detected, enabling hooks
[04:59:47] [Server thread/INFO]: Nexo | Plugin "MythicMobs" detected, enabling hooks
[04:59:47] [Server thread/INFO]: Nexo | Plugin "ModelEngine" detected, enabling hooks
[04:59:47] [Server thread/INFO]: Nexo | Plugin "WorldGuard" detected, enabling hooks
[04:59:47] [Server thread/INFO]: [AxKoth] Enabling AxKoth v2.13.3
[04:59:48] [Server thread/INFO]: [PlaceholderAPI] Successfully registered internal expansion: axkoth [1.0.0]
[04:59:48] [Server thread/INFO]: [AxKoth] Loaded plugin!
[04:59:49] [Server thread/INFO]: [zMenu] Enabling zMenu v1.0.3.7
[04:59:49] [Server thread/INFO]: [zMenu v1.0.3.7] === ENABLE START ===
[04:59:49] [Server thread/INFO]: [zMenu v1.0.3.7] Plugin Version V1.0.3.7
[04:59:49] [Server thread/INFO]: [PlaceholderAPI] Successfully registered internal expansion: zmenu [1.0.3.7]
[04:59:49] [Server thread/INFO]: [zMenu v1.0.3.7] Creating default: plugins/zMenu/config.json
[04:59:49] [Server thread/INFO]: [zMenu v1.0.3.7] Creating default: plugins/zMenu/players-inventory.json
[04:59:49] [Server thread/INFO]: [zMenu v1.0.3.7] plugins/zMenu/patterns/pattern_example.yml loaded successfully !
[04:59:49] [Server thread/INFO]: [zMenu v1.0.3.7] plugins/zMenu/inventories/advanced_inventory.yml loaded successfully !
[04:59:49] [Server thread/INFO]: [zMenu v1.0.3.7] plugins/zMenu/inventories/basic_inventory.yml loaded successfully !
[04:59:49] [Server thread/INFO]: [zMenu v1.0.3.7] plugins/zMenu/inventories/pro_inventory.yml loaded successfully !
[04:59:49] [Server thread/INFO]: [zMenu v1.0.3.7] plugins/zMenu/inventories/example_punish.yml loaded successfully !
[04:59:49] [Server thread/INFO]: [zMenu v1.0.3.7] plugins/zMenu/website/inventories.yml loaded successfully !
[04:59:49] [Server thread/INFO]: [zMenu v1.0.3.7] Command /basic_command successfully register.
[04:59:49] [Server thread/INFO]: [zMenu v1.0.3.7] Command /advanced_command successfully register.
[04:59:49] [Server thread/INFO]: [zMenu v1.0.3.7] Command /pro_command successfully register.
[04:59:49] [Server thread/INFO]: [zMenu v1.0.3.7] Command /openbook successfully register.
[04:59:49] [Server thread/INFO]: [zMenu v1.0.3.7] Command /punish successfully register.
[04:59:49] [Server thread/INFO]: [zMenu v1.0.3.7] Creating default: plugins/zMenu/players.json
[04:59:49] [Server thread/INFO]: [zMenu v1.0.3.7] 
[04:59:49] [Server thread/INFO]: [zMenu v1.0.3.7] You can support zMenu by upgrading your account here: https://minecraft-inventory-builder.com/account-upgrade
[04:59:49] [Server thread/INFO]: [zMenu v1.0.3.7] zMenu’s site includes an inventory editor (under development), a marketplace (already available) is a forum (under development)
[04:59:49] [Server thread/INFO]: [zMenu v1.0.3.7] 
[04:59:49] [Server thread/INFO]: [zMenu v1.0.3.7] Use ComponentMeta
[04:59:49] [Server thread/INFO]: [zMenu v1.0.3.7] Loading 6 commands
[04:59:49] [Server thread/INFO]: [zMenu v1.0.3.7] === ENABLE DONE (356ms) ===
[04:59:49] [Server thread/INFO]: [FancyNpcs] Enabling FancyNpcs v2.9.1
[04:59:49] [Server thread/WARN]: [org.mineskin.MineSkinClient] Creating MineSkinClient without API key
[04:59:49] [FancyLogger/INFO]: [FancyNpcs] (Server thread) INFO: Plugin has been updated from version N/A to 2.9.1.
[04:59:49] [ForkJoinPool.commonPool-worker-2/WARN]: [FancyNpcs] 
-------------------------------------------------------
You are not using the latest version of the FancyNpcs plugin.
Please update to the newest version (2.9.2).
https://modrinth.com/plugin/FancyNpcs
-------------------------------------------------------

[04:59:49] [FancyLogger/INFO]: [FancyNpcs] (ForkJoinPool.commonPool-worker-2) WARN: You are not using the latest version of the FancyNpcs plugin.
[04:59:49] [Server thread/INFO]: [ShopGUIPlus] Enabling ShopGUIPlus v1.112.0
[04:59:49] [FancyLogger/INFO]: [FancyNpcs] (Server thread) INFO: FancyNpcs (2.9.1) has been enabled.
[04:59:49] [Server thread/INFO]: [BetterRTP] Enabling BetterRTP v3.6.13
[04:59:50] [Server thread/INFO]: [BetterRTP] Cooldown = 600
[04:59:50] [Server thread/INFO]: [PlaceholderAPI] Successfully registered internal expansion: betterrtp [3.6.13]
[04:59:50] [Server thread/INFO]: [AxQuestBoard] Enabling AxQuestBoard v1.14.2
[04:59:51] [ForkJoinPool.commonPool-worker-3/INFO]: Nexo | Finished extracting latest vanilla-resourcepack!
[04:59:51] [Server thread/INFO]: [AxQuestBoard] Loaded plugin! Using H2 database to store data!
[04:59:51] [Server thread/INFO]: [PlaceholderAPI] Successfully registered internal expansion: axquestboard [1.14.2]
[04:59:51] [Server thread/INFO]: [zAuctionHouseV3] Enabling zAuctionHouseV3 v3.2.2.9
[04:59:51] [Server thread/INFO]: [zAuctionHouseV3] [STDOUT] [Spigotunlocked.com] - COSMO
[04:59:51] [Server thread/WARN]: Nag author(s): '[Maxlego08]' of 'zAuctionHouseV3 v3.2.2.9' about their usage of System.out/err.print. Please use your plugin's logger instead (JavaPlugin#getLogger).
[04:59:51] [Server thread/INFO]: [PlaceholderAPI] Successfully registered internal expansion: zauctionhouse [3.2.2.9]
[04:59:51] [Server thread/INFO]: [zAuctionHouseV3 v3.2.2.9] === ENABLE START ===
[04:59:51] [Server thread/INFO]: [zAuctionHouseV3 v3.2.2.9] Plugin Version V3.2.2.9
[04:59:51] [Server thread/WARN]: [org.bukkit.craftbukkit.legacy.CraftLegacy] Initializing Legacy Material Support. Unless you have legacy plugins and/or data this is a bug!
[04:59:58] [Server thread/INFO]: [zAuctionHouseV3 v3.2.2.9] Loading of 4 price items
[04:59:58] [Server thread/INFO]: [zAuctionHouseV3 v3.2.2.9] Creating default: plugins/zAuctionHouseV3/blacklistplayers.json
[04:59:58] [Server thread/INFO]: [zAuctionHouseV3 v3.2.2.9] /workspaces/urban-happiness/servidor_minecraft/plugins/zAuctionHouseV3/blacklistplayers.json successfully saved !
[04:59:58] [Server thread/INFO]: [zAuctionHouseV3 v3.2.2.9] Loaded config.yml
[04:59:58] [Server thread/INFO]: [zAuctionHouseV3 v3.2.2.9] Loading of 3 tax items
[04:59:58] [Server thread/INFO]: [zAuctionHouseV3 v3.2.2.9] Loaded 4 blacklist items
[04:59:58] [Server thread/INFO]: [zAuctionHouseV3 v3.2.2.9] Loaded 0 whitelist items
[04:59:58] [Server thread/INFO]: [zAuctionHouseV3 v3.2.2.9] Create default categories files.
[04:59:58] [Server thread/INFO]: [zAuctionHouseV3 v3.2.2.9] Loading 3 inventories
[04:59:58] [Server thread/INFO]: [zAuctionHouseV3 v3.2.2.9] Loading 0 commands
[04:59:58] [Server thread/INFO]: [zAuctionHouseV3 v3.2.2.9] Load SQL...
[04:59:58] [Server thread/INFO]: [zAuctionHouseV3] /workspaces/urban-happiness/servidor_minecraft/plugins/zAuctionHouseV3/logs/2026-02-03.log has been successfully created !
[04:59:58] [Server thread/INFO]: [zMenu v1.0.3.7] plugins/zAuctionHouseV3/patterns/pagination.yml loaded successfully !
[04:59:58] [Server thread/INFO]: [zMenu v1.0.3.7] plugins/zAuctionHouseV3/patterns/auction.yml loaded successfully !
[04:59:58] [Server thread/INFO]: [zMenu v1.0.3.7] plugins/zAuctionHouseV3/patterns/back.yml loaded successfully !
[04:59:58] [Server thread/INFO]: [zMenu v1.0.3.7] plugins/zAuctionHouseV3/patterns/decoration.yml loaded successfully !
[04:59:58] [Server thread/INFO]: [zMenu v1.0.3.7] plugins/zAuctionHouseV3/inventories/category.yml loaded successfully !
[04:59:58] [Server thread/INFO]: [zMenu v1.0.3.7] plugins/zAuctionHouseV3/inventories/economy.yml loaded successfully !
[04:59:58] [Server thread/INFO]: [zMenu v1.0.3.7] plugins/zAuctionHouseV3/inventories/buyconfirminventory.yml loaded successfully !
[04:59:58] [Server thread/INFO]: [zMenu v1.0.3.7] plugins/zAuctionHouseV3/inventories/categories.yml loaded successfully !
[04:59:58] [Server thread/INFO]: [zMenu v1.0.3.7] plugins/zAuctionHouseV3/inventories/sellshow.yml loaded successfully !
[04:59:58] [Server thread/INFO]: [zMenu v1.0.3.7] plugins/zAuctionHouseV3/inventories/adminremove.yml loaded successfully !
[04:59:58] [Server thread/INFO]: [zMenu v1.0.3.7] plugins/zAuctionHouseV3/inventories/buying.yml loaded successfully !
[04:59:58] [Server thread/INFO]: [zMenu v1.0.3.7] plugins/zAuctionHouseV3/inventories/removeconfirm.yml loaded successfully !
[04:59:58] [Server thread/INFO]: [zMenu v1.0.3.7] plugins/zAuctionHouseV3/inventories/search.yml loaded successfully !
[04:59:58] [Server thread/INFO]: [zMenu v1.0.3.7] plugins/zAuctionHouseV3/inventories/expire.yml loaded successfully !
[04:59:58] [Server thread/INFO]: [zMenu v1.0.3.7] plugins/zAuctionHouseV3/inventories/auction.yml loaded successfully !
[04:59:58] [Server thread/INFO]: [zMenu v1.0.3.7] plugins/zAuctionHouseV3/inventories/buyconfirm.yml loaded successfully !
[04:59:58] [Server thread/INFO]: [zMenu v1.0.3.7] plugins/zAuctionHouseV3/inventories/sell.yml loaded successfully !
[04:59:58] [Server thread/INFO]: [zMenu v1.0.3.7] plugins/zAuctionHouseV3/inventories/show.yml loaded successfully !
[04:59:58] [Server thread/INFO]: [zMenu v1.0.3.7] plugins/zAuctionHouseV3/inventories/items.yml loaded successfully !
[04:59:58] [Server thread/WARN]: [CurrenciesAPI] The framework is not up to date, the latest version is 1.0.11
[04:59:58] [Server thread/INFO]: [zAuctionHouseV3 v3.2.2.9] Register VAULT economy with name vault
[04:59:58] [Server thread/INFO]: [zAuctionHouseV3 v3.2.2.9] Register ProtocolLib implementation
[04:59:58] [Server thread/INFO]: [zAuctionHouseV3 v3.2.2.9] === ENABLE DONE (7346ms) ===
[04:59:58] [Server thread/INFO]: [FreedomChat] Enabling FreedomChat v1.7.2
[04:59:58] [Server thread/INFO]: [FancyHolograms] Enabling FancyHolograms v2.9.1
[04:59:58] [FancyLogger/INFO]: [FancyHolograms] (Server thread) WARN: Outdated config detected! Attempting to migrate previous settings to new config...
[04:59:58] [FancyLogger/INFO]: [FancyHolograms] (Server thread) WARN: > CONFIG: Option 'config_version' is deprecated/invalid! Please migrate this manually from config_old.yml
[04:59:58] [FancyLogger/INFO]: [FancyHolograms] (Server thread) INFO: Configuration has finished migrating. Please double check your settings in config.yml.
[04:59:58] [FancyLogger/INFO]: [FancyHolograms] (FancyHolograms-Holograms) WARN: No holograms section found in config
[04:59:58] [FancyLogger/INFO]: [FancyHolograms] (FancyHolograms-Holograms) WARN: No holograms section found in config
[04:59:58] [FancyLogger/INFO]: [FancyHolograms] (FancyHolograms-Holograms) WARN: No holograms section found in config
[04:59:58] [FancyLogger/INFO]: [FancyHolograms] (FancyHolograms-Holograms) WARN: No holograms section found in config
[04:59:58] [FancyLogger/INFO]: [FancyHolograms] (Server thread) INFO: Successfully enabled FancyHolograms version 2.9.1
[04:59:58] [Server thread/INFO]: [CustomNameplates] Enabling CustomNameplates v3.0.36
[04:59:59] [Server thread/INFO]: [PlaceholderAPI] Successfully registered internal expansion: nameplates [3.0]
[04:59:59] [Server thread/INFO]: [PlaceholderAPI] Successfully registered internal expansion: npex [3.0]
[05:00:05] [Server thread/INFO]: [CustomFishing] Enabling CustomFishing v2.3.20
[05:00:05] [nameplates-worker-14/INFO]: [CustomNameplates] You are using the latest version.
[05:00:06] [Server thread/INFO]: [CustomFishing] Nexo hooked!
[05:00:06] [Server thread/INFO]: [CustomFishing] MMOItems hooked!
[05:00:06] [Server thread/INFO]: [CustomFishing] MythicMobs hooked!
[05:00:06] [Server thread/INFO]: [CustomFishing] MMOCore hooked!
[05:00:06] [Server thread/INFO]: [CustomFishing] Vault hooked!
[05:00:06] [Server thread/INFO]: [CustomFishing] WorldGuard hooked!
[05:00:06] [Server thread/INFO]: [CustomFishing] PlaceholderAPI hooked!
[05:00:06] [Server thread/INFO]: [PlaceholderAPI] Successfully registered internal expansion: customfishing [2.2]
[05:00:06] [Server thread/INFO]: [PlaceholderAPI] Successfully registered internal expansion: cfcompetition [2.2]
[05:00:06] [Server thread/INFO]: [PlaceholderAPI] Successfully registered internal expansion: fishingstats [2.2]
[05:00:06] [Server thread/INFO]: [CustomFishing] ShopGUIPlus hooked!
[05:00:06] [Server thread/INFO]: [AxGraves] Enabling AxGraves v1.26.0
[05:00:07] [Server thread/INFO]: [PlaceholderAPI] Successfully registered internal expansion: axgraves [1.26.0]
[05:00:07] [Server thread/INFO]: [voicechat] Enabling voicechat v2.6.11
[05:00:07] [Server thread/INFO]: [voicechat] Initializing compatibility for version 1.21.4-R0.1
[05:00:07] [Server thread/INFO]: [voicechat] Compatibility version 20
[05:00:07] [Server thread/INFO]: [voicechat] Successfully initialized commodore command completion
[05:00:07] [Server thread/INFO]: [PlaceholderAPI] Successfully registered internal expansion: voicechat [2.6.11]
[05:00:07] [Server thread/INFO]: [voicechat] Successfully registered PlaceholderAPI expansion
[05:00:07] [Server thread/INFO]: [Chunker] Enabling Chunker v1.21
[05:00:07] [Server thread/INFO]: Available Processors: 4
[05:00:07] [Server thread/INFO]: Folia not detected: Running in standard mode.
[05:00:07] [Server thread/INFO]: [AxVaults] Enabling AxVaults v2.12.0
[05:00:07] [Server thread/INFO]: [AxVaults] Hooked into PlaceholderAPI!
[05:00:07] [Server thread/INFO]: [AxVaults] Loaded plugin!
[05:00:07] [Server thread/INFO]: [CosmeticsCore] Enabling CosmeticsCore v1.3.9
[05:00:07] [Server thread/INFO]: [CosmeticsCore] Loading library FastNbt-jar (remapped)...
[05:00:08] [Server thread/INFO]: [CosmeticsCore] Downloaded library https://maven-central.storage-download.googleapis.com/maven2/beer/devs/FastNbt-jar/1.4.15/FastNbt-jar-1.4.15.jar
[05:00:09] [Server thread/INFO]: [CosmeticsCore] Downloaded library https://repo.alessiodp.com/releases/com/alessiodp/libby/maven/resolver/libby-maven-resolver/1.0.1/libby-maven-resolver-1.0.1.jar
[05:00:09] [Paper Plugin Remapper Thread - 5/INFO]: [PluginRemapper] Remapping library '/workspaces/urban-happiness/servidor_minecraft/plugins/CosmeticsCore/lib/beer/devs/FastNbt-jar/1.4.15/FastNbt-jar-1.4.15-modified.jar'...
[05:00:09] [Paper Plugin Remapper Thread - 5/INFO]: [PluginRemapper] Done remapping library '/workspaces/urban-happiness/servidor_minecraft/plugins/CosmeticsCore/lib/beer/devs/FastNbt-jar/1.4.15/FastNbt-jar-1.4.15-modified.jar' in 246ms.
[05:00:09] [Server thread/INFO]: [CosmeticsCore] Loading library commons-math3...
[05:00:09] [Server thread/INFO]: [CosmeticsCore] Downloaded library https://maven-central.storage-download.googleapis.com/maven2/org/apache/commons/commons-math3/3.6.1/commons-math3-3.6.1.jar
[05:00:10] [Server thread/INFO]: [CosmeticsCore] Loading library adventure-api...
[05:00:10] [Server thread/INFO]: [CosmeticsCore] Downloaded library https://maven-central.storage-download.googleapis.com/maven2/net/kyori/adventure-api/4.23.0/adventure-api-4.23.0.jar
[05:00:10] [Server thread/INFO]: [CosmeticsCore] Loading library adventure-key
[05:00:10] [Server thread/INFO]: [CosmeticsCore] Loading library examination-api
[05:00:10] [Server thread/INFO]: [CosmeticsCore] Loading library examination-string
[05:00:10] [Server thread/INFO]: [CosmeticsCore] Loading library annotations
[05:00:10] [Server thread/INFO]: [CosmeticsCore] Loading library adventure-text-minimessage...
[05:00:10] [Server thread/INFO]: [CosmeticsCore] Downloaded library https://maven-central.storage-download.googleapis.com/maven2/net/kyori/adventure-text-minimessage/4.23.0/adventure-text-minimessage-4.23.0.jar
[05:00:10] [Server thread/INFO]: [CosmeticsCore] Loading library adventure-api
[05:00:10] [Server thread/INFO]: [CosmeticsCore] Loading library adventure-key
[05:00:10] [Server thread/INFO]: [CosmeticsCore] Loading library examination-api
[05:00:10] [Server thread/INFO]: [CosmeticsCore] Loading library examination-string
[05:00:10] [Server thread/INFO]: [CosmeticsCore] Loading library annotations
[05:00:10] [Server thread/INFO]: [CosmeticsCore] Loading library adventure-text-serializer-gson...
[05:00:11] [Server thread/INFO]: [CosmeticsCore] Downloaded library https://maven-central.storage-download.googleapis.com/maven2/net/kyori/adventure-text-serializer-gson/4.23.0/adventure-text-serializer-gson-4.23.0.jar
[05:00:11] [Server thread/INFO]: [CosmeticsCore] Loading library adventure-text-serializer-json
[05:00:11] [Server thread/INFO]: [CosmeticsCore] Loading library adventure-api
[05:00:11] [Server thread/INFO]: [CosmeticsCore] Loading library adventure-key
[05:00:11] [Server thread/INFO]: [CosmeticsCore] Loading library examination-api
[05:00:11] [Server thread/INFO]: [CosmeticsCore] Loading library examination-string
[05:00:11] [Server thread/INFO]: [CosmeticsCore] Loading library option
[05:00:11] [Server thread/INFO]: [CosmeticsCore] Loading library jspecify
[05:00:11] [Server thread/INFO]: [CosmeticsCore] Loading library gson
[05:00:11] [Server thread/INFO]: [CosmeticsCore] Loading library auto-service-annotations
[05:00:11] [Server thread/INFO]: [CosmeticsCore] Loading library adventure-text-serializer-commons
[05:00:11] [Server thread/INFO]: [CosmeticsCore] Loading library annotations
[05:00:11] [Server thread/INFO]: [CosmeticsCore] Loading library adventure-text-serializer-gson-legacy-impl...
[05:00:12] [Server thread/INFO]: [CosmeticsCore] Downloaded library https://maven-central.storage-download.googleapis.com/maven2/net/kyori/adventure-text-serializer-gson-legacy-impl/4.23.0/adventure-text-serializer-gson-legacy-impl-4.23.0.jar
[05:00:13] [Server thread/INFO]: [CosmeticsCore] Loading library adventure-text-serializer-gson
[05:00:13] [Server thread/INFO]: [CosmeticsCore] Loading library adventure-text-serializer-json
[05:00:13] [Server thread/INFO]: [CosmeticsCore] Loading library option
[05:00:13] [Server thread/INFO]: [CosmeticsCore] Loading library jspecify
[05:00:13] [Server thread/INFO]: [CosmeticsCore] Loading library gson
[05:00:13] [Server thread/INFO]: [CosmeticsCore] Loading library auto-service-annotations
[05:00:13] [Server thread/INFO]: [CosmeticsCore] Loading library adventure-text-serializer-commons
[05:00:13] [Server thread/INFO]: [CosmeticsCore] Loading library annotations
[05:00:13] [Server thread/INFO]: [CosmeticsCore] Loading library adventure-text-serializer-json-legacy-impl
[05:00:13] [Server thread/INFO]: [CosmeticsCore] Loading library adventure-api
[05:00:13] [Server thread/INFO]: [CosmeticsCore] Loading library adventure-key
[05:00:13] [Server thread/INFO]: [CosmeticsCore] Loading library examination-api
[05:00:13] [Server thread/INFO]: [CosmeticsCore] Loading library examination-string
[05:00:13] [Server thread/INFO]: [CosmeticsCore] Loading library adventure-nbt
[05:00:13] [Server thread/INFO]: [CosmeticsCore] Loading library adventure-platform-bukkit...
[05:00:13] [Server thread/INFO]: [CosmeticsCore] Downloaded library https://maven-central.storage-download.googleapis.com/maven2/net/kyori/adventure-platform-bukkit/4.4.0/adventure-platform-bukkit-4.4.0.jar
[05:00:15] [Server thread/INFO]: [CosmeticsCore] Loading library adventure-platform-api
[05:00:15] [Server thread/INFO]: [CosmeticsCore] Loading library adventure-api
[05:00:15] [Server thread/INFO]: [CosmeticsCore] Loading library adventure-key
[05:00:15] [Server thread/INFO]: [CosmeticsCore] Loading library adventure-text-serializer-bungeecord
[05:00:15] [Server thread/INFO]: [CosmeticsCore] Loading library adventure-text-serializer-legacy
[05:00:15] [Server thread/INFO]: [CosmeticsCore] Loading library adventure-nbt
[05:00:15] [Server thread/INFO]: [CosmeticsCore] Loading library examination-api
[05:00:15] [Server thread/INFO]: [CosmeticsCore] Loading library examination-string
[05:00:15] [Server thread/INFO]: [CosmeticsCore] Loading library annotations
[05:00:15] [Server thread/INFO]: [CosmeticsCore] Loading library adventure-text-serializer-gson
[05:00:15] [Server thread/INFO]: [CosmeticsCore] Loading library adventure-text-serializer-json
[05:00:15] [Server thread/INFO]: [CosmeticsCore] Loading library option
[05:00:15] [Server thread/INFO]: [CosmeticsCore] Loading library jspecify
[05:00:15] [Server thread/INFO]: [CosmeticsCore] Loading library auto-service-annotations
[05:00:15] [Server thread/INFO]: [CosmeticsCore] Loading library adventure-text-serializer-commons
[05:00:15] [Server thread/INFO]: [CosmeticsCore] Loading library adventure-text-serializer-gson-legacy-impl
[05:00:15] [Server thread/INFO]: [CosmeticsCore] Loading library adventure-text-serializer-json-legacy-impl
[05:00:15] [Server thread/INFO]: [CosmeticsCore] Loading library adventure-platform-facet
[05:00:15] [Server thread/INFO]: [CosmeticsCore] Loading library adventure-platform-viaversion
[05:00:15] [Server thread/ERROR]: Error occurred while enabling CosmeticsCore v1.3.9 (Is it up to date?)
java.lang.NoClassDefFoundError: org/fusesource/jansi/Ansi
	at CosmeticsCore_1.3.9.jar/dev.lone.cosmeticscore.en.<clinit>(SourceFile:26) ~[CosmeticsCore_1.3.9.jar:?]
	at CosmeticsCore_1.3.9.jar/dev.lone.cosmeticscore.ex.<clinit>(SourceFile:16) ~[CosmeticsCore_1.3.9.jar:?]
	at CosmeticsCore_1.3.9.jar/dev.lone.cosmeticscore.s.u(SourceFile:240) ~[CosmeticsCore_1.3.9.jar:?]
	at CosmeticsCore_1.3.9.jar/dev.lone.cosmeticscore.s.s(SourceFile:103) ~[CosmeticsCore_1.3.9.jar:?]
	at CosmeticsCore_1.3.9.jar/dev.lone.cosmeticscore.Main.onEnable(SourceFile:87) ~[CosmeticsCore_1.3.9.jar:?]
	at org.bukkit.plugin.java.JavaPlugin.setEnabled(JavaPlugin.java:280) ~[pluto-api-1.21.4-R0.1-SNAPSHOT.jar:?]
	at io.papermc.paper.plugin.manager.PaperPluginInstanceManager.enablePlugin(PaperPluginInstanceManager.java:202) ~[pluto-1.21.4.jar:1.21.4-37-412ab86]
	at io.papermc.paper.plugin.manager.PaperPluginManagerImpl.enablePlugin(PaperPluginManagerImpl.java:109) ~[pluto-1.21.4.jar:1.21.4-37-412ab86]
	at org.bukkit.plugin.SimplePluginManager.enablePlugin(SimplePluginManager.java:520) ~[pluto-api-1.21.4-R0.1-SNAPSHOT.jar:?]
	at org.bukkit.craftbukkit.CraftServer.enablePlugin(CraftServer.java:658) ~[pluto-1.21.4.jar:1.21.4-37-412ab86]
	at org.bukkit.craftbukkit.CraftServer.enablePlugins(CraftServer.java:607) ~[pluto-1.21.4.jar:1.21.4-37-412ab86]
	at net.minecraft.server.MinecraftServer.loadWorld0(MinecraftServer.java:744) ~[pluto-1.21.4.jar:1.21.4-37-412ab86]
	at net.minecraft.server.MinecraftServer.loadLevel(MinecraftServer.java:489) ~[pluto-1.21.4.jar:1.21.4-37-412ab86]
	at net.minecraft.server.dedicated.DedicatedServer.initServer(DedicatedServer.java:325) ~[pluto-1.21.4.jar:1.21.4-37-412ab86]
	at net.minecraft.server.MinecraftServer.runServer(MinecraftServer.java:1164) ~[pluto-1.21.4.jar:1.21.4-37-412ab86]
	at net.minecraft.server.MinecraftServer.lambda$spin$2(MinecraftServer.java:311) ~[pluto-1.21.4.jar:1.21.4-37-412ab86]
	at java.base/java.lang.Thread.run(Thread.java:1583) ~[?:?]
Caused by: java.lang.ClassNotFoundException: org.fusesource.jansi.Ansi
	at org.bukkit.plugin.java.PluginClassLoader.loadClass0(PluginClassLoader.java:198) ~[pluto-api-1.21.4-R0.1-SNAPSHOT.jar:?]
	at org.bukkit.plugin.java.PluginClassLoader.loadClass(PluginClassLoader.java:165) ~[pluto-api-1.21.4-R0.1-SNAPSHOT.jar:?]
	at java.base/java.lang.ClassLoader.loadClass(ClassLoader.java:526) ~[?:?]
	... 17 more
[05:00:15] [Server thread/INFO]: [CosmeticsCore] Disabling CosmeticsCore v1.3.9
[05:00:15] [Server thread/INFO]: [[38;5;11m⚡[0m] Enabling LagFixer v1.5.1.9 [build 140]
[05:00:15] [Server thread/INFO]: [[38;5;11m⚡[0m] Remember to leave a rating! ★ ★ ★ ★ ★





LagFixer 1.5.1.9 [build 140] - Best Performance Solution!
░░░░░░░░░░░░░░░░░░░░░░░░░░░░░░░░░░░░░░░░░░░░░░░░░░░░░░░░░░░░░░░░
░██╗░░░░░░█████╗░░██████╗░░░███████╗██╗██╗░░██╗███████╗██████╗░░
░██║░░░░░██╔══██╗██╔════╝░░░██╔════╝██║╚██╗██╔╝██╔════╝██╔══██╗░
░██║░░░░░███████║██║░░██╗░░░█████╗░░██║░╚███╔╝░█████╗░░██████╔╝░
░██║░░░░░██╔══██║██║░░╚██╗░░██╔══╝░░██║░██╔██╗░██╔══╝░░██╔══██╗░
░███████╗██║░░██║╚██████╔╝░░██║░░░░░██║██╔╝╚██╗███████╗██║░░██║░
░╚══════╝╚═╝░░╚═╝░╚═════╝░░░╚═╝░░░░░╚═╝╚═╝░░╚═╝╚══════╝╚═╝░░╚═╝░
░░░░░░░░░░░░░░░░░░░░░░░░░░░░░░░░░░░░░░░░░░░░░░░░░░░░░░░░░░░░░░░░





[05:00:15] [Server thread/INFO]: [[38;5;11m⚡[0m] (ErrorsManager) -> Enabling manager...
[05:00:15] [Server thread/INFO]: [[38;5;11m⚡[0m]  • Started listening console for LagFixer errors!
[05:00:15] [Server thread/INFO]: [[38;5;11m⚡[0m] (ErrorsManager) -> Enabled manager in 1ms!
[05:00:15] [Server thread/INFO]: [[38;5;11m⚡[0m] (ConfigManager) -> Enabling manager...
[05:00:15] [Server thread/INFO]: [[38;5;11m⚡[0m] (ConfigManager) -> Enabled manager in 58ms!
[05:00:15] [Server thread/INFO]: [[38;5;11m⚡[0m] (SupportManager) -> Enabling manager...
[05:00:15] [Server thread/INFO]: [[38;5;11m⚡[0m]  • Loaded fork support ~ xyz.lychee.lagfixer.support.PaperSupport
[05:00:15] [Server thread/INFO]: [[38;5;11m⚡[0m]  • Loaded nms support ~ xyz.lychee.lagfixer.nms.v1_21_R3.SupportNms
[05:00:15] [Server thread/INFO]: [[38;5;11m⚡[0m] (SupportManager) -> Enabled manager in 5ms!
[05:00:15] [Server thread/INFO]: [[38;5;11m⚡[0m] (HookManager) -> Enabling manager...
[05:00:15] [Server thread/INFO]: [[38;5;11m⚡[0m]  • Successfully loaded hook MythicMobs in 0ms!
[05:00:15] [Server thread/INFO]: [[38;5;11m⚡[0m]  • Successfully loaded hook ModelEngine in 0ms!
[05:00:15] [Server thread/INFO]: [PlaceholderAPI] Successfully registered internal expansion: lagfixer [1.5.1.9 [build 140]]
[05:00:15] [Server thread/INFO]: [[38;5;11m⚡[0m]  • Successfully loaded hook PlaceholderAPI in 1ms!
[05:00:15] [Server thread/INFO]: [[38;5;11m⚡[0m] (HookManager) -> Enabled manager in 1ms!
[05:00:15] [Server thread/INFO]: [[38;5;11m⚡[0m] (MetricsManager) -> Enabling manager...
[05:00:15] [Server thread/INFO]: [[38;5;11m⚡[0m] (MetricsManager) -> Enabled manager in 3ms!
[05:00:15] [Server thread/INFO]: [[38;5;11m⚡[0m] (UpdaterManager) -> Enabling manager...
[05:00:15] [Server thread/INFO]: [[38;5;11m⚡[0m] (UpdaterManager) -> Enabled manager in 1ms!
[05:00:15] [Server thread/INFO]: [[38;5;11m⚡[0m] (ModuleManager) -> Enabling manager...
[05:00:15] [Server thread/INFO]: [[38;5;11m⚡[0m]  • Successfully loaded module RedstoneLimiter in 5ms.
[05:00:15] [Server thread/INFO]: [[38;5;11m⚡[0m]  • Successfully loaded module InstantLeafDecay in 1ms.
[05:00:15] [Server thread/INFO]: [[38;5;11m⚡[0m]  • Successfully loaded module WorldCleaner in 4ms.
[05:00:15] [Server thread/INFO]: [[38;5;11m⚡[0m]  • Successfully loaded module LagShield in 5ms.
[05:00:15] [Server thread/INFO]: [[38;5;11m⚡[0m]  • Successfully loaded module ExplosionOptimizer in 2ms.
[05:00:15] [Server thread/INFO]: [[38;5;11m⚡[0m]  • Successfully loaded module MobAiReducer in 8ms.
[05:00:15] [Server thread/INFO]: [[38;5;11m⚡[0m]  • Successfully loaded module EntityLimiter in 2ms.
[05:00:15] [Server thread/INFO]: [[38;5;11m⚡[0m]  • Successfully loaded module AbilityLimiter in 2ms.
[05:00:15] [Server thread/INFO]: [[38;5;11m⚡[0m] (ModuleManager) -> Enabled manager in 67ms!
[05:00:15] [Server thread/INFO]: [[38;5;11m⚡[0m] (CommandManager) -> Enabling manager...
[05:00:16] [Server thread/INFO]: [[38;5;11m⚡[0m] (CommandManager) -> Enabled manager in 186ms!
[05:00:16] [Server thread/INFO]: [[38;5;11m⚡[0m] Remember to leave a rating! ★ ★ ★ ★ ★
[05:00:16] [Server thread/INFO]: [[38;5;11m⚡[0m] ❤ Support us https://ko-fi.com/lajczik
[05:00:16] [Server thread/INFO]: [BetterView] Enabling BetterView v2.1.2
[05:00:16] [Server thread/INFO]: [HuskHomes] Enabling HuskHomes v4.9.10
[05:00:16] [Server thread/INFO]: [HuskHomes] Created the SQLite database file
[05:00:16] [Server thread/INFO]: [HuskHomes] Creating SQLite database tables
[05:00:17] [Server thread/INFO]: [HuskHomes] SQLite database tables created!
[05:00:17] [Server thread/INFO]: [PlaceholderAPI] Successfully registered internal expansion: huskhomes [4.9.10]
[05:00:17] [Server thread/INFO]: [HuskHomes] Registered 'on_enable' hooks
[05:00:17] [Server thread/INFO]: [HuskHomes] Successfully enabled HuskHomes v4.9.10
[05:00:17] [Server thread/INFO]: [PhoenixCrates] Enabling PhoenixCrates v4.2.3
[05:00:17] [Server thread/INFO]: Loading cross version adapter...
[05:00:17] [Server thread/INFO]:   ____    ____                               
[05:00:17] [Server thread/INFO]:  |  _ \  / ___|                              
[05:00:17] [Server thread/INFO]:  | |_) || |       Phoenix Crates v4.2.3      
[05:00:17] [Server thread/INFO]:  |  __/ | |___    https://phoenixplugins.com/
[05:00:17] [Server thread/INFO]:  |_|     \____|                             
[05:00:17] [Server thread/INFO]:                                                  
[05:00:17] [Server thread/INFO]: Loading settings...
[05:00:17] [Server thread/INFO]: File "config.yml" not found. Creating file.
[05:00:17] [Server thread/INFO]: File "config.yml" created!
[05:00:17] [Server thread/INFO]: Validating license...
[05:00:17] [Server thread/INFO]: Great news! Your license is valid and active. Enjoy full access to all the features and benefits of this plugin.
[05:00:17] [Server thread/INFO]: No new version available!
[05:00:17] [Server thread/INFO]: MiniMessage founded. Preparing hook...
[05:00:17] [Server thread/INFO]: Checking for internal patchs...
[05:00:17] [Server thread/INFO]: [PhoenixCrates] Patch files not found.
[05:00:17] [Server thread/INFO]: [PhoenixCrates] No patches to run.
[05:00:17] [Server thread/INFO]: Vault founded. Preparing Economy...
[05:00:17] [Server thread/INFO]: Placeholder API founded. Preparing placeholders...
[05:00:17] [Server thread/INFO]: [PlaceholderAPI] Successfully registered internal expansion: phoenixcrates [1.0.0]
[05:00:17] [Server thread/INFO]: Model Engine founded. Preparing model engine...
[05:00:17] [Server thread/INFO]: Loading components...
[05:00:17] [Server thread/INFO]: Loading database...
[05:00:17] [Server thread/INFO]: Initializing sqlite database provider...
[05:00:17] [Server thread/WARN]: 4 [Server thread] INFO com.phoenixplugins.phoenixcrates.lib.hikari.HikariDataSource - CyberSQLitePool - Starting...
[05:00:17] [Server thread/WARN]: 19 [Server thread] INFO com.phoenixplugins.phoenixcrates.lib.hikari.HikariDataSource - CyberSQLitePool - Start completed.
[05:00:17] [Server thread/INFO]: Loading menus...
[05:00:17] [Server thread/INFO]: File "menus/default_rewards_preview.yml" not found. Creating file.
[05:00:17] [Server thread/INFO]: File "menus/default_rewards_preview.yml" created!
[05:00:17] [Server thread/INFO]: File "menus/default_crate_reroll.yml" not found. Creating file.
[05:00:17] [Server thread/INFO]: File "menus/default_crate_reroll.yml" created!
[05:00:17] [Server thread/INFO]: File "menus/default_select_reward.yml" not found. Creating file.
[05:00:17] [Server thread/INFO]: File "menus/default_select_reward.yml" created!
[05:00:17] [Server thread/INFO]: Loading players data...
[05:00:17] [Server thread/INFO]: Loading keys...
[05:00:17] [Server thread/INFO]: Loaded 3 keys.
[05:00:17] [Server thread/INFO]: Loading crates...
[05:00:17] [Server thread/INFO]: File "locations.yml" not found. Creating file.
[05:00:17] [Server thread/INFO]: File "locations.yml" created!
[05:00:17] [Server thread/INFO]: Loaded 4 types.
[05:00:17] [Server thread/INFO]: Loaded 0 crates.
[05:00:17] [Server thread/INFO]: Loading commands...
[05:00:17] [Server thread/INFO]: Enabling extension Extension-4d3151d4-2cd5-4034-b8d5-a4bc4225785e
[05:00:17] [Server thread/INFO]: File "logger.yml" not found. Creating file.
[05:00:17] [Server thread/INFO]: File "logger.yml" created!
[05:00:17] [Server thread/INFO]: 
[05:00:17] [Server thread/INFO]: Plugin loaded successfully!
[05:00:17] [Server thread/INFO]: [Any questions or problems that may arise, contact us through
[05:00:17] [Server thread/INFO]: the website or our discord: https://phoenixplugins.com/discord]
[05:00:17] [Server thread/INFO]: 
[05:00:17] [Server thread/INFO]: [BetterHud] Enabling BetterHud v1.14.1
[05:00:18] [Server thread/INFO]: [ChatManager] Enabling ChatManager v4.0.3
[05:00:18] [Server thread/INFO]: [PlaceholderAPI] Successfully registered internal expansion: chatmanager [4.0.3]
[05:00:19] [Server thread/INFO]: [InteractionVisualizer] Enabling InteractionVisualizer v1.18.19.0
[05:00:25] [Server thread/INFO]: [InteractionVisualizer] Opened Sqlite database successfully
[05:00:26] [Server thread/INFO]: [PlaceholderAPI] Successfully registered internal expansion: interactionvisualizer [2.0.0]
[05:00:26] [Server thread/INFO]: [InteractionVisualizer] InteractionVisualizer has been enabled!
[05:00:26] [Server thread/INFO]: [AxAFKZone] Enabling AxAFKZone v1.9.0
[05:00:27] [Server thread/INFO]: [BetterRTPAddons] Enabling BetterRTPAddons v1.8.10
[05:00:27] [Server thread/INFO]: [AxTrade] Enabling AxTrade v1.21.2
[05:00:27] [Server thread/INFO]: ╠ Downloading en_us language files..
[05:00:28] [Server thread/INFO]: [AxTrade] Hooked into Vault!
[05:00:28] [Server thread/INFO]: [AxTrade] Hooked into AxQuestBoard!
[05:00:28] [Server thread/INFO]: [AxTrade] Loaded plugin!
[05:00:28] [Server thread/INFO]: [PlaceholderAPI] Successfully registered internal expansion: axtrade [1.21.2]
[05:00:29] [Server thread/INFO]: [spark] Starting background profiler...
[05:00:30] [Server thread/INFO]: [PlaceholderAPI] Placeholder expansion registration initializing...
[05:00:30] [Server thread/INFO]: [BetterHud] Minecraft version: 1.21.4, NMS version: V1_21_R3
[05:00:30] [Server thread/INFO]: [BetterHud] Platform: Paper
[05:00:30] [Server thread/INFO]: [BetterHud] Plugin enabled.
[05:00:30] [Server thread/INFO]: Done preparing level "world" (88.038s)
[05:00:30] [Server thread/INFO]: Running delayed init tasks
[05:00:30] [ForkJoinPool.commonPool-worker-4/INFO]: [ModelEngine] [A] 
[05:00:30] [ForkJoinPool.commonPool-worker-4/INFO]: [ModelEngine] [A] [Importing models]
[05:00:30] [ForkJoinPool.commonPool-worker-4/INFO]: Nexo | Awaiting ModelEngine ResourcePack...
[05:00:30] [ForkJoinPool.commonPool-worker-4/WARN]: [ModelEngine] [A] Unable to read the model ID cache file. If the file is missing, ignore this warning.
[05:00:30] [Craft Scheduler Thread - 13 - zAuctionHouseV3/INFO]: [zAuctionHouseV3] The database connection is valid ! (192.168.10.10)
[05:00:30] [Craft Scheduler Thread - 8 - InteractionVisualizer/INFO]: [InteractionVisualizer] Downloading and extracting latest Language files...
[05:00:30] [Server thread/INFO]: [com.fastasyncworldedit.bukkit.regions.WorldGuardFeature] Plugin 'WorldGuard' found. Using it now.
[05:00:30] [Server thread/INFO]: [com.fastasyncworldedit.bukkit.FaweBukkit] Attempting to use plugin 'WorldGuard'
[05:00:30] [Craft Scheduler Thread - 23 - Vault/INFO]: [Vault] Checking for Updates ... 
[05:00:30] [Craft Scheduler Thread - 5 - BlueSlimeCore/INFO]: [Blue Slime Core]  
[05:00:30] [Craft Scheduler Thread - 5 - BlueSlimeCore/INFO]: [Blue Slime Core] [Update Checker] There are no updates available for plugin 'BlueSlimeCore'.
[05:00:30] [Craft Scheduler Thread - 23 - Vault/INFO]: [Vault] No new version available
[05:00:30] [Craft Scheduler Thread - 8 - InteractionVisualizer/INFO]: [InteractionVisualizer] Sucessfully downloaded the latest Language files!
[05:00:30] [pool-78-thread-1/INFO]: [ModelEngine] [A] 
[05:00:30] [pool-78-thread-1/INFO]: [ModelEngine] [A] Importing 2shelftable.bbmodel.
[05:00:30] [Server thread/INFO]: Nexo | PackServer set to POLYMATH
[05:00:30] [pool-78-thread-1/WARN]: [ModelEngine] [A] --Warning: Missing hitbox.
[05:00:30] [pool-78-thread-8/INFO]: [ModelEngine] [A] 
[05:00:30] [pool-78-thread-8/INFO]: [ModelEngine] [A] Importing bee_loot.bbmodel.
[05:00:30] [pool-78-thread-6/INFO]: [ModelEngine] [A] 
[05:00:30] [pool-78-thread-6/INFO]: [ModelEngine] [A] Importing bee_egg.bbmodel.
[05:00:30] [pool-78-thread-4/INFO]: [ModelEngine] [A] 
[05:00:30] [pool-78-thread-4/INFO]: [ModelEngine] [A] Importing airconditioner.bbmodel.
[05:00:30] [pool-78-thread-4/WARN]: [ModelEngine] [A] --Warning: Missing hitbox.
[05:00:30] [pool-78-thread-5/INFO]: [ModelEngine] [A] 
[05:00:30] [pool-78-thread-5/INFO]: [ModelEngine] [A] Importing aquarium.bbmodel.
[05:00:30] [pool-78-thread-5/WARN]: [ModelEngine] [A] --Warning: Missing hitbox.
[05:00:30] [pool-78-thread-7/INFO]: [ModelEngine] [A] 
[05:00:30] [pool-78-thread-7/INFO]: [ModelEngine] [A] Importing bee_egg2.bbmodel.
[05:00:30] [pool-78-thread-10/INFO]: [ModelEngine] [A] 
[05:00:30] [pool-78-thread-10/INFO]: [ModelEngine] [A] Importing bookshelf.bbmodel.
[05:00:30] [pool-78-thread-10/WARN]: [ModelEngine] [A] --Warning: Missing hitbox.
[05:00:30] [pool-78-thread-2/INFO]: [ModelEngine] [A] 
[05:00:30] [pool-78-thread-2/INFO]: [ModelEngine] [A] Importing BeeMinion.bbmodel.
[05:00:30] [Craft Scheduler Thread - 10 - zMenu/INFO]: [zMenu v1.0.3.7] New update available. Your version: 1.0.3.7, latest version: 1.1.0.8
[05:00:30] [Craft Scheduler Thread - 10 - zMenu/INFO]: [zMenu v1.0.3.7] Download plugin here: https://groupez.dev/resources/253
[05:00:30] [pool-78-thread-9/INFO]: [ModelEngine] [A] 
[05:00:31] [pool-78-thread-9/INFO]: [ModelEngine] [A] Importing blaze_king.bbmodel.
[05:00:31] [Craft Scheduler Thread - 14 - zAuctionHouseV3/INFO]: [zAuctionHouseV3 v3.2.2.9] New update available. Your version: 3.2.2.9, latest version: 3.2.4.3
[05:00:31] [Craft Scheduler Thread - 14 - zAuctionHouseV3/INFO]: [zAuctionHouseV3 v3.2.2.9] Download plugin here: https://groupez.dev/resources/1
[05:00:31] [pool-78-thread-3/INFO]: [ModelEngine] [A] 
[05:00:31] [pool-78-thread-3/INFO]: [ModelEngine] [A] Importing QueenBee.bbmodel.
[05:00:31] [pool-78-thread-7/INFO]: [ModelEngine] [A] 
[05:00:31] [pool-78-thread-7/INFO]: [ModelEngine] [A] Importing coffeetable.bbmodel.
[05:00:31] [pool-78-thread-7/WARN]: [ModelEngine] [A] --Warning: Missing hitbox.
[05:00:31] [pool-78-thread-5/INFO]: [ModelEngine] [A] 
[05:00:31] [pool-78-thread-5/INFO]: [ModelEngine] [A] Importing ceilingfan.bbmodel.
[05:00:31] [pool-78-thread-5/WARN]: [ModelEngine] [A] --Warning: Missing hitbox.
[05:00:31] [pool-78-thread-10/INFO]: [ModelEngine] [A] 
[05:00:31] [pool-78-thread-10/INFO]: [ModelEngine] [A] Importing comfortablechair.bbmodel.
[05:00:31] [pool-78-thread-10/WARN]: [ModelEngine] [A] --Warning: Missing hitbox.
[05:00:31] [pool-78-thread-2/INFO]: [ModelEngine] [A] 
[05:00:31] [pool-78-thread-2/INFO]: [ModelEngine] [A] Importing crate_lvl1.bbmodel.
[05:00:31] [pool-78-thread-2/WARN]: [ModelEngine] [A] --Warning: Missing hitbox.
[05:00:31] [pool-78-thread-8/INFO]: [ModelEngine] [A] 
[05:00:31] [pool-78-thread-8/INFO]: [ModelEngine] [A] Importing bs_vm_armadillo.bbmodel.
[05:00:31] [pool-78-thread-4/INFO]: [ModelEngine] [A] 
[05:00:31] [pool-78-thread-4/INFO]: [ModelEngine] [A] Importing bs_vm_penguin.bbmodel.
[05:00:31] [pool-78-thread-6/INFO]: [ModelEngine] [A] 
[05:00:31] [pool-78-thread-6/INFO]: [ModelEngine] [A] Importing bs_vm_crab.bbmodel.
[05:00:31] [pool-78-thread-3/INFO]: [ModelEngine] [A] 
[05:00:31] [pool-78-thread-3/INFO]: [ModelEngine] [A] Importing crate_lvl3.bbmodel.
[05:00:31] [pool-78-thread-3/WARN]: [ModelEngine] [A] --Warning: Missing hitbox.
[05:00:31] [pool-78-thread-9/INFO]: [ModelEngine] [A] 
[05:00:31] [pool-78-thread-9/INFO]: [ModelEngine] [A] Importing crate_lvl2.bbmodel.
[05:00:31] [pool-78-thread-9/WARN]: [ModelEngine] [A] --Warning: Missing hitbox.
[05:00:31] [pool-78-thread-7/INFO]: [ModelEngine] [A] 
[05:00:31] [pool-78-thread-7/INFO]: [ModelEngine] [A] Importing crate_lvl4.bbmodel.
[05:00:31] [pool-78-thread-7/WARN]: [ModelEngine] [A] --Warning: Missing hitbox.
[05:00:31] [pool-78-thread-10/INFO]: [ModelEngine] [A] 
[05:00:31] [pool-78-thread-10/INFO]: [ModelEngine] [A] Importing curtain.bbmodel.
[05:00:31] [pool-78-thread-10/WARN]: [ModelEngine] [A] --Warning: Missing hitbox.
[05:00:31] [pool-78-thread-8/INFO]: [ModelEngine] [A] 
[05:00:31] [pool-78-thread-8/INFO]: [ModelEngine] [A] Importing desk.bbmodel.
[05:00:31] [pool-78-thread-8/WARN]: [ModelEngine] [A] --Warning: Missing hitbox.
[05:00:31] [pool-78-thread-4/INFO]: [ModelEngine] [A] 
[05:00:31] [pool-78-thread-4/INFO]: [ModelEngine] [A] Importing dio.bbmodel.
[05:00:31] [pool-78-thread-4/WARN]: [ModelEngine] [A] --Warning: Missing hitbox.
[05:00:31] [pool-78-thread-1/INFO]: [ModelEngine] [A] 
[05:00:31] [pool-78-thread-1/INFO]: [ModelEngine] [A] Importing boss_warrior.bbmodel.
[05:00:31] [pool-78-thread-6/INFO]: [ModelEngine] [A] 
[05:00:31] [pool-78-thread-6/INFO]: [ModelEngine] [A] Importing diostep.bbmodel.
[05:00:31] [pool-78-thread-6/WARN]: [ModelEngine] [A] --Warning: Missing hitbox.
[05:00:31] [pool-78-thread-5/INFO]: [ModelEngine] [A] 
[05:00:31] [pool-78-thread-5/INFO]: [ModelEngine] [A] Importing crimson_skeleton.bbmodel.
[05:00:31] [pool-78-thread-9/INFO]: [ModelEngine] [A] 
[05:00:31] [pool-78-thread-9/INFO]: [ModelEngine] [A] Importing doublecouch.bbmodel.
[05:00:31] [pool-78-thread-9/WARN]: [ModelEngine] [A] --Warning: Missing hitbox.
[05:00:31] [pool-78-thread-3/INFO]: [ModelEngine] [A] 
[05:00:31] [pool-78-thread-3/INFO]: [ModelEngine] [A] Importing diovs.bbmodel.
[05:00:31] [pool-78-thread-3/WARN]: [ModelEngine] [A] --Warning: Missing hitbox.
[05:00:31] [pool-78-thread-2/INFO]: [ModelEngine] [A] 
[05:00:31] [pool-78-thread-2/INFO]: [ModelEngine] [A] Importing dark_imp.bbmodel.
[05:00:31] [pool-78-thread-4/INFO]: [ModelEngine] [A] 
[05:00:31] [pool-78-thread-4/INFO]: [ModelEngine] [A] Importing edragonboulder.bbmodel.
[05:00:31] [pool-78-thread-3/INFO]: [ModelEngine] [A] 
[05:00:31] [pool-78-thread-3/INFO]: [ModelEngine] [A] Importing empowered_enderbruiser.bbmodel.
[05:00:31] [pool-78-thread-2/INFO]: [ModelEngine] [A] 
[05:00:31] [pool-78-thread-2/INFO]: [ModelEngine] [A] Importing empowered_enderling.bbmodel.
[05:00:31] [pool-78-thread-5/INFO]: [ModelEngine] [A] 
[05:00:31] [pool-78-thread-5/INFO]: [ModelEngine] [A] Importing empowered_ender_crawler.bbmodel.
[05:00:31] [pool-78-thread-6/INFO]: [ModelEngine] [A] 
[05:00:31] [pool-78-thread-6/INFO]: [ModelEngine] [A] Importing empowered_end_wraith.bbmodel.
[05:00:31] [pool-78-thread-5/INFO]: [ModelEngine] [A] 
[05:00:31] [pool-78-thread-5/INFO]: [ModelEngine] [A] Importing ender_crawler.bbmodel.
[05:00:31] [pool-78-thread-2/INFO]: [ModelEngine] [A] 
[05:00:31] [pool-78-thread-2/INFO]: [ModelEngine] [A] Importing end_wraith.bbmodel.
[05:00:31] [pool-78-thread-3/INFO]: [ModelEngine] [A] 
[05:00:31] [pool-78-thread-3/INFO]: [ModelEngine] [A] Importing end_strider.bbmodel.
[05:00:31] [pool-78-thread-9/INFO]: [ModelEngine] [A] 
[05:00:31] [pool-78-thread-9/INFO]: [ModelEngine] [A] Importing empowered_ender_watchman.bbmodel.
[05:00:31] [pool-78-thread-8/INFO]: [ModelEngine] [A] 
[05:00:31] [pool-78-thread-8/INFO]: [ModelEngine] [A] Importing edplanet_implosion.bbmodel.
[05:00:31] [pool-78-thread-1/INFO]: [ModelEngine] [A] 
[05:00:31] [pool-78-thread-1/INFO]: [ModelEngine] [A] Importing empowered_end_strider.bbmodel.
[05:00:31] [pool-78-thread-6/INFO]: [ModelEngine] [A] 
[05:00:31] [pool-78-thread-6/INFO]: [ModelEngine] [A] Importing ender_watchman.bbmodel.
[05:00:32] [pool-78-thread-1/INFO]: [ModelEngine] [A] 
[05:00:32] [pool-78-thread-1/INFO]: [ModelEngine] [A] Importing floorlamp.bbmodel.
[05:00:32] [pool-78-thread-1/WARN]: [ModelEngine] [A] --Warning: Missing hitbox.
[05:00:32] [pool-78-thread-5/INFO]: [ModelEngine] [A] 
[05:00:32] [pool-78-thread-5/INFO]: [ModelEngine] [A] Importing enderbruiser.bbmodel.
[05:00:32] [pool-78-thread-2/INFO]: [ModelEngine] [A] 
[05:00:32] [pool-78-thread-2/INFO]: [ModelEngine] [A] Importing enderling.bbmodel.
[05:00:32] [pool-78-thread-4/INFO]: [ModelEngine] [A] 
[05:00:32] [pool-78-thread-4/INFO]: [ModelEngine] [A] Importing empowered_endermauler.bbmodel.
[05:00:32] [pool-78-thread-6/INFO]: [ModelEngine] [A] 
[05:00:32] [pool-78-thread-6/INFO]: [ModelEngine] [A] Importing flowerpot.bbmodel.
[05:00:32] [pool-78-thread-6/WARN]: [ModelEngine] [A] --Warning: Missing hitbox.
[05:00:32] [pool-78-thread-1/INFO]: [ModelEngine] [A] 
[05:00:32] [pool-78-thread-1/INFO]: [ModelEngine] [A] Importing giorno.bbmodel.
[05:00:32] [pool-78-thread-1/WARN]: [ModelEngine] [A] --Warning: Missing hitbox.
[05:00:32] [pool-78-thread-8/INFO]: [ModelEngine] [A] 
[05:00:32] [pool-78-thread-8/INFO]: [ModelEngine] [A] Importing fire_imp.bbmodel.
[05:00:32] [pool-78-thread-9/INFO]: [ModelEngine] [A] 
[05:00:32] [pool-78-thread-9/INFO]: [ModelEngine] [A] Importing fenrir.bbmodel.
[05:00:32] [pool-78-thread-5/INFO]: [ModelEngine] [A] 
[05:00:32] [pool-78-thread-5/INFO]: [ModelEngine] [A] Importing glasstable.bbmodel.
[05:00:32] [pool-78-thread-5/WARN]: [ModelEngine] [A] --Warning: Missing hitbox.
[05:00:32] [pool-78-thread-4/INFO]: [ModelEngine] [A] 
[05:00:32] [pool-78-thread-4/INFO]: [ModelEngine] [A] Importing grandfatherclock.bbmodel.
[05:00:32] [pool-78-thread-4/WARN]: [ModelEngine] [A] --Warning: Missing hitbox.
[05:00:32] [pool-78-thread-2/INFO]: [ModelEngine] [A] 
[05:00:32] [pool-78-thread-2/INFO]: [ModelEngine] [A] Importing golem.bbmodel.
[05:00:32] [pool-78-thread-1/INFO]: [ModelEngine] [A] 
[05:00:32] [pool-78-thread-1/INFO]: [ModelEngine] [A] Importing hermitcrab.bbmodel.
[05:00:32] [pool-78-thread-1/INFO]: [ModelEngine] [A] 
[05:00:32] [pool-78-thread-1/INFO]: [ModelEngine] [A] Importing herobrine_bobber.bbmodel.
[05:00:32] [pool-78-thread-1/WARN]: [ModelEngine] [A] --Warning: Missing hitbox.
[05:00:32] [pool-78-thread-4/INFO]: [ModelEngine] [A] 
[05:00:32] [pool-78-thread-4/INFO]: [ModelEngine] [A] Importing herobrine_axe.bbmodel.
[05:00:32] [pool-78-thread-4/WARN]: [ModelEngine] [A] --Warning: Missing hitbox.
[05:00:32] [Craft Scheduler Thread - 13 - zAuctionHouseV3/INFO]: [zAuctionHouseV3 v3.2.2.9] Loading items
[05:00:32] [Craft Scheduler Thread - 13 - zAuctionHouseV3/INFO]: [zAuctionHouseV3 v3.2.2.9] Loading transactions
[05:00:32] [pool-78-thread-1/INFO]: [ModelEngine] [A] 
[05:00:32] [pool-78-thread-1/INFO]: [ModelEngine] [A] Importing herobrine_steve.bbmodel.
[05:00:32] [pool-78-thread-1/WARN]: [ModelEngine] [A] --Warning: Missing hitbox.
[05:00:32] [pool-165-thread-2/INFO]: [zAuctionHouseV3 v3.2.2.9] Loading of transactions successfully completed.
[05:00:32] [pool-78-thread-8/INFO]: [ModelEngine] [A] 
[05:00:32] [pool-78-thread-8/INFO]: [ModelEngine] [A] Importing herobrine.bbmodel.
[05:00:32] [pool-78-thread-9/INFO]: [ModelEngine] [A] 
[05:00:32] [pool-78-thread-9/INFO]: [ModelEngine] [A] Importing herobrine_alex.bbmodel.
[05:00:32] [pool-165-thread-1/INFO]: [zAuctionHouseV3 v3.2.2.9] Loading of items successfully completed.
[05:00:32] [pool-78-thread-6/INFO]: [ModelEngine] [A] 
[05:00:32] [pool-78-thread-6/INFO]: [ModelEngine] [A] Importing hell_hound.bbmodel.
[05:00:32] [pool-78-thread-3/INFO]: [ModelEngine] [A] 
[05:00:32] [pool-78-thread-3/INFO]: [ModelEngine] [A] Importing endermauler.bbmodel.
[05:00:32] [pool-78-thread-9/INFO]: [ModelEngine] [A] 
[05:00:32] [pool-78-thread-9/INFO]: [ModelEngine] [A] Importing hv_selenia_dagger.bbmodel.
[05:00:32] [pool-78-thread-2/INFO]: [ModelEngine] [A] 
[05:00:32] [pool-78-thread-2/INFO]: [ModelEngine] [A] Importing herobrine_bits.bbmodel.
[05:00:32] [pool-78-thread-2/WARN]: [ModelEngine] [A] --Warning: Missing hitbox.
[05:00:32] [pool-78-thread-3/INFO]: [ModelEngine] [A] 
[05:00:32] [pool-78-thread-3/INFO]: [ModelEngine] [A] Importing jelly.bbmodel.
[05:00:32] [pool-78-thread-5/INFO]: [ModelEngine] [A] 
[05:00:32] [pool-78-thread-5/INFO]: [ModelEngine] [A] Importing herobrine_alex_bits.bbmodel.
[05:00:32] [pool-78-thread-5/WARN]: [ModelEngine] [A] --Warning: Missing hitbox.
[05:00:32] [pool-78-thread-5/WARN]: [ModelEngine] [A] --Warn: Texture name modelengine:entity/herobrine_alex already exists. Using alternative texture name modelengine:entity/a98f0dfe-aa6d-3bdd-8fc1-3bcbbf913f0b.
[05:00:32] [pool-78-thread-2/INFO]: [ModelEngine] [A] 
[05:00:32] [pool-78-thread-2/INFO]: [ModelEngine] [A] Importing jonathan2.bbmodel.
[05:00:32] [pool-78-thread-2/WARN]: [ModelEngine] [A] --Warning: Missing hitbox.
[05:00:32] [pool-78-thread-9/INFO]: [ModelEngine] [A] 
[05:00:32] [pool-78-thread-9/INFO]: [ModelEngine] [A] Importing jonathan.bbmodel.
[05:00:32] [pool-78-thread-9/WARN]: [ModelEngine] [A] --Warning: Missing hitbox.
[05:00:32] [pool-78-thread-6/INFO]: [ModelEngine] [A] 
[05:00:32] [pool-78-thread-6/INFO]: [ModelEngine] [A] Importing hv_selenia_eruption_vfx.bbmodel.
[05:00:32] [pool-78-thread-2/INFO]: [ModelEngine] [A] 
[05:00:32] [pool-78-thread-2/INFO]: [ModelEngine] [A] Importing jotaro.bbmodel.
[05:00:32] [pool-78-thread-2/WARN]: [ModelEngine] [A] --Warning: Missing hitbox.
[05:00:32] [pool-78-thread-3/INFO]: [ModelEngine] [A] 
[05:00:32] [pool-78-thread-3/INFO]: [ModelEngine] [A] Importing joseph.bbmodel.
[05:00:32] [pool-78-thread-3/WARN]: [ModelEngine] [A] --Warning: Missing hitbox.
[05:00:32] [pool-78-thread-5/INFO]: [ModelEngine] [A] 
[05:00:32] [pool-78-thread-5/INFO]: [ModelEngine] [A] Importing josuke.bbmodel.
[05:00:32] [pool-78-thread-5/WARN]: [ModelEngine] [A] --Warning: Missing hitbox.
[05:00:32] [pool-78-thread-9/INFO]: [ModelEngine] [A] 
[05:00:32] [pool-78-thread-9/INFO]: [ModelEngine] [A] Importing jotarovs.bbmodel.
[05:00:32] [pool-78-thread-9/WARN]: [ModelEngine] [A] --Warning: Missing hitbox.
[05:00:32] [pool-78-thread-1/INFO]: [ModelEngine] [A] 
[05:00:32] [pool-78-thread-1/INFO]: [ModelEngine] [A] Importing herobrine_zombie_bits.bbmodel.
[05:00:32] [pool-78-thread-1/WARN]: [ModelEngine] [A] --Warning: Missing hitbox.
[05:00:32] [pool-78-thread-4/INFO]: [ModelEngine] [A] 
[05:00:32] [pool-78-thread-4/INFO]: [ModelEngine] [A] Importing herobrine_zombie.bbmodel.
[05:00:32] [pool-78-thread-3/INFO]: [ModelEngine] [A] 
[05:00:32] [pool-78-thread-3/INFO]: [ModelEngine] [A] Importing key_lvl1.bbmodel.
[05:00:32] [pool-78-thread-3/WARN]: [ModelEngine] [A] --Warning: Missing hitbox.
[05:00:32] [pool-78-thread-9/INFO]: [ModelEngine] [A] 
[05:00:32] [pool-78-thread-9/INFO]: [ModelEngine] [A] Importing key_lvl3.bbmodel.
[05:00:32] [pool-78-thread-9/WARN]: [ModelEngine] [A] --Warning: Missing hitbox.
[05:00:32] [pool-78-thread-1/INFO]: [ModelEngine] [A] 
[05:00:32] [pool-78-thread-1/INFO]: [ModelEngine] [A] Importing key_lvl4.bbmodel.
[05:00:32] [pool-78-thread-1/WARN]: [ModelEngine] [A] --Warning: Missing hitbox.
[05:00:32] [pool-78-thread-5/INFO]: [ModelEngine] [A] 
[05:00:32] [pool-78-thread-5/INFO]: [ModelEngine] [A] Importing key_lvl2.bbmodel.
[05:00:32] [pool-78-thread-5/WARN]: [ModelEngine] [A] --Warning: Missing hitbox.
[05:00:32] [pool-78-thread-4/INFO]: [ModelEngine] [A] 
[05:00:32] [pool-78-thread-4/INFO]: [ModelEngine] [A] Importing kiraqueen.bbmodel.
[05:00:32] [pool-78-thread-4/WARN]: [ModelEngine] [A] --Warning: Missing hitbox.
[05:00:32] [pool-78-thread-3/INFO]: [ModelEngine] [A] 
[05:00:32] [pool-78-thread-3/INFO]: [ModelEngine] [A] Importing koichi.bbmodel.
[05:00:32] [pool-78-thread-3/WARN]: [ModelEngine] [A] --Warning: Missing hitbox.
[05:00:32] [pool-78-thread-6/INFO]: [ModelEngine] [A] 
[05:00:32] [pool-78-thread-6/INFO]: [ModelEngine] [A] Importing kakyoin.bbmodel.
[05:00:32] [pool-78-thread-6/WARN]: [ModelEngine] [A] --Warning: Missing hitbox.
[05:00:32] [pool-78-thread-2/INFO]: [ModelEngine] [A] 
[05:00:32] [pool-78-thread-2/INFO]: [ModelEngine] [A] Importing kakyoin_loop.bbmodel.
[05:00:32] [pool-78-thread-2/WARN]: [ModelEngine] [A] --Warning: Missing hitbox.
[05:00:32] [pool-78-thread-8/INFO]: [ModelEngine] [A] 
[05:00:32] [pool-78-thread-8/INFO]: [ModelEngine] [A] Importing hv_selenia.bbmodel.
[05:00:32] [pool-78-thread-4/INFO]: [ModelEngine] [A] 
[05:00:32] [pool-78-thread-4/INFO]: [ModelEngine] [A] Importing lava_mite.bbmodel.
[05:00:32] [pool-78-thread-10/INFO]: [ModelEngine] [A] 
[05:00:32] [pool-78-thread-10/INFO]: [ModelEngine] [A] Importing ecdragonearthboss.bbmodel.
[05:00:32] [pool-78-thread-7/INFO]: [ModelEngine] [A] 
[05:00:32] [pool-78-thread-7/INFO]: [ModelEngine] [A] Importing ecdragonearth.bbmodel.
[05:00:32] [pool-78-thread-5/INFO]: [ModelEngine] [A] 
[05:00:32] [pool-78-thread-5/INFO]: [ModelEngine] [A] Importing kpack_knight_parts.bbmodel.
[05:00:32] [pool-78-thread-5/WARN]: [ModelEngine] [A] --Warning: Eye height is below 0. Entity might suffocate.
[05:00:32] [pool-78-thread-5/INFO]: [ModelEngine] [A] 
[05:00:32] [pool-78-thread-5/INFO]: [ModelEngine] [A] Importing medieval_market_barell.bbmodel.
[05:00:32] [pool-78-thread-5/WARN]: [ModelEngine] [A] --Warning: Missing hitbox.
[05:00:32] [pool-78-thread-5/WARN]: [ModelEngine] [A] --Warn: Texture name Raw Files:entity/medieval_market_barrel contains non [a-z0-9/._-] characters. Using alternative texture name modelengine:entity/0df9f0ff-7b76-350b-b5f0-fd49acf59adb.
[05:00:32] [pool-78-thread-6/INFO]: [ModelEngine] [A] 
[05:00:32] [pool-78-thread-6/INFO]: [ModelEngine] [A] Importing lcouch.bbmodel.
[05:00:32] [pool-78-thread-6/WARN]: [ModelEngine] [A] --Warning: Missing hitbox.
[05:00:32] [pool-78-thread-5/INFO]: [ModelEngine] [A] 
[05:00:32] [pool-78-thread-5/INFO]: [ModelEngine] [A] Importing medieval_market_bath.bbmodel.
[05:00:32] [pool-78-thread-5/WARN]: [ModelEngine] [A] --Warning: Missing hitbox.
[05:00:32] [pool-78-thread-5/WARN]: [ModelEngine] [A] --Warn: Texture name Raw Files:entity/medieval_market_bath contains non [a-z0-9/._-] characters. Using alternative texture name modelengine:entity/589f2094-d773-3c72-b366-176660c2e2d5.
[05:00:32] [pool-78-thread-5/INFO]: [ModelEngine] [A] 
[05:00:32] [pool-78-thread-5/INFO]: [ModelEngine] [A] Importing medieval_market_bed.bbmodel.
[05:00:32] [pool-78-thread-5/WARN]: [ModelEngine] [A] --Warning: Missing hitbox.
[05:00:32] [pool-78-thread-5/WARN]: [ModelEngine] [A] --Warn: Texture name Raw Files:entity/medieval_market_bed contains non [a-z0-9/._-] characters. Using alternative texture name modelengine:entity/73ac5e3f-fba4-359f-afac-7cfc582e140f.
[05:00:32] [pool-78-thread-8/INFO]: [ModelEngine] [A] 
[05:00:32] [pool-78-thread-8/INFO]: [ModelEngine] [A] Importing longcarpet.bbmodel.
[05:00:32] [pool-78-thread-8/WARN]: [ModelEngine] [A] --Warning: Missing hitbox.
[05:00:32] [pool-78-thread-7/INFO]: [ModelEngine] [A] 
[05:00:32] [pool-78-thread-7/INFO]: [ModelEngine] [A] Importing medieval_market_bag.bbmodel.
[05:00:32] [pool-78-thread-7/WARN]: [ModelEngine] [A] --Warning: Missing hitbox.
[05:00:32] [pool-78-thread-7/WARN]: [ModelEngine] [A] --Warn: Texture name Raw Files:entity/medieval_market_bag contains non [a-z0-9/._-] characters. Using alternative texture name modelengine:entity/1527cb82-1902-3182-99c2-d45eb42f13aa.
[05:00:32] [pool-78-thread-4/INFO]: [ModelEngine] [A] 
[05:00:32] [pool-78-thread-4/INFO]: [ModelEngine] [A] Importing longtable.bbmodel.
[05:00:32] [pool-78-thread-4/WARN]: [ModelEngine] [A] --Warning: Missing hitbox.
[05:00:32] [pool-78-thread-7/INFO]: [ModelEngine] [A] 
[05:00:32] [pool-78-thread-7/INFO]: [ModelEngine] [A] Importing medieval_market_box_apples.bbmodel.
[05:00:32] [pool-78-thread-7/WARN]: [ModelEngine] [A] --Warning: Missing hitbox.
[05:00:32] [pool-78-thread-7/WARN]: [ModelEngine] [A] --Warn: Texture name Raw Files:entity/medieval_market_box_apples contains non [a-z0-9/._-] characters. Using alternative texture name modelengine:entity/c8561943-0386-3626-8ec4-af6b687455c9.
[05:00:32] [pool-78-thread-8/INFO]: [ModelEngine] [A] 
[05:00:32] [pool-78-thread-8/INFO]: [ModelEngine] [A] Importing medieval_market_box.bbmodel.
[05:00:32] [pool-78-thread-8/WARN]: [ModelEngine] [A] --Warning: Missing hitbox.
[05:00:32] [pool-78-thread-8/WARN]: [ModelEngine] [A] --Warn: Texture name Raw Files:entity/medieval_market_box contains non [a-z0-9/._-] characters. Using alternative texture name modelengine:entity/a552fdf6-d814-38a1-8817-2e76801aa4d3.
[05:00:32] [pool-78-thread-8/INFO]: [ModelEngine] [A] 
[05:00:32] [pool-78-thread-8/INFO]: [ModelEngine] [A] Importing medieval_market_chair.bbmodel.
[05:00:32] [pool-78-thread-8/WARN]: [ModelEngine] [A] --Warning: Missing hitbox.
[05:00:32] [pool-78-thread-8/WARN]: [ModelEngine] [A] --Warn: Texture name Raw Files:entity/medieval_market_chair contains non [a-z0-9/._-] characters. Using alternative texture name modelengine:entity/36833832-dc41-30be-b2c4-e31892526a2b.
[05:00:32] [pool-78-thread-5/INFO]: [ModelEngine] [A] 
[05:00:32] [pool-78-thread-5/INFO]: [ModelEngine] [A] Importing medieval_market_bench.bbmodel.
[05:00:32] [pool-78-thread-5/WARN]: [ModelEngine] [A] --Warning: Missing hitbox.
[05:00:32] [pool-78-thread-5/WARN]: [ModelEngine] [A] --Warn: Texture name Raw Files:entity/medieval_market_bench contains non [a-z0-9/._-] characters. Using alternative texture name modelengine:entity/8f17ae80-b1ef-31f4-a5a2-201ccf91a9d4.
[05:00:32] [pool-78-thread-8/INFO]: [ModelEngine] [A] 
[05:00:32] [pool-78-thread-8/INFO]: [ModelEngine] [A] Importing medieval_market_chest.bbmodel.
[05:00:32] [pool-78-thread-8/WARN]: [ModelEngine] [A] --Warning: Missing hitbox.
[05:00:32] [pool-78-thread-8/WARN]: [ModelEngine] [A] --Warn: Texture name Raw Files:entity/medieval_market_chest contains non [a-z0-9/._-] characters. Using alternative texture name modelengine:entity/389ddde2-e7b6-3c42-a8aa-6678c8e51a15.
[05:00:32] [pool-78-thread-3/INFO]: [ModelEngine] [A] 
[05:00:32] [pool-78-thread-3/INFO]: [ModelEngine] [A] Importing lava_piranha.bbmodel.
[05:00:32] [pool-78-thread-7/INFO]: [ModelEngine] [A] 
[05:00:32] [pool-78-thread-7/INFO]: [ModelEngine] [A] Importing medieval_market_campfire.bbmodel.
[05:00:32] [pool-78-thread-7/WARN]: [ModelEngine] [A] --Warning: Missing hitbox.
[05:00:32] [pool-78-thread-7/WARN]: [ModelEngine] [A] --Warn: Texture name Raw Files:entity/medieval_market_campfire contains non [a-z0-9/._-] characters. Using alternative texture name modelengine:entity/5f41e033-d53f-314d-9110-e9266e70c359.
[05:00:32] [pool-78-thread-4/INFO]: [ModelEngine] [A] 
[05:00:32] [pool-78-thread-4/INFO]: [ModelEngine] [A] Importing medieval_market_box_bread.bbmodel.
[05:00:32] [pool-78-thread-4/WARN]: [ModelEngine] [A] --Warning: Missing hitbox.
[05:00:32] [pool-78-thread-4/WARN]: [ModelEngine] [A] --Warn: Texture name Raw Files:entity/medieval_market_box_bread contains non [a-z0-9/._-] characters. Using alternative texture name modelengine:entity/6fdcfb61-57b7-3cff-8125-cd5f81335a6e.
[05:00:32] [pool-78-thread-10/INFO]: [ModelEngine] [A] 
[05:00:32] [pool-78-thread-10/INFO]: [ModelEngine] [A] Importing lost_soul.bbmodel.
[05:00:32] [pool-78-thread-2/INFO]: [ModelEngine] [A] 
[05:00:32] [pool-78-thread-2/INFO]: [ModelEngine] [A] Importing livingroomchandelier.bbmodel.
[05:00:32] [pool-78-thread-2/WARN]: [ModelEngine] [A] --Warning: Missing hitbox.
[05:00:32] [pool-78-thread-3/INFO]: [ModelEngine] [A] 
[05:00:32] [pool-78-thread-3/INFO]: [ModelEngine] [A] Importing medieval_market_haybales.bbmodel.
[05:00:32] [pool-78-thread-3/WARN]: [ModelEngine] [A] --Warning: Missing hitbox.
[05:00:32] [pool-78-thread-3/WARN]: [ModelEngine] [A] --Warn: Texture name Raw Files:entity/medieval_market_haybales contains non [a-z0-9/._-] characters. Using alternative texture name modelengine:entity/d87278c0-3303-3ae7-ae2c-7872a36eb477.
[05:00:32] [pool-78-thread-6/INFO]: [ModelEngine] [A] 
[05:00:32] [pool-78-thread-6/INFO]: [ModelEngine] [A] Importing medieval_market_lantern_big_double.bbmodel.
[05:00:32] [pool-78-thread-6/WARN]: [ModelEngine] [A] --Warning: Missing hitbox.
[05:00:32] [pool-78-thread-6/WARN]: [ModelEngine] [A] --Warn: Texture name Raw Files:entity/medieval_market_lantern_big contains non [a-z0-9/._-] characters. Using alternative texture name modelengine:entity/261341d4-e516-3b33-8221-b6f5e20bc3be.
[05:00:32] [pool-78-thread-5/INFO]: [ModelEngine] [A] 
[05:00:32] [pool-78-thread-5/INFO]: [ModelEngine] [A] Importing medieval_market_direction_sign.bbmodel.
[05:00:32] [pool-78-thread-5/WARN]: [ModelEngine] [A] --Warning: Missing hitbox.
[05:00:32] [pool-78-thread-5/WARN]: [ModelEngine] [A] --Warn: Texture name Raw Files:entity/medieval_market_direction_sign contains non [a-z0-9/._-] characters. Using alternative texture name modelengine:entity/098b0367-de66-388f-8b4c-30ba322886e4.
[05:00:32] [pool-78-thread-10/INFO]: [ModelEngine] [A] 
[05:00:32] [pool-78-thread-10/INFO]: [ModelEngine] [A] Importing medieval_market_lantern_double.bbmodel.
[05:00:32] [pool-78-thread-10/WARN]: [ModelEngine] [A] --Warning: Missing hitbox.
[05:00:32] [pool-78-thread-10/WARN]: [ModelEngine] [A] --Warn: Texture name Raw Files:entity/medieval_market_lantern contains non [a-z0-9/._-] characters. Using alternative texture name modelengine:entity/401f4f98-baff-3f63-b576-c52d875adde6.
[05:00:32] [pool-78-thread-5/INFO]: [ModelEngine] [A] 
[05:00:32] [pool-78-thread-5/INFO]: [ModelEngine] [A] Importing medieval_market_open_chest.bbmodel.
[05:00:32] [pool-78-thread-5/WARN]: [ModelEngine] [A] --Warning: Missing hitbox.
[05:00:32] [pool-78-thread-5/WARN]: [ModelEngine] [A] --Warn: Texture name Raw Files:entity/medieval_market_open_chest contains non [a-z0-9/._-] characters. Using alternative texture name modelengine:entity/d2e96005-799f-3ac3-bf13-39212a69d591.
[05:00:32] [pool-78-thread-6/INFO]: [ModelEngine] [A] 
[05:00:32] [pool-78-thread-6/INFO]: [ModelEngine] [A] Importing medieval_market_marketstall_red.bbmodel.
[05:00:32] [pool-78-thread-6/WARN]: [ModelEngine] [A] --Warning: Missing hitbox.
[05:00:32] [pool-78-thread-6/WARN]: [ModelEngine] [A] --Warn: Texture name Raw Files:entity/medieval_market_marketstall_red contains non [a-z0-9/._-] characters. Using alternative texture name modelengine:entity/10379db6-5d0a-3305-91c0-b45ada82e581.
[05:00:32] [pool-78-thread-5/INFO]: [ModelEngine] [A] 
[05:00:32] [pool-78-thread-5/INFO]: [ModelEngine] [A] Importing medieval_market_scarecrow.bbmodel.
[05:00:32] [pool-78-thread-5/WARN]: [ModelEngine] [A] --Warning: Missing hitbox.
[05:00:32] [pool-78-thread-5/WARN]: [ModelEngine] [A] --Warn: Texture name Raw Files:entity/medieval_market_scarecrow contains non [a-z0-9/._-] characters. Using alternative texture name modelengine:entity/586ae7cb-276b-3981-902a-637bad1d7458.
[05:00:32] [pool-78-thread-3/INFO]: [ModelEngine] [A] 
[05:00:32] [pool-78-thread-3/INFO]: [ModelEngine] [A] Importing medieval_market_marketstall_purple.bbmodel.
[05:00:32] [pool-78-thread-3/WARN]: [ModelEngine] [A] --Warning: Missing hitbox.
[05:00:32] [pool-78-thread-3/WARN]: [ModelEngine] [A] --Warn: Texture name Raw Files:entity/medieval_market_marketstall_purple contains non [a-z0-9/._-] characters. Using alternative texture name modelengine:entity/8fecf0ef-d727-361b-987d-7735bd31dec4.
[05:00:32] [pool-78-thread-10/INFO]: [ModelEngine] [A] 
[05:00:32] [pool-78-thread-10/INFO]: [ModelEngine] [A] Importing medieval_market_pot.bbmodel.
[05:00:32] [pool-78-thread-10/WARN]: [ModelEngine] [A] --Warning: Missing hitbox.
[05:00:32] [pool-78-thread-10/WARN]: [ModelEngine] [A] --Warn: Texture name Raw Files:entity/medieval_market_pot contains non [a-z0-9/._-] characters. Using alternative texture name modelengine:entity/59972b18-59b8-3326-8fc1-0a944901ec0b.
[05:00:32] [pool-78-thread-6/INFO]: [ModelEngine] [A] 
[05:00:32] [pool-78-thread-6/INFO]: [ModelEngine] [A] Importing medieval_market_stalltable.bbmodel.
[05:00:32] [pool-78-thread-6/WARN]: [ModelEngine] [A] --Warning: Missing hitbox.
[05:00:32] [pool-78-thread-6/WARN]: [ModelEngine] [A] --Warn: Texture name Raw Files:entity/medieval_market_stalltable contains non [a-z0-9/._-] characters. Using alternative texture name modelengine:entity/a8c942b3-d2aa-37ed-9677-ac4d3ed68dbf.
[05:00:32] [pool-78-thread-5/INFO]: [ModelEngine] [A] 
[05:00:32] [pool-78-thread-5/INFO]: [ModelEngine] [A] Importing medieval_market_stool.bbmodel.
[05:00:32] [pool-78-thread-5/WARN]: [ModelEngine] [A] --Warning: Missing hitbox.
[05:00:32] [pool-78-thread-5/WARN]: [ModelEngine] [A] --Warn: Texture name Raw Files:entity/medieval_market_stool contains non [a-z0-9/._-] characters. Using alternative texture name modelengine:entity/683b3ab8-b2dd-3b47-98a0-d448b45e97cc.
[05:00:32] [pool-78-thread-8/INFO]: [ModelEngine] [A] 
[05:00:32] [pool-78-thread-8/INFO]: [ModelEngine] [A] Importing medieval_market_hangingpot.bbmodel.
[05:00:32] [pool-78-thread-8/WARN]: [ModelEngine] [A] --Warning: Missing hitbox.
[05:00:32] [pool-78-thread-8/WARN]: [ModelEngine] [A] --Warn: Texture name Raw Files:entity/medieval_market_hangingpot contains non [a-z0-9/._-] characters. Using alternative texture name modelengine:entity/4307d5c0-0504-3aae-85f4-26fb13c7f0f2.
[05:00:32] [pool-78-thread-4/INFO]: [ModelEngine] [A] 
[05:00:32] [pool-78-thread-4/INFO]: [ModelEngine] [A] Importing medieval_market_lantern_big.bbmodel.
[05:00:32] [pool-78-thread-4/WARN]: [ModelEngine] [A] --Warning: Missing hitbox.
[05:00:32] [pool-78-thread-4/WARN]: [ModelEngine] [A] --Warn: Texture name Raw Files:entity/medieval_market_lantern_big contains non [a-z0-9/._-] characters. Using alternative texture name modelengine:entity/261341d4-e516-3b33-8221-b6f5e20bc3be.
[05:00:32] [pool-78-thread-7/INFO]: [ModelEngine] [A] 
[05:00:32] [pool-78-thread-7/INFO]: [ModelEngine] [A] Importing medieval_market_lantern.bbmodel.
[05:00:32] [pool-78-thread-7/WARN]: [ModelEngine] [A] --Warning: Missing hitbox.
[05:00:32] [pool-78-thread-7/WARN]: [ModelEngine] [A] --Warn: Texture name Raw Files:entity/medieval_market_lantern contains non [a-z0-9/._-] characters. Using alternative texture name modelengine:entity/401f4f98-baff-3f63-b576-c52d875adde6.
[05:00:32] [pool-78-thread-9/INFO]: [ModelEngine] [A] 
[05:00:32] [pool-78-thread-9/INFO]: [ModelEngine] [A] Importing kpack_knight.bbmodel.
[05:00:32] [pool-78-thread-2/INFO]: [ModelEngine] [A] 
[05:00:32] [pool-78-thread-2/INFO]: [ModelEngine] [A] Importing medieval_market_lantern_small.bbmodel.
[05:00:32] [pool-78-thread-2/WARN]: [ModelEngine] [A] --Warning: Missing hitbox.
[05:00:32] [pool-78-thread-2/WARN]: [ModelEngine] [A] --Warn: Texture name Raw Files:entity/medieval_market_lantern contains non [a-z0-9/._-] characters. Using alternative texture name modelengine:entity/401f4f98-baff-3f63-b576-c52d875adde6.
[05:00:32] [pool-78-thread-7/INFO]: [ModelEngine] [A] 
[05:00:32] [pool-78-thread-7/INFO]: [ModelEngine] [A] Importing medieval_market_wood_pile.bbmodel.
[05:00:32] [pool-78-thread-7/WARN]: [ModelEngine] [A] --Warning: Missing hitbox.
[05:00:32] [pool-78-thread-7/WARN]: [ModelEngine] [A] --Warn: Texture name Raw Files:entity/medieval_market_wood_pile contains non [a-z0-9/._-] characters. Using alternative texture name modelengine:entity/d20a778f-452c-355a-b6fe-93185219f14c.
[05:00:32] [pool-78-thread-8/INFO]: [ModelEngine] [A] 
[05:00:32] [pool-78-thread-8/INFO]: [ModelEngine] [A] Importing medieval_market_wall_lantern.bbmodel.
[05:00:32] [pool-78-thread-8/WARN]: [ModelEngine] [A] --Warning: Missing hitbox.
[05:00:32] [pool-78-thread-8/WARN]: [ModelEngine] [A] --Warn: Texture name Raw Files:entity/medieval_market_wall_lantern contains non [a-z0-9/._-] characters. Using alternative texture name modelengine:entity/44d9ea67-ae99-3dbf-9697-be95a26d75d2.
[05:00:32] [pool-78-thread-3/INFO]: [ModelEngine] [A] 
[05:00:32] [pool-78-thread-3/INFO]: [ModelEngine] [A] Importing medieval_market_table.bbmodel.
[05:00:32] [pool-78-thread-3/WARN]: [ModelEngine] [A] --Warning: Missing hitbox.
[05:00:32] [pool-78-thread-3/WARN]: [ModelEngine] [A] --Warn: Texture name Raw Files:entity/medieval_market_table contains non [a-z0-9/._-] characters. Using alternative texture name modelengine:entity/81b938f8-7cf4-337b-ba30-9f11e9b05275.
[05:00:32] [pool-78-thread-9/INFO]: [ModelEngine] [A] 
[05:00:32] [pool-78-thread-9/INFO]: [ModelEngine] [A] Importing mediumcarpet.bbmodel.
[05:00:32] [pool-78-thread-9/WARN]: [ModelEngine] [A] --Warning: Missing hitbox.
[05:00:32] [pool-78-thread-10/INFO]: [ModelEngine] [A] 
[05:00:32] [pool-78-thread-10/INFO]: [ModelEngine] [A] Importing medieval_market_wagon2.bbmodel.
[05:00:32] [pool-78-thread-10/WARN]: [ModelEngine] [A] --Warning: Missing hitbox.
[05:00:32] [pool-78-thread-10/WARN]: [ModelEngine] [A] --Warn: Texture name Raw Files:entity/medieval_market_wagon2 contains non [a-z0-9/._-] characters. Using alternative texture name modelengine:entity/ee81c0fe-2cb5-33d1-b1a2-fbe0bef20ed1.
[05:00:32] [pool-78-thread-6/INFO]: [ModelEngine] [A] 
[05:00:32] [pool-78-thread-6/INFO]: [ModelEngine] [A] Importing medieval_market_wagon_purple.bbmodel.
[05:00:32] [pool-78-thread-6/WARN]: [ModelEngine] [A] --Warning: Missing hitbox.
[05:00:32] [pool-78-thread-6/WARN]: [ModelEngine] [A] --Warn: Texture name Raw Files:entity/medieval_market_wagon_purple contains non [a-z0-9/._-] characters. Using alternative texture name modelengine:entity/b840f369-949e-300f-8416-28bd02a28fd9.
[05:00:32] [pool-78-thread-5/INFO]: [ModelEngine] [A] 
[05:00:32] [pool-78-thread-5/INFO]: [ModelEngine] [A] Importing medieval_market_wagon_red.bbmodel.
[05:00:32] [pool-78-thread-5/WARN]: [ModelEngine] [A] --Warning: Missing hitbox.
[05:00:32] [pool-78-thread-5/WARN]: [ModelEngine] [A] --Warn: Texture name Raw Files:entity/medieval_market_wagon_red contains non [a-z0-9/._-] characters. Using alternative texture name modelengine:entity/16381cc9-4927-3de2-b5b7-f2db120d6413.
[05:00:32] [pool-78-thread-3/INFO]: [ModelEngine] [A] 
[05:00:32] [pool-78-thread-3/INFO]: [ModelEngine] [A] Importing mender_cascadebolt_shoot.bbmodel.
[05:00:32] [pool-78-thread-3/WARN]: [ModelEngine] [A] --Warning: Missing hitbox.
[05:00:32] [pool-78-thread-7/INFO]: [ModelEngine] [A] 
[05:00:32] [pool-78-thread-7/INFO]: [ModelEngine] [A] Importing mender_cascadebolt_impact.bbmodel.
[05:00:32] [pool-78-thread-7/WARN]: [ModelEngine] [A] --Warning: Missing hitbox.
[05:00:32] [pool-78-thread-10/INFO]: [ModelEngine] [A] 
[05:00:32] [pool-78-thread-10/INFO]: [ModelEngine] [A] Importing mender_cascadebolt_split2_impact.bbmodel.
[05:00:32] [pool-78-thread-10/WARN]: [ModelEngine] [A] --Warning: Missing hitbox.
[05:00:32] [pool-78-thread-9/INFO]: [ModelEngine] [A] 
[05:00:32] [pool-78-thread-9/INFO]: [ModelEngine] [A] Importing mender_cascadebolt_split2.bbmodel.
[05:00:32] [pool-78-thread-9/WARN]: [ModelEngine] [A] --Warning: Missing hitbox.
[05:00:32] [pool-78-thread-4/INFO]: [ModelEngine] [A] 
[05:00:32] [pool-78-thread-4/INFO]: [ModelEngine] [A] Importing medieval_market_well.bbmodel.
[05:00:32] [pool-78-thread-4/WARN]: [ModelEngine] [A] --Warning: Missing hitbox.
[05:00:32] [pool-78-thread-4/WARN]: [ModelEngine] [A] --Warn: Texture name Raw Files:entity/medieval_market_well contains non [a-z0-9/._-] characters. Using alternative texture name modelengine:entity/a89557b9-5f22-39af-bff6-0319b1efbfc4.
[05:00:32] [pool-78-thread-2/INFO]: [ModelEngine] [A] 
[05:00:32] [pool-78-thread-2/INFO]: [ModelEngine] [A] Importing mender_cascadebolt.bbmodel.
[05:00:32] [pool-78-thread-2/WARN]: [ModelEngine] [A] --Warning: Missing hitbox.
[05:00:32] [pool-78-thread-1/INFO]: [ModelEngine] [A] 
[05:00:32] [pool-78-thread-1/INFO]: [ModelEngine] [A] Importing kpack_knight_horse.bbmodel.
[05:00:32] [pool-78-thread-8/INFO]: [ModelEngine] [A] 
[05:00:32] [pool-78-thread-8/INFO]: [ModelEngine] [A] Importing mender_cascadebolt_lg.bbmodel.
[05:00:32] [pool-78-thread-8/WARN]: [ModelEngine] [A] --Warning: Missing hitbox.
[05:00:32] [pool-78-thread-10/INFO]: [ModelEngine] [A] 
[05:00:32] [pool-78-thread-10/INFO]: [ModelEngine] [A] Importing mender_spiritbolt_impact.bbmodel.
[05:00:32] [pool-78-thread-10/WARN]: [ModelEngine] [A] --Warning: Missing hitbox.
[05:00:32] [pool-78-thread-6/INFO]: [ModelEngine] [A] 
[05:00:32] [pool-78-thread-6/INFO]: [ModelEngine] [A] Importing mender_lifebound.bbmodel.
[05:00:32] [pool-78-thread-6/WARN]: [ModelEngine] [A] --Warning: Missing hitbox.
[05:00:32] [pool-78-thread-1/INFO]: [ModelEngine] [A] 
[05:00:32] [pool-78-thread-1/INFO]: [ModelEngine] [A] Importing nether_mushroom.bbmodel.
[05:00:32] [pool-78-thread-7/INFO]: [ModelEngine] [A] 
[05:00:32] [pool-78-thread-7/INFO]: [ModelEngine] [A] Importing mender_spiritbolt.bbmodel.
[05:00:32] [pool-78-thread-7/WARN]: [ModelEngine] [A] --Warning: Eye height is below 0. Entity might suffocate.
[05:00:32] [pool-78-thread-9/INFO]: [ModelEngine] [A] 
[05:00:32] [pool-78-thread-9/INFO]: [ModelEngine] [A] Importing mimic.bbmodel.
[05:00:32] [pool-78-thread-5/INFO]: [ModelEngine] [A] 
[05:00:32] [pool-78-thread-5/INFO]: [ModelEngine] [A] Importing mender_lifeweavers_grace.bbmodel.
[05:00:32] [pool-78-thread-5/WARN]: [ModelEngine] [A] --Warning: Missing hitbox.
[05:00:32] [pool-78-thread-2/INFO]: [ModelEngine] [A] 
[05:00:32] [pool-78-thread-2/INFO]: [ModelEngine] [A] Importing nether_creeper.bbmodel.
[05:00:32] [pool-78-thread-3/INFO]: [ModelEngine] [A] 
[05:00:32] [pool-78-thread-3/INFO]: [ModelEngine] [A] Importing mender_purging_light.bbmodel.
[05:00:32] [pool-78-thread-3/WARN]: [ModelEngine] [A] --Warning: Missing hitbox.
[05:00:32] [pool-78-thread-4/INFO]: [ModelEngine] [A] 
[05:00:32] [pool-78-thread-4/INFO]: [ModelEngine] [A] Importing mender_vital_beam.bbmodel.
[05:00:32] [pool-78-thread-4/WARN]: [ModelEngine] [A] --Warning: Missing hitbox.
[05:00:32] [pool-78-thread-8/INFO]: [ModelEngine] [A] 
[05:00:32] [pool-78-thread-8/INFO]: [ModelEngine] [A] Importing nether_scorpion.bbmodel.
[05:00:32] [pool-78-thread-1/INFO]: [ModelEngine] [A] 
[05:00:32] [pool-78-thread-1/INFO]: [ModelEngine] [A] Importing nocsy_corrupted_flames_around.bbmodel.
[05:00:32] [pool-78-thread-2/INFO]: [ModelEngine] [A] 
[05:00:32] [pool-78-thread-2/INFO]: [ModelEngine] [A] Importing nocsy_ganon_darkorb.bbmodel.
[05:00:32] [pool-78-thread-7/INFO]: [ModelEngine] [A] 
[05:00:32] [pool-78-thread-7/INFO]: [ModelEngine] [A] Importing nocsy_corrupted_flames_transformation.bbmodel.
[05:00:32] [pool-78-thread-9/INFO]: [ModelEngine] [A] 
[05:00:32] [pool-78-thread-9/INFO]: [ModelEngine] [A] Importing nocsy_fantasy_fairy.bbmodel.
[05:00:32] [pool-78-thread-10/INFO]: [ModelEngine] [A] 
[05:00:32] [pool-78-thread-10/INFO]: [ModelEngine] [A] Importing nether_zombie.bbmodel.
[05:00:32] [pool-78-thread-6/INFO]: [ModelEngine] [A] 
[05:00:32] [pool-78-thread-6/INFO]: [ModelEngine] [A] Importing netherman.bbmodel.
[05:00:33] [pool-78-thread-8/INFO]: [ModelEngine] [A] 
[05:00:33] [pool-78-thread-8/INFO]: [ModelEngine] [A] Importing nocsy_ganon_minion3.bbmodel.
[05:00:33] [pool-78-thread-4/INFO]: [ModelEngine] [A] 
[05:00:33] [pool-78-thread-4/INFO]: [ModelEngine] [A] Importing nocsy_ganon_minion2.bbmodel.
[05:00:33] [pool-78-thread-9/INFO]: [ModelEngine] [A] 
[05:00:33] [pool-78-thread-9/INFO]: [ModelEngine] [A] Importing oni_curse_chest.bbmodel.
[05:00:33] [pool-78-thread-9/WARN]: [ModelEngine] [A] --Warning: Missing hitbox.
[05:00:33] [pool-78-thread-5/INFO]: [ModelEngine] [A] 
[05:00:33] [pool-78-thread-5/INFO]: [ModelEngine] [A] Importing nocsy_ganon.bbmodel.
[05:00:33] [pool-78-thread-10/INFO]: [ModelEngine] [A] 
[05:00:33] [pool-78-thread-10/INFO]: [ModelEngine] [A] Importing orc_archer.bbmodel.
[05:00:33] [pool-78-thread-7/INFO]: [ModelEngine] [A] 
[05:00:33] [pool-78-thread-7/INFO]: [ModelEngine] [A] Importing nocsy_moblin2.bbmodel.
[05:00:33] [pool-78-thread-5/INFO]: [ModelEngine] [A] 
[05:00:33] [pool-78-thread-5/INFO]: [ModelEngine] [A] Importing orc_shield.bbmodel.
[05:00:33] [pool-78-thread-3/INFO]: [ModelEngine] [A] 
[05:00:33] [pool-78-thread-3/INFO]: [ModelEngine] [A] Importing nocsy_ganon_minion.bbmodel.
[05:00:33] [pool-78-thread-6/INFO]: [ModelEngine] [A] 
[05:00:33] [pool-78-thread-6/INFO]: [ModelEngine] [A] Importing orc_boar.bbmodel.
[05:00:33] [pool-78-thread-3/INFO]: [ModelEngine] [A] 
[05:00:33] [pool-78-thread-3/INFO]: [ModelEngine] [A] Importing qmob_distortedball.bbmodel.
[05:00:33] [pool-78-thread-7/INFO]: [ModelEngine] [A] 
[05:00:33] [pool-78-thread-7/INFO]: [ModelEngine] [A] Importing polnareff.bbmodel.
[05:00:33] [pool-78-thread-7/WARN]: [ModelEngine] [A] --Warning: Missing hitbox.
[05:00:33] [pool-78-thread-3/INFO]: [ModelEngine] [A] 
[05:00:33] [pool-78-thread-3/INFO]: [ModelEngine] [A] Importing qmob_endermite.bbmodel.
[05:00:33] [pool-78-thread-3/INFO]: [ModelEngine] [A] 
[05:00:33] [pool-78-thread-3/INFO]: [ModelEngine] [A] Importing qmob_ghostfish.bbmodel.
[05:00:33] [pool-78-thread-7/INFO]: [ModelEngine] [A] 
[05:00:33] [pool-78-thread-7/INFO]: [ModelEngine] [A] Importing qmob_endsnail.bbmodel.
[05:00:33] [pool-78-thread-5/INFO]: [ModelEngine] [A] 
[05:00:33] [pool-78-thread-5/INFO]: [ModelEngine] [A] Importing qmob_defiledwatcher.bbmodel.
[05:00:33] [pool-78-thread-6/INFO]: [ModelEngine] [A] 
[05:00:33] [pool-78-thread-6/INFO]: [ModelEngine] [A] Importing qmob_distortedwatcher.bbmodel.
[05:00:33] [pool-78-thread-2/INFO]: [ModelEngine] [A] 
[05:00:33] [pool-78-thread-2/INFO]: [ModelEngine] [A] Importing nocsy_moblin.bbmodel.
[05:00:33] [pool-78-thread-2/INFO]: [ModelEngine] [A] 
[05:00:33] [pool-78-thread-2/INFO]: [ModelEngine] [A] Importing qmob_voidooze.bbmodel.
[05:00:33] [pool-78-thread-7/INFO]: [ModelEngine] [A] 
[05:00:33] [pool-78-thread-7/INFO]: [ModelEngine] [A] Importing qmob_purpursentry.bbmodel.
[05:00:33] [pool-78-thread-3/INFO]: [ModelEngine] [A] 
[05:00:33] [pool-78-thread-3/INFO]: [ModelEngine] [A] Importing qmob_mobulus.bbmodel.
[05:00:33] [pool-78-thread-9/INFO]: [ModelEngine] [A] 
[05:00:33] [pool-78-thread-9/INFO]: [ModelEngine] [A] Importing orc_minion.bbmodel.
[05:00:33] [pool-78-thread-8/INFO]: [ModelEngine] [A] 
[05:00:33] [pool-78-thread-8/INFO]: [ModelEngine] [A] Importing orc_giant.bbmodel.
[05:00:33] [pool-78-thread-2/INFO]: [ModelEngine] [A] 
[05:00:33] [pool-78-thread-2/INFO]: [ModelEngine] [A] Importing queen_bee_egg.bbmodel.
[05:00:33] [pool-78-thread-7/INFO]: [ModelEngine] [A] 
[05:00:33] [pool-78-thread-7/INFO]: [ModelEngine] [A] Importing radio.bbmodel.
[05:00:33] [pool-78-thread-7/WARN]: [ModelEngine] [A] --Warning: Missing hitbox.
[05:00:33] [pool-78-thread-4/INFO]: [ModelEngine] [A] 
[05:00:33] [pool-78-thread-4/INFO]: [ModelEngine] [A] Importing orc_king.bbmodel.
[05:00:33] [pool-78-thread-8/INFO]: [ModelEngine] [A] 
[05:00:33] [pool-78-thread-8/INFO]: [ModelEngine] [A] Importing rockingchair.bbmodel.
[05:00:33] [pool-78-thread-8/WARN]: [ModelEngine] [A] --Warning: Missing hitbox.
[05:00:33] [pool-78-thread-7/INFO]: [ModelEngine] [A] 
[05:00:33] [pool-78-thread-7/INFO]: [ModelEngine] [A] Importing rogue_cutthroat_combo_dust.bbmodel.
[05:00:33] [pool-78-thread-7/WARN]: [ModelEngine] [A] --Warning: Missing hitbox.
[05:00:33] [pool-78-thread-5/INFO]: [ModelEngine] [A] 
[05:00:33] [pool-78-thread-5/INFO]: [ModelEngine] [A] Importing qmob_shulkrab.bbmodel.
[05:00:33] [pool-78-thread-10/INFO]: [ModelEngine] [A] 
[05:00:33] [pool-78-thread-10/INFO]: [ModelEngine] [A] Importing orc_warrior.bbmodel.
[05:00:33] [pool-78-thread-6/INFO]: [ModelEngine] [A] 
[05:00:33] [pool-78-thread-6/INFO]: [ModelEngine] [A] Importing qmob_swapper.bbmodel.
[05:00:33] [pool-78-thread-7/INFO]: [ModelEngine] [A] 
[05:00:33] [pool-78-thread-7/INFO]: [ModelEngine] [A] Importing rogue_cutthroat_combo_part3.bbmodel.
[05:00:33] [pool-78-thread-7/WARN]: [ModelEngine] [A] --Warning: Missing hitbox.
[05:00:33] [pool-78-thread-4/INFO]: [ModelEngine] [A] 
[05:00:33] [pool-78-thread-4/INFO]: [ModelEngine] [A] Importing rogue_cutthroat_combo_part1.bbmodel.
[05:00:33] [pool-78-thread-4/WARN]: [ModelEngine] [A] --Warning: Missing hitbox.
[05:00:33] [pool-78-thread-9/INFO]: [ModelEngine] [A] 
[05:00:33] [pool-78-thread-9/INFO]: [ModelEngine] [A] Importing risotto_nero.bbmodel.
[05:00:33] [pool-78-thread-9/WARN]: [ModelEngine] [A] --Warning: Missing hitbox.
[05:00:33] [pool-78-thread-10/INFO]: [ModelEngine] [A] 
[05:00:33] [pool-78-thread-10/INFO]: [ModelEngine] [A] Importing rogue_grappling_hook_smoke.bbmodel.
[05:00:33] [pool-78-thread-10/WARN]: [ModelEngine] [A] --Warning: Missing hitbox.
[05:00:33] [pool-78-thread-10/WARN]: [ModelEngine] [A] --Warn: Texture name modelengine:entity/ rogue_grappling_hook_smoke contains non [a-z0-9/._-] characters. Using alternative texture name modelengine:entity/3f8cf492-59f0-369e-a308-f5329242a621.
[05:00:33] [pool-78-thread-10/WARN]: [ModelEngine] [A] --Warn: Texture name modelengine:entity/ rogue_grappling_hook_smoke_e contains non [a-z0-9/._-] characters. Using alternative texture name modelengine:entity/0a959462-2cd5-38ee-bf4f-e18e9c332f7c.
[05:00:33] [pool-78-thread-2/INFO]: [ModelEngine] [A] 
[05:00:33] [pool-78-thread-2/INFO]: [ModelEngine] [A] Importing rogue_cutthroat_combo_dash.bbmodel.
[05:00:33] [pool-78-thread-2/WARN]: [ModelEngine] [A] --Warning: Missing hitbox.
[05:00:33] [pool-78-thread-3/INFO]: [ModelEngine] [A] 
[05:00:33] [pool-78-thread-3/INFO]: [ModelEngine] [A] Importing rhino.bbmodel.
[05:00:33] [pool-78-thread-1/INFO]: [ModelEngine] [A] 
[05:00:33] [pool-78-thread-1/INFO]: [ModelEngine] [A] Importing nocsy_ganondorf.bbmodel.
[05:00:33] [pool-78-thread-5/INFO]: [ModelEngine] [A] 
[05:00:33] [pool-78-thread-5/INFO]: [ModelEngine] [A] Importing rogue_grappling_hook.bbmodel.
[05:00:33] [pool-78-thread-5/WARN]: [ModelEngine] [A] --Warning: Missing hitbox.
[05:00:33] [pool-78-thread-10/INFO]: [ModelEngine] [A] 
[05:00:33] [pool-78-thread-10/INFO]: [ModelEngine] [A] Importing rogue_slash_effect.bbmodel.
[05:00:33] [pool-78-thread-10/WARN]: [ModelEngine] [A] --Warning: Missing hitbox.
[05:00:33] [pool-78-thread-9/INFO]: [ModelEngine] [A] 
[05:00:33] [pool-78-thread-9/INFO]: [ModelEngine] [A] Importing rogue_mark_of_death_mark.bbmodel.
[05:00:33] [pool-78-thread-9/WARN]: [ModelEngine] [A] --Warning: Missing hitbox.
[05:00:33] [pool-78-thread-8/INFO]: [ModelEngine] [A] 
[05:00:33] [pool-78-thread-8/INFO]: [ModelEngine] [A] Importing rogue_cutthroat_combo_part2.bbmodel.
[05:00:33] [pool-78-thread-8/WARN]: [ModelEngine] [A] --Warning: Missing hitbox.
[05:00:33] [pool-78-thread-6/INFO]: [ModelEngine] [A] 
[05:00:33] [pool-78-thread-6/INFO]: [ModelEngine] [A] Importing rogue_mark_of_death.bbmodel.
[05:00:33] [pool-78-thread-6/WARN]: [ModelEngine] [A] --Warning: Missing hitbox.
[05:00:33] [pool-78-thread-4/INFO]: [ModelEngine] [A] 
[05:00:33] [pool-78-thread-4/INFO]: [ModelEngine] [A] Importing rogue_mark_of_death_indicator.bbmodel.
[05:00:33] [pool-78-thread-4/WARN]: [ModelEngine] [A] --Warning: Missing hitbox.
[05:00:33] [pool-78-thread-2/INFO]: [ModelEngine] [A] 
[05:00:33] [pool-78-thread-2/INFO]: [ModelEngine] [A] Importing rogue_slice_and_dice.bbmodel.
[05:00:33] [pool-78-thread-2/WARN]: [ModelEngine] [A] --Warning: Missing hitbox.
[05:00:33] [pool-78-thread-7/INFO]: [ModelEngine] [A] 
[05:00:33] [pool-78-thread-7/INFO]: [ModelEngine] [A] Importing rogue_mark_of_death_disappear.bbmodel.
[05:00:33] [pool-78-thread-7/WARN]: [ModelEngine] [A] --Warning: Missing hitbox.
[05:00:33] [pool-78-thread-5/INFO]: [ModelEngine] [A] 
[05:00:33] [pool-78-thread-5/INFO]: [ModelEngine] [A] Importing rogue_vicious_cuts.bbmodel.
[05:00:33] [pool-78-thread-5/WARN]: [ModelEngine] [A] --Warning: Missing hitbox.
[05:00:33] [pool-78-thread-6/INFO]: [ModelEngine] [A] 
[05:00:33] [pool-78-thread-6/INFO]: [ModelEngine] [A] Importing smallcarpet.bbmodel.
[05:00:33] [pool-78-thread-6/WARN]: [ModelEngine] [A] --Warning: Missing hitbox.
[05:00:33] [pool-78-thread-2/INFO]: [ModelEngine] [A] 
[05:00:33] [pool-78-thread-2/INFO]: [ModelEngine] [A] Importing smalltable.bbmodel.
[05:00:33] [pool-78-thread-2/WARN]: [ModelEngine] [A] --Warning: Missing hitbox.
[05:00:33] [pool-78-thread-5/INFO]: [ModelEngine] [A] 
[05:00:33] [pool-78-thread-5/INFO]: [ModelEngine] [A] Importing tv.bbmodel.
[05:00:33] [pool-78-thread-5/WARN]: [ModelEngine] [A] --Warning: Missing hitbox.
[05:00:33] [pool-78-thread-9/INFO]: [ModelEngine] [A] 
[05:00:33] [pool-78-thread-9/INFO]: [ModelEngine] [A] Importing singlecouch.bbmodel.
[05:00:33] [pool-78-thread-9/WARN]: [ModelEngine] [A] --Warning: Missing hitbox.
[05:00:33] [pool-78-thread-8/INFO]: [ModelEngine] [A] 
[05:00:33] [pool-78-thread-8/INFO]: [ModelEngine] [A] Importing shark.bbmodel.
[05:00:33] [pool-78-thread-3/INFO]: [ModelEngine] [A] 
[05:00:33] [pool-78-thread-3/INFO]: [ModelEngine] [A] Importing rogue_slice_and_dice_stab.bbmodel.
[05:00:33] [pool-78-thread-3/WARN]: [ModelEngine] [A] --Warning: Missing hitbox.
[05:00:33] [pool-78-thread-6/INFO]: [ModelEngine] [A] 
[05:00:33] [pool-78-thread-6/INFO]: [ModelEngine] [A] Importing tvspeaker.bbmodel.
[05:00:33] [pool-78-thread-6/WARN]: [ModelEngine] [A] --Warning: Missing hitbox.
[05:00:33] [pool-78-thread-10/INFO]: [ModelEngine] [A] 
[05:00:33] [pool-78-thread-10/INFO]: [ModelEngine] [A] Importing scorpid.bbmodel.
[05:00:33] [pool-78-thread-4/INFO]: [ModelEngine] [A] 
[05:00:33] [pool-78-thread-4/INFO]: [ModelEngine] [A] Importing smallchair.bbmodel.
[05:00:33] [pool-78-thread-4/WARN]: [ModelEngine] [A] --Warning: Missing hitbox.
[05:00:33] [pool-78-thread-1/INFO]: [ModelEngine] [A] 
[05:00:33] [pool-78-thread-1/INFO]: [ModelEngine] [A] Importing rogue_smokebomb.bbmodel.
[05:00:33] [pool-78-thread-1/WARN]: [ModelEngine] [A] --Warning: Missing hitbox.
[05:00:33] [pool-78-thread-2/INFO]: [ModelEngine] [A] 
[05:00:33] [pool-78-thread-2/INFO]: [ModelEngine] [A] Importing tvstand.bbmodel.
[05:00:33] [pool-78-thread-2/WARN]: [ModelEngine] [A] --Warning: Missing hitbox.
[05:00:33] [pool-78-thread-7/INFO]: [ModelEngine] [A] 
[05:00:33] [pool-78-thread-7/INFO]: [ModelEngine] [A] Importing soldier_bee.bbmodel.
[05:00:33] [pool-78-thread-7/WARN]: [ModelEngine] [A] --Warn: Texture name modelengine:entity/soldier_bee already exists. Using alternative texture name modelengine:entity/30a4c9eb-38d4-302d-a165-4b2bc4ae3a53.
[05:00:33] [pool-78-thread-5/INFO]: [ModelEngine] [A] 
[05:00:33] [pool-78-thread-5/INFO]: [ModelEngine] [A] Importing vd_historical_infantry1_vfx_healing.bbmodel.
[05:00:33] [pool-78-thread-5/WARN]: [ModelEngine] [A] --Warning: Missing hitbox.
[05:00:33] [pool-78-thread-6/INFO]: [ModelEngine] [A] 
[05:00:33] [pool-78-thread-6/INFO]: [ModelEngine] [A] Importing vd_historical_infantry1blue_mob_knight_warhammer.bbmodel.
[05:00:33] [pool-78-thread-8/INFO]: [ModelEngine] [A] 
[05:00:33] [pool-78-thread-8/INFO]: [ModelEngine] [A] Importing vd_historical_infantry1blue_mob_knight_halberd.bbmodel.
[05:00:33] [pool-78-thread-4/INFO]: [ModelEngine] [A] 
[05:00:33] [pool-78-thread-4/INFO]: [ModelEngine] [A] Importing vd_historical_infantry1crimson_mob_knight_halberd.bbmodel.
[05:00:33] [pool-78-thread-3/INFO]: [ModelEngine] [A] 
[05:00:33] [pool-78-thread-3/INFO]: [ModelEngine] [A] Importing vd_historical_infantry1blue_mob_knight_pike.bbmodel.
[05:00:33] [pool-78-thread-10/INFO]: [ModelEngine] [A] 
[05:00:33] [pool-78-thread-10/INFO]: [ModelEngine] [A] Importing vd_historical_infantry1crimson_mob_knight_flail.bbmodel.
[05:00:33] [pool-78-thread-1/INFO]: [ModelEngine] [A] 
[05:00:33] [pool-78-thread-1/INFO]: [ModelEngine] [A] Importing vd_historical_infantry1crimson_mob_knight_pike.bbmodel.
[05:00:33] [pool-78-thread-7/INFO]: [ModelEngine] [A] 
[05:00:33] [pool-78-thread-7/INFO]: [ModelEngine] [A] Importing vd_historical_infantry1red_mob_knight_flail.bbmodel.
[05:00:33] [pool-78-thread-9/INFO]: [ModelEngine] [A] 
[05:00:33] [pool-78-thread-9/INFO]: [ModelEngine] [A] Importing vd_historical_infantry1blue_mob_knight_flail.bbmodel.
[05:00:33] [pool-78-thread-2/INFO]: [ModelEngine] [A] 
[05:00:33] [pool-78-thread-2/INFO]: [ModelEngine] [A] Importing vd_historical_infantry1crimson_mob_knight_warhammer.bbmodel.
[05:00:33] [pool-78-thread-5/INFO]: [ModelEngine] [A] 
[05:00:33] [pool-78-thread-5/INFO]: [ModelEngine] [A] Importing vd_historical_infantry1red_mob_knight_halberd.bbmodel.
[05:00:34] [pool-78-thread-7/INFO]: [ModelEngine] [A] 
[05:00:34] [pool-78-thread-7/INFO]: [ModelEngine] [A] Importing wallclock.bbmodel.
[05:00:34] [pool-78-thread-7/WARN]: [ModelEngine] [A] --Warning: Missing hitbox.
[05:00:34] [pool-78-thread-9/INFO]: [ModelEngine] [A] 
[05:00:34] [pool-78-thread-9/INFO]: [ModelEngine] [A] Importing warrior_furious_strike_knockup.bbmodel.
[05:00:34] [pool-78-thread-9/WARN]: [ModelEngine] [A] --Warning: Missing hitbox.
[05:00:34] [pool-78-thread-2/INFO]: [ModelEngine] [A] 
[05:00:34] [pool-78-thread-2/INFO]: [ModelEngine] [A] Importing warrior_furious_strike_whirl.bbmodel.
[05:00:34] [pool-78-thread-2/WARN]: [ModelEngine] [A] --Warning: Eye height is below 0. Entity might suffocate.
[05:00:34] [pool-78-thread-5/INFO]: [ModelEngine] [A] 
[05:00:34] [pool-78-thread-5/INFO]: [ModelEngine] [A] Importing warrior_furiousslash1.bbmodel.
[05:00:34] [pool-78-thread-5/WARN]: [ModelEngine] [A] --Warning: Missing hitbox.
[05:00:34] [pool-78-thread-6/INFO]: [ModelEngine] [A] 
[05:00:34] [pool-78-thread-6/INFO]: [ModelEngine] [A] Importing vd_historical_infantry1red_mob_knight_pike.bbmodel.
[05:00:34] [pool-78-thread-7/INFO]: [ModelEngine] [A] 
[05:00:34] [pool-78-thread-7/INFO]: [ModelEngine] [A] Importing warrior_furiousslash2.bbmodel.
[05:00:34] [pool-78-thread-7/WARN]: [ModelEngine] [A] --Warning: Missing hitbox.
[05:00:34] [pool-78-thread-10/INFO]: [ModelEngine] [A] 
[05:00:34] [pool-78-thread-10/INFO]: [ModelEngine] [A] Importing vd_historical_infantry1stripes_mob_knight_pike.bbmodel.
[05:00:34] [pool-78-thread-8/INFO]: [ModelEngine] [A] 
[05:00:34] [pool-78-thread-8/INFO]: [ModelEngine] [A] Importing vd_historical_infantry1red_mob_knight_warhammer.bbmodel.
[05:00:34] [pool-78-thread-4/INFO]: [ModelEngine] [A] 
[05:00:34] [pool-78-thread-4/INFO]: [ModelEngine] [A] Importing vd_historical_infantry1stripes_mob_knight_flail.bbmodel.
[05:00:34] [pool-78-thread-1/INFO]: [ModelEngine] [A] 
[05:00:34] [pool-78-thread-1/INFO]: [ModelEngine] [A] Importing vd_historical_infantry1stripes_mob_knight_warhammer.bbmodel.
[05:00:34] [pool-78-thread-3/INFO]: [ModelEngine] [A] 
[05:00:34] [pool-78-thread-3/INFO]: [ModelEngine] [A] Importing vd_historical_infantry1stripes_mob_knight_halberd.bbmodel.
[05:00:34] [pool-78-thread-3/INFO]: [ModelEngine] [A] 
[05:00:34] [pool-78-thread-3/INFO]: [ModelEngine] [A] Importing internal_fire.bbmodel.
[05:00:34] [pool-78-thread-9/INFO]: [ModelEngine] [A] 
[05:00:34] [pool-78-thread-9/INFO]: [ModelEngine] [A] Importing warrior_furiousslash3.bbmodel.
[05:00:34] [pool-78-thread-9/WARN]: [ModelEngine] [A] --Warning: Missing hitbox.
[05:00:34] [pool-78-thread-5/INFO]: [ModelEngine] [A] 
[05:00:34] [pool-78-thread-5/INFO]: [ModelEngine] [A] Importing warrior_leaping_slash_downslash.bbmodel.
[05:00:34] [pool-78-thread-5/WARN]: [ModelEngine] [A] --Warning: Missing hitbox.
[05:00:34] [pool-78-thread-1/INFO]: [ModelEngine] [A] 
[05:00:34] [pool-78-thread-1/INFO]: [ModelEngine] [A] Importing woodenchair.bbmodel.
[05:00:34] [pool-78-thread-1/WARN]: [ModelEngine] [A] --Warning: Missing hitbox.
[05:00:34] [pool-78-thread-6/INFO]: [ModelEngine] [A] 
[05:00:34] [pool-78-thread-6/INFO]: [ModelEngine] [A] Importing warrior_leaping_slash_impact.bbmodel.
[05:00:34] [pool-78-thread-7/INFO]: [ModelEngine] [A] 
[05:00:34] [pool-78-thread-7/INFO]: [ModelEngine] [A] Importing warrior_leaping_slash_jump.bbmodel.
[05:00:34] [pool-78-thread-7/WARN]: [ModelEngine] [A] --Warning: Missing hitbox.
[05:00:34] [pool-78-thread-8/INFO]: [ModelEngine] [A] 
[05:00:34] [pool-78-thread-8/INFO]: [ModelEngine] [A] Importing warrior_rage_dust.bbmodel.
[05:00:34] [pool-78-thread-8/WARN]: [ModelEngine] [A] --Warning: Missing hitbox.
[05:00:34] [pool-78-thread-10/INFO]: [ModelEngine] [A] 
[05:00:34] [pool-78-thread-10/INFO]: [ModelEngine] [A] Importing warrior_rage.bbmodel.
[05:00:34] [pool-78-thread-10/WARN]: [ModelEngine] [A] --Warning: Eye height is below 0. Entity might suffocate.
[05:00:34] [pool-78-thread-4/INFO]: [ModelEngine] [A] 
[05:00:34] [pool-78-thread-4/INFO]: [ModelEngine] [A] Importing warrior_whirlwind.bbmodel.
[05:00:34] [pool-78-thread-4/WARN]: [ModelEngine] [A] --Warning: Eye height is below 0. Entity might suffocate.
[05:00:34] [pool-78-thread-9/INFO]: [ModelEngine] [A] 
[05:00:34] [pool-78-thread-9/INFO]: [ModelEngine] [A] Importing ero_vfx_slash2_ag.bbmodel.
[05:00:34] [pool-78-thread-1/INFO]: [ModelEngine] [A] 
[05:00:34] [pool-78-thread-1/INFO]: [ModelEngine] [A] Importing ero_vfx_fed_b.bbmodel.
[05:00:34] [pool-78-thread-1/WARN]: [ModelEngine] [A] --Warning: Missing hitbox.
[05:00:34] [pool-78-thread-6/INFO]: [ModelEngine] [A] 
[05:00:34] [pool-78-thread-6/INFO]: [ModelEngine] [A] Importing ero_vfx_slash_ag.bbmodel.
[05:00:34] [pool-78-thread-7/INFO]: [ModelEngine] [A] 
[05:00:34] [pool-78-thread-7/INFO]: [ModelEngine] [A] Importing ero_vfx_stone_up.bbmodel.
[05:00:34] [pool-78-thread-7/WARN]: [ModelEngine] [A] --Warning: Missing hitbox.
[05:00:34] [pool-78-thread-8/INFO]: [ModelEngine] [A] 
[05:00:34] [pool-78-thread-8/INFO]: [ModelEngine] [A] Importing ero_vfx_stone_crack.bbmodel.
[05:00:34] [pool-78-thread-8/WARN]: [ModelEngine] [A] --Warning: Missing hitbox.
[05:00:34] [pool-78-thread-10/INFO]: [ModelEngine] [A] 
[05:00:34] [pool-78-thread-10/INFO]: [ModelEngine] [A] Importing ero_vfx_red_zone.bbmodel.
[05:00:34] [pool-78-thread-10/WARN]: [ModelEngine] [A] --Warning: Missing hitbox.
[05:00:34] [pool-78-thread-6/INFO]: [ModelEngine] [A] 
[05:00:34] [pool-78-thread-6/INFO]: [ModelEngine] [A] Importing ero_vindicator_axe.bbmodel.
[05:00:34] [pool-78-thread-6/WARN]: [ModelEngine] [A] --Warning: Missing hitbox.
[05:00:34] [pool-78-thread-4/INFO]: [ModelEngine] [A] 
[05:00:34] [pool-78-thread-4/INFO]: [ModelEngine] [A] Importing ero_vfx_fed_a.bbmodel.
[05:00:34] [pool-78-thread-4/WARN]: [ModelEngine] [A] --Warning: Missing hitbox.
[05:00:34] [pool-78-thread-6/INFO]: [ModelEngine] [A] 
[05:00:34] [pool-78-thread-6/INFO]: [ModelEngine] [A] Importing water_surface_slash_4.bbmodel.
[05:00:34] [pool-78-thread-6/WARN]: [ModelEngine] [A] --Warning: Eye height is below 0. Entity might suffocate.
[05:00:34] [pool-78-thread-4/INFO]: [ModelEngine] [A] 
[05:00:34] [pool-78-thread-4/INFO]: [ModelEngine] [A] Importing striking_tide_2.bbmodel.
[05:00:34] [pool-78-thread-4/WARN]: [ModelEngine] [A] --Warning: Eye height is below 0. Entity might suffocate.
[05:00:34] [pool-78-thread-2/INFO]: [ModelEngine] [A] 
[05:00:34] [pool-78-thread-2/INFO]: [ModelEngine] [A] Importing warrior_hellblade.bbmodel.
[05:00:34] [pool-78-thread-2/WARN]: [ModelEngine] [A] --Warning: Missing hitbox.
[05:00:34] [pool-78-thread-9/INFO]: [ModelEngine] [A] 
[05:00:34] [pool-78-thread-9/INFO]: [ModelEngine] [A] Importing ero_spider.bbmodel.
[05:00:34] [pool-78-thread-9/WARN]: [ModelEngine] [A] --Warn: Texture name modelengine:entity/ero_spider_e already exists. Using alternative texture name modelengine:entity/610c6dab-fe70-3034-9103-6081d2464b81.
[05:00:34] [pool-78-thread-1/INFO]: [ModelEngine] [A] 
[05:00:34] [pool-78-thread-1/INFO]: [ModelEngine] [A] Importing ero_skeleton.bbmodel.
[05:00:34] [pool-78-thread-6/INFO]: [ModelEngine] [A] 
[05:00:34] [pool-78-thread-6/INFO]: [ModelEngine] [A] Importing water_wheel.bbmodel.
[05:00:34] [pool-78-thread-6/WARN]: [ModelEngine] [A] --Warning: Eye height is below 0. Entity might suffocate.
[05:00:34] [pool-78-thread-7/INFO]: [ModelEngine] [A] 
[05:00:34] [pool-78-thread-7/INFO]: [ModelEngine] [A] Importing ero_zombie.bbmodel.
[05:00:34] [pool-78-thread-8/INFO]: [ModelEngine] [A] 
[05:00:34] [pool-78-thread-8/INFO]: [ModelEngine] [A] Importing ero_vindicator.bbmodel.
[05:00:34] [pool-78-thread-8/WARN]: [ModelEngine] [A] --Warning: Missing hitbox.
[05:00:34] [pool-78-thread-4/INFO]: [ModelEngine] [A] 
[05:00:34] [pool-78-thread-4/INFO]: [ModelEngine] [A] Importing splashing_water_flow_6.bbmodel.
[05:00:34] [pool-78-thread-4/WARN]: [ModelEngine] [A] --Warning: Eye height is below 0. Entity might suffocate.
[05:00:34] [pool-78-thread-10/INFO]: [ModelEngine] [A] 
[05:00:34] [pool-78-thread-10/INFO]: [ModelEngine] [A] Importing ero_witch.bbmodel.
[05:00:34] [pool-78-thread-4/INFO]: [ModelEngine] [A] 
[05:00:34] [pool-78-thread-4/INFO]: [ModelEngine] [A] Importing striking_tide_7.bbmodel.
[05:00:34] [pool-78-thread-4/WARN]: [ModelEngine] [A] --Warning: Eye height is below 0. Entity might suffocate.
[05:00:34] [pool-78-thread-1/INFO]: [ModelEngine] [A] 
[05:00:34] [pool-78-thread-1/INFO]: [ModelEngine] [A] Importing water_surface_slash_1.bbmodel.
[05:00:34] [pool-78-thread-1/WARN]: [ModelEngine] [A] --Warning: Eye height is below 0. Entity might suffocate.
[05:00:34] [pool-78-thread-9/INFO]: [ModelEngine] [A] 
[05:00:34] [pool-78-thread-9/INFO]: [ModelEngine] [A] Importing splashing_water_flow_1.bbmodel.
[05:00:34] [pool-78-thread-9/WARN]: [ModelEngine] [A] --Warning: Eye height is below 0. Entity might suffocate.
[05:00:34] [pool-78-thread-7/INFO]: [ModelEngine] [A] 
[05:00:34] [pool-78-thread-7/INFO]: [ModelEngine] [A] Importing flowing_dance_5.bbmodel.
[05:00:34] [pool-78-thread-7/WARN]: [ModelEngine] [A] --Warning: Eye height is below 0. Entity might suffocate.
[05:00:34] [pool-78-thread-6/INFO]: [ModelEngine] [A] 
[05:00:34] [pool-78-thread-6/INFO]: [ModelEngine] [A] Importing water_surface_slash_2.bbmodel.
[05:00:34] [pool-78-thread-6/WARN]: [ModelEngine] [A] --Warning: Eye height is below 0. Entity might suffocate.
[05:00:34] [pool-78-thread-2/INFO]: [ModelEngine] [A] 
[05:00:34] [pool-78-thread-2/INFO]: [ModelEngine] [A] Importing constant_flux_5.bbmodel.
[05:00:34] [pool-78-thread-2/WARN]: [ModelEngine] [A] --Warning: Eye height is below 0. Entity might suffocate.
[05:00:34] [pool-78-thread-8/INFO]: [ModelEngine] [A] 
[05:00:34] [pool-78-thread-8/INFO]: [ModelEngine] [A] Importing flowing_dance_7.bbmodel.
[05:00:34] [pool-78-thread-8/WARN]: [ModelEngine] [A] --Warning: Eye height is below 0. Entity might suffocate.
[05:00:34] [pool-78-thread-1/INFO]: [ModelEngine] [A] 
[05:00:34] [pool-78-thread-1/INFO]: [ModelEngine] [A] Importing striking_tide_5.bbmodel.
[05:00:34] [pool-78-thread-1/WARN]: [ModelEngine] [A] --Warning: Eye height is below 0. Entity might suffocate.
[05:00:34] [pool-78-thread-2/INFO]: [ModelEngine] [A] 
[05:00:34] [pool-78-thread-2/INFO]: [ModelEngine] [A] Importing striking_tide_3.bbmodel.
[05:00:34] [pool-78-thread-2/WARN]: [ModelEngine] [A] --Warning: Eye height is below 0. Entity might suffocate.
[05:00:34] [pool-78-thread-10/INFO]: [ModelEngine] [A] 
[05:00:34] [pool-78-thread-10/INFO]: [ModelEngine] [A] Importing splashing_water_flow_8.bbmodel.
[05:00:34] [pool-78-thread-10/WARN]: [ModelEngine] [A] --Warning: Eye height is below 0. Entity might suffocate.
[05:00:34] [pool-78-thread-9/INFO]: [ModelEngine] [A] 
[05:00:34] [pool-78-thread-9/INFO]: [ModelEngine] [A] Importing flowing_dance_1.bbmodel.
[05:00:34] [pool-78-thread-9/WARN]: [ModelEngine] [A] --Warning: Eye height is below 0. Entity might suffocate.
[05:00:34] [pool-78-thread-2/INFO]: [ModelEngine] [A] 
[05:00:34] [pool-78-thread-2/INFO]: [ModelEngine] [A] Importing water_surface_slash_8.bbmodel.
[05:00:34] [pool-78-thread-2/WARN]: [ModelEngine] [A] --Warning: Eye height is below 0. Entity might suffocate.
[05:00:34] [pool-78-thread-4/INFO]: [ModelEngine] [A] 
[05:00:34] [pool-78-thread-4/INFO]: [ModelEngine] [A] Importing constant_flux_4.bbmodel.
[05:00:34] [pool-78-thread-4/WARN]: [ModelEngine] [A] --Warning: Eye height is below 0. Entity might suffocate.
[05:00:34] [pool-78-thread-3/INFO]: [ModelEngine] [A] 
[05:00:34] [pool-78-thread-3/INFO]: [ModelEngine] [A] Importing ero_argos_two.bbmodel.
[05:00:35] [pool-78-thread-7/INFO]: [ModelEngine] [A] 
[05:00:35] [pool-78-thread-7/INFO]: [ModelEngine] [A] Importing whirlpool_4.bbmodel.
[05:00:35] [pool-78-thread-7/WARN]: [ModelEngine] [A] --Warning: Eye height is below 0. Entity might suffocate.
[05:00:35] [pool-78-thread-8/INFO]: [ModelEngine] [A] 
[05:00:35] [pool-78-thread-8/INFO]: [ModelEngine] [A] Importing whirlpool_3.bbmodel.
[05:00:35] [pool-78-thread-8/WARN]: [ModelEngine] [A] --Warning: Eye height is below 0. Entity might suffocate.
[05:00:35] [pool-78-thread-1/INFO]: [ModelEngine] [A] 
[05:00:35] [pool-78-thread-1/INFO]: [ModelEngine] [A] Importing flowing_dance_2.bbmodel.
[05:00:35] [pool-78-thread-1/WARN]: [ModelEngine] [A] --Warning: Eye height is below 0. Entity might suffocate.
[05:00:35] [pool-78-thread-6/INFO]: [ModelEngine] [A] 
[05:00:35] [pool-78-thread-6/INFO]: [ModelEngine] [A] Importing constant_flux_1.bbmodel.
[05:00:35] [pool-78-thread-6/WARN]: [ModelEngine] [A] --Warning: Eye height is below 0. Entity might suffocate.
[05:00:35] [pool-78-thread-10/INFO]: [ModelEngine] [A] 
[05:00:35] [pool-78-thread-10/INFO]: [ModelEngine] [A] Importing whirlpool_5.bbmodel.
[05:00:35] [pool-78-thread-10/WARN]: [ModelEngine] [A] --Warning: Eye height is below 0. Entity might suffocate.
[05:00:35] [pool-78-thread-6/INFO]: [ModelEngine] [A] 
[05:00:35] [pool-78-thread-6/INFO]: [ModelEngine] [A] Importing striking_tide_4.bbmodel.
[05:00:35] [pool-78-thread-6/WARN]: [ModelEngine] [A] --Warning: Eye height is below 0. Entity might suffocate.
[05:00:35] [pool-78-thread-2/INFO]: [ModelEngine] [A] 
[05:00:35] [pool-78-thread-2/INFO]: [ModelEngine] [A] Importing whirlpool_2.bbmodel.
[05:00:35] [pool-78-thread-2/WARN]: [ModelEngine] [A] --Warning: Eye height is below 0. Entity might suffocate.
[05:00:35] [pool-78-thread-3/INFO]: [ModelEngine] [A] 
[05:00:35] [pool-78-thread-3/INFO]: [ModelEngine] [A] Importing splashing_water_flow_4.bbmodel.
[05:00:35] [pool-78-thread-3/WARN]: [ModelEngine] [A] --Warning: Eye height is below 0. Entity might suffocate.
[05:00:35] [pool-78-thread-9/INFO]: [ModelEngine] [A] 
[05:00:35] [pool-78-thread-9/INFO]: [ModelEngine] [A] Importing splashing_water_flow_5.bbmodel.
[05:00:35] [pool-78-thread-9/WARN]: [ModelEngine] [A] --Warning: Eye height is below 0. Entity might suffocate.
[05:00:35] [pool-78-thread-7/INFO]: [ModelEngine] [A] 
[05:00:35] [pool-78-thread-7/INFO]: [ModelEngine] [A] Importing striking_tide_6.bbmodel.
[05:00:35] [pool-78-thread-7/WARN]: [ModelEngine] [A] --Warning: Eye height is below 0. Entity might suffocate.
[05:00:35] [pool-78-thread-4/INFO]: [ModelEngine] [A] 
[05:00:35] [pool-78-thread-4/INFO]: [ModelEngine] [A] Importing constant_flux_3.bbmodel.
[05:00:35] [pool-78-thread-4/WARN]: [ModelEngine] [A] --Warning: Eye height is below 0. Entity might suffocate.
[05:00:35] [pool-78-thread-1/INFO]: [ModelEngine] [A] 
[05:00:35] [pool-78-thread-1/INFO]: [ModelEngine] [A] Importing splashing_water_flow_2.bbmodel.
[05:00:35] [pool-78-thread-1/WARN]: [ModelEngine] [A] --Warning: Eye height is below 0. Entity might suffocate.
[05:00:35] [pool-78-thread-2/INFO]: [ModelEngine] [A] 
[05:00:35] [pool-78-thread-2/INFO]: [ModelEngine] [A] Importing water_surface_slash_6.bbmodel.
[05:00:35] [pool-78-thread-2/WARN]: [ModelEngine] [A] --Warning: Eye height is below 0. Entity might suffocate.
[05:00:35] [pool-78-thread-4/INFO]: [ModelEngine] [A] 
[05:00:35] [pool-78-thread-4/INFO]: [ModelEngine] [A] Importing striking_tide_1.bbmodel.
[05:00:35] [pool-78-thread-4/WARN]: [ModelEngine] [A] --Warning: Eye height is below 0. Entity might suffocate.
[05:00:35] [pool-78-thread-7/INFO]: [ModelEngine] [A] 
[05:00:35] [pool-78-thread-7/INFO]: [ModelEngine] [A] Importing flowing_dance_3.bbmodel.
[05:00:35] [pool-78-thread-7/WARN]: [ModelEngine] [A] --Warning: Eye height is below 0. Entity might suffocate.
[05:00:35] [pool-78-thread-6/INFO]: [ModelEngine] [A] 
[05:00:35] [pool-78-thread-6/INFO]: [ModelEngine] [A] Importing water_surface_slash_3.bbmodel.
[05:00:35] [pool-78-thread-6/WARN]: [ModelEngine] [A] --Warning: Eye height is below 0. Entity might suffocate.
[05:00:35] [pool-78-thread-8/INFO]: [ModelEngine] [A] 
[05:00:35] [pool-78-thread-8/INFO]: [ModelEngine] [A] Importing constant_flux_8.bbmodel.
[05:00:35] [pool-78-thread-8/WARN]: [ModelEngine] [A] --Warning: Eye height is below 0. Entity might suffocate.
[05:00:35] [pool-78-thread-10/INFO]: [ModelEngine] [A] 
[05:00:35] [pool-78-thread-10/INFO]: [ModelEngine] [A] Importing whirlpool_1.bbmodel.
[05:00:35] [pool-78-thread-10/WARN]: [ModelEngine] [A] --Warning: Eye height is below 0. Entity might suffocate.
[05:00:35] [pool-78-thread-8/INFO]: [ModelEngine] [A] 
[05:00:35] [pool-78-thread-8/INFO]: [ModelEngine] [A] Importing water_surface_slash_7.bbmodel.
[05:00:35] [pool-78-thread-8/WARN]: [ModelEngine] [A] --Warning: Eye height is below 0. Entity might suffocate.
[05:00:35] [pool-78-thread-2/INFO]: [ModelEngine] [A] 
[05:00:35] [pool-78-thread-2/INFO]: [ModelEngine] [A] Importing water_surface_slash_5.bbmodel.
[05:00:35] [pool-78-thread-2/WARN]: [ModelEngine] [A] --Warning: Eye height is below 0. Entity might suffocate.
[05:00:35] [pool-78-thread-4/INFO]: [ModelEngine] [A] 
[05:00:35] [pool-78-thread-4/INFO]: [ModelEngine] [A] Importing flowing_dance_6.bbmodel.
[05:00:35] [pool-78-thread-4/WARN]: [ModelEngine] [A] --Warning: Eye height is below 0. Entity might suffocate.
[05:00:35] [pool-78-thread-3/INFO]: [ModelEngine] [A] 
[05:00:35] [pool-78-thread-3/INFO]: [ModelEngine] [A] Importing splashing_water_flow_3.bbmodel.
[05:00:35] [pool-78-thread-3/WARN]: [ModelEngine] [A] --Warning: Eye height is below 0. Entity might suffocate.
[05:00:35] [pool-78-thread-1/INFO]: [ModelEngine] [A] 
[05:00:35] [pool-78-thread-1/INFO]: [ModelEngine] [A] Importing constant_flux_7.bbmodel.
[05:00:35] [pool-78-thread-1/WARN]: [ModelEngine] [A] --Warning: Eye height is below 0. Entity might suffocate.
[05:00:35] [pool-78-thread-4/INFO]: [ModelEngine] [A] 
[05:00:35] [pool-78-thread-4/INFO]: [ModelEngine] [A] Importing flowing_dance_4.bbmodel.
[05:00:35] [pool-78-thread-4/WARN]: [ModelEngine] [A] --Warning: Eye height is below 0. Entity might suffocate.
[05:00:35] [pool-78-thread-4/INFO]: [ModelEngine] [A] 
[05:00:35] [pool-78-thread-4/INFO]: [ModelEngine] [A] Importing cpblood_dusthit.bbmodel.
[05:00:35] [pool-78-thread-4/INFO]: [ModelEngine] [A] 
[05:00:35] [pool-78-thread-4/INFO]: [ModelEngine] [A] Importing cpblood_dustplosionmarker.bbmodel.
[05:00:35] [pool-78-thread-1/INFO]: [ModelEngine] [A] 
[05:00:35] [pool-78-thread-1/INFO]: [ModelEngine] [A] Importing cpblood_supershockwave.bbmodel.
[05:00:35] [pool-78-thread-6/INFO]: [ModelEngine] [A] 
[05:00:35] [pool-78-thread-6/INFO]: [ModelEngine] [A] Importing whirlpool_7.bbmodel.
[05:00:35] [pool-78-thread-6/WARN]: [ModelEngine] [A] --Warning: Eye height is below 0. Entity might suffocate.
[05:00:35] [pool-78-thread-7/INFO]: [ModelEngine] [A] 
[05:00:35] [pool-78-thread-7/INFO]: [ModelEngine] [A] Importing whirlpool_6.bbmodel.
[05:00:35] [pool-78-thread-7/WARN]: [ModelEngine] [A] --Warning: Eye height is below 0. Entity might suffocate.
[05:00:35] [pool-78-thread-1/INFO]: [ModelEngine] [A] 
[05:00:35] [pool-78-thread-1/INFO]: [ModelEngine] [A] Importing cpblood_ravagemarker.bbmodel.
[05:00:35] [pool-78-thread-8/INFO]: [ModelEngine] [A] 
[05:00:35] [pool-78-thread-8/INFO]: [ModelEngine] [A] Importing splashing_water_flow_7.bbmodel.
[05:00:35] [pool-78-thread-8/WARN]: [ModelEngine] [A] --Warning: Eye height is below 0. Entity might suffocate.
[05:00:35] [pool-78-thread-3/INFO]: [ModelEngine] [A] 
[05:00:35] [pool-78-thread-3/INFO]: [ModelEngine] [A] Importing constant_flux_9.bbmodel.
[05:00:35] [pool-78-thread-3/WARN]: [ModelEngine] [A] --Warning: Eye height is below 0. Entity might suffocate.
[05:00:35] [pool-78-thread-2/INFO]: [ModelEngine] [A] 
[05:00:35] [pool-78-thread-2/INFO]: [ModelEngine] [A] Importing flowing_dance_8.bbmodel.
[05:00:35] [pool-78-thread-2/WARN]: [ModelEngine] [A] --Warning: Eye height is below 0. Entity might suffocate.
[05:00:35] [pool-78-thread-4/INFO]: [ModelEngine] [A] 
[05:00:35] [pool-78-thread-4/INFO]: [ModelEngine] [A] Importing cpblood_shockwaveresources.bbmodel.
[05:00:35] [pool-78-thread-9/INFO]: [ModelEngine] [A] 
[05:00:35] [pool-78-thread-9/INFO]: [ModelEngine] [A] Importing constant_flux_6.bbmodel.
[05:00:35] [pool-78-thread-9/WARN]: [ModelEngine] [A] --Warning: Eye height is below 0. Entity might suffocate.
[05:00:35] [pool-78-thread-7/INFO]: [ModelEngine] [A] 
[05:00:35] [pool-78-thread-7/INFO]: [ModelEngine] [A] Importing soldier_fireblade.bbmodel.
[05:00:35] [pool-78-thread-10/INFO]: [ModelEngine] [A] 
[05:00:35] [pool-78-thread-10/INFO]: [ModelEngine] [A] Importing constant_flux_2.bbmodel.
[05:00:35] [pool-78-thread-10/WARN]: [ModelEngine] [A] --Warning: Eye height is below 0. Entity might suffocate.
[05:00:35] [pool-78-thread-3/INFO]: [ModelEngine] [A] 
[05:00:35] [pool-78-thread-3/INFO]: [ModelEngine] [A] Importing soldier_thrustblade.bbmodel.
[05:00:35] [pool-78-thread-5/INFO]: [ModelEngine] [A] 
[05:00:35] [pool-78-thread-5/INFO]: [ModelEngine] [A] Importing ero_argos.bbmodel.
[05:00:35] [pool-78-thread-1/INFO]: [ModelEngine] [A] 
[05:00:35] [pool-78-thread-1/INFO]: [ModelEngine] [A] Importing fsoldier_fireexplosion.bbmodel.
[05:00:35] [pool-78-thread-4/INFO]: [ModelEngine] [A] 
[05:00:35] [pool-78-thread-4/INFO]: [ModelEngine] [A] Importing v4fallen_slashfx.bbmodel.
[05:00:35] [pool-78-thread-2/INFO]: [ModelEngine] [A] 
[05:00:35] [pool-78-thread-2/INFO]: [ModelEngine] [A] Importing v4fallen_shared_resources.bbmodel.
[05:00:35] [pool-78-thread-8/INFO]: [ModelEngine] [A] 
[05:00:35] [pool-78-thread-8/INFO]: [ModelEngine] [A] Importing soldierplosion_reources.bbmodel.
[05:00:35] [pool-78-thread-3/INFO]: [ModelEngine] [A] 
[05:00:35] [pool-78-thread-3/INFO]: [ModelEngine] [A] Importing fallen_mauler_statue.bbmodel.
[05:00:35] [pool-78-thread-6/INFO]: [ModelEngine] [A] 
[05:00:35] [pool-78-thread-6/INFO]: [ModelEngine] [A] Importing corruptblood_resources.bbmodel.
[05:00:35] [pool-78-thread-6/INFO]: [ModelEngine] [A] 
[05:00:35] [pool-78-thread-6/INFO]: [ModelEngine] [A] Importing lrd_krampus.bbmodel.
[05:00:35] [pool-78-thread-6/WARN]: [ModelEngine] [A] --Error: Cannot invoke "com.ticxo.modelengine.api.generator.parser.blockbench.BlockbenchModel.getGroup(String)" because "model" is null
[05:00:35] [pool-78-thread-6/INFO]: [ModelEngine] [A] 
[05:00:35] [pool-78-thread-6/INFO]: [ModelEngine] [A] Importing lrd_krampus.bbmodel.
[05:00:35] [pool-78-thread-6/WARN]: [ModelEngine] [A] --Error: Cannot invoke "com.ticxo.modelengine.api.generator.parser.blockbench.BlockbenchModel.getGroup(String)" because "model" is null
[05:00:35] [pool-78-thread-6/WARN]: [ModelEngine] [A] --Error: Unknown format.
[05:00:35] [pool-78-thread-6/INFO]: [ModelEngine] [A] 
[05:00:35] [pool-78-thread-6/INFO]: [ModelEngine] [A] Importing lrd_krampus_ember.bbmodel.
[05:00:35] [pool-78-thread-6/WARN]: [ModelEngine] [A] --Error: Cannot invoke "com.ticxo.modelengine.api.generator.parser.blockbench.BlockbenchModel.getGroup(String)" because "model" is null
[05:00:35] [pool-78-thread-6/INFO]: [ModelEngine] [A] 
[05:00:35] [pool-78-thread-6/INFO]: [ModelEngine] [A] Importing lrd_krampus_ember.bbmodel.
[05:00:35] [pool-78-thread-6/WARN]: [ModelEngine] [A] --Error: Cannot invoke "com.ticxo.modelengine.api.generator.parser.blockbench.BlockbenchModel.getGroup(String)" because "model" is null
[05:00:35] [pool-78-thread-6/WARN]: [ModelEngine] [A] --Error: Unknown format.
[05:00:35] [pool-78-thread-6/INFO]: [ModelEngine] [A] 
[05:00:35] [pool-78-thread-6/INFO]: [ModelEngine] [A] Importing lrd_krampus_ground_fx.bbmodel.
[05:00:35] [pool-78-thread-6/WARN]: [ModelEngine] [A] --Error: Cannot invoke "com.ticxo.modelengine.api.generator.parser.blockbench.BlockbenchModel.getGroup(String)" because "model" is null
[05:00:35] [pool-78-thread-6/INFO]: [ModelEngine] [A] 
[05:00:35] [pool-78-thread-6/INFO]: [ModelEngine] [A] Importing lrd_krampus_ground_fx.bbmodel.
[05:00:35] [pool-78-thread-6/WARN]: [ModelEngine] [A] --Error: Cannot invoke "com.ticxo.modelengine.api.generator.parser.blockbench.BlockbenchModel.getGroup(String)" because "model" is null
[05:00:35] [pool-78-thread-6/WARN]: [ModelEngine] [A] --Error: Unknown format.
[05:00:35] [pool-78-thread-6/INFO]: [ModelEngine] [A] 
[05:00:35] [pool-78-thread-6/INFO]: [ModelEngine] [A] Importing lrd_krampus_fire.bbmodel.
[05:00:35] [pool-78-thread-6/WARN]: [ModelEngine] [A] --Error: Cannot invoke "com.ticxo.modelengine.api.generator.parser.blockbench.BlockbenchModel.getGroup(String)" because "model" is null
[05:00:35] [pool-78-thread-6/INFO]: [ModelEngine] [A] 
[05:00:35] [pool-78-thread-6/INFO]: [ModelEngine] [A] Importing lrd_krampus_fire.bbmodel.
[05:00:35] [pool-78-thread-6/WARN]: [ModelEngine] [A] --Error: Cannot invoke "com.ticxo.modelengine.api.generator.parser.blockbench.BlockbenchModel.getGroup(String)" because "model" is null
[05:00:35] [pool-78-thread-6/WARN]: [ModelEngine] [A] --Error: Unknown format.
[05:00:35] [pool-78-thread-2/INFO]: [ModelEngine] [A] 
[05:00:35] [pool-78-thread-2/INFO]: [ModelEngine] [A] Importing training_dummy.bbmodel.
[05:00:35] [pool-78-thread-6/INFO]: [ModelEngine] [A] 
[05:00:35] [pool-78-thread-6/INFO]: [ModelEngine] [A] Importing corruptblood_64c.bbmodel.
[05:00:35] [pool-78-thread-2/INFO]: [ModelEngine] [A] 
[05:00:35] [pool-78-thread-2/INFO]: [ModelEngine] [A] Importing corruptblood_64.bbmodel.
[05:00:35] [pool-78-thread-7/INFO]: [ModelEngine] [A] 
[05:00:35] [pool-78-thread-7/INFO]: [ModelEngine] [A] Importing fallen_mauler2.bbmodel.
[05:00:35] [pool-78-thread-7/INFO]: [ModelEngine] [A] 
[05:00:35] [pool-78-thread-7/INFO]: [ModelEngine] [A] Importing corruptblood_32.bbmodel.
[05:00:35] [pool-78-thread-7/INFO]: [ModelEngine] [A] 
[05:00:35] [pool-78-thread-7/INFO]: [ModelEngine] [A] Importing cpblood_vfx32.bbmodel.
[05:00:35] [pool-78-thread-2/INFO]: [ModelEngine] [A] 
[05:00:35] [pool-78-thread-2/INFO]: [ModelEngine] [A] Importing corruptblood_64_projectile.bbmodel.
[05:00:35] [pool-78-thread-2/INFO]: [ModelEngine] [A] 
[05:00:35] [pool-78-thread-2/INFO]: [ModelEngine] [A] Importing corruptblood_64_splash.bbmodel.
[05:00:35] [pool-78-thread-10/INFO]: [ModelEngine] [A] 
[05:00:35] [pool-78-thread-10/INFO]: [ModelEngine] [A] Importing fallen_mauler3.bbmodel.
[05:00:35] [pool-78-thread-7/INFO]: [ModelEngine] [A] 
[05:00:35] [pool-78-thread-7/INFO]: [ModelEngine] [A] Importing corruptblood_64b.bbmodel.
[05:00:35] [pool-78-thread-8/INFO]: [ModelEngine] [A] 
[05:00:35] [pool-78-thread-8/INFO]: [ModelEngine] [A] Importing skull_boss_minion.bbmodel.
[05:00:35] [pool-78-thread-3/INFO]: [ModelEngine] [A] 
[05:00:35] [pool-78-thread-3/INFO]: [ModelEngine] [A] Importing undead_knight.bbmodel.
[05:00:35] [pool-78-thread-6/INFO]: [ModelEngine] [A] 
[05:00:35] [pool-78-thread-6/INFO]: [ModelEngine] [A] Importing corruptblood_64a.bbmodel.
[05:00:35] [pool-78-thread-2/INFO]: [ModelEngine] [A] 
[05:00:35] [pool-78-thread-2/INFO]: [ModelEngine] [A] Importing corruptblood_64d.bbmodel.
[05:00:35] [pool-78-thread-5/INFO]: [ModelEngine] [A] 
[05:00:35] [pool-78-thread-5/INFO]: [ModelEngine] [A] Importing em_darkpuker.bbmodel.
[05:00:35] [pool-78-thread-4/INFO]: [ModelEngine] [A] 
[05:00:35] [pool-78-thread-4/INFO]: [ModelEngine] [A] Importing em_darklurker.bbmodel.
[05:00:35] [pool-78-thread-9/INFO]: [ModelEngine] [A] 
[05:00:35] [pool-78-thread-9/INFO]: [ModelEngine] [A] Importing fallen_mauler.bbmodel.
[05:00:35] [pool-78-thread-1/INFO]: [ModelEngine] [A] 
[05:00:35] [pool-78-thread-1/INFO]: [ModelEngine] [A] Importing em_corruptedbrute.bbmodel.
[05:00:44] [Server thread/INFO]: No players detected
[05:00:44] [Server thread/INFO]: Optimizing for Pre-Generation
[05:00:44] [Server thread/WARN]: [MythicMobs] ✗ Configuration Error in Mechanic CustomMechanic:NULL
[05:00:44] [Server thread/WARN]: [MythicMobs] --| Skill: EarthDragonSummon | File: /workspaces/urban-happiness/servidor_minecraft/plugins/MythicMobs/skills/EarthDragonPetSkill.yml
[05:00:44] [Server thread/WARN]: [MythicMobs] --| Error Message: Failed to load custom mechanic SETITEMNBT
[05:00:44] [Server thread/WARN]: [MythicMobs] --| Mechanic Line: setItemNBT{slot=MAINHAND;key=DragonCharge;value=Charge}
[05:00:44] [Server thread/WARN]: [MythicMobs] ✗ Configuration Error in Mechanic CustomMechanic:NULL
[05:00:44] [Server thread/WARN]: [MythicMobs] --| Skill: EarthDragonSummon | File: /workspaces/urban-happiness/servidor_minecraft/plugins/MythicMobs/skills/EarthDragonPetSkill.yml
[05:00:44] [Server thread/WARN]: [MythicMobs] --| Error Message: Failed to load custom mechanic SETITEMNBT
[05:00:44] [Server thread/WARN]: [MythicMobs] --| Mechanic Line: setItemNBT{slot=MAINHAND;key=DragonCharge;value=NoCharge}
[05:00:44] [Server thread/WARN]: [MythicMobs] ✗ Configuration Error in Mechanic CustomMechanic:NULL
[05:00:44] [Server thread/WARN]: [MythicMobs] --| Skill: EarthDragonItemRefresh | File: /workspaces/urban-happiness/servidor_minecraft/plugins/MythicMobs/skills/EarthDragonPetSkill.yml
[05:00:44] [Server thread/WARN]: [MythicMobs] --| Error Message: Failed to load custom mechanic SETITEMNBT
[05:00:44] [Server thread/WARN]: [MythicMobs] --| Mechanic Line: setItemNBT{slot=MAINHAND;key=DragonCharge;value=Charge}
[05:00:44] [Server thread/WARN]: [MythicMobs] ✗ Configuration Error in Mechanic CustomMechanic:NULL
[05:00:44] [Server thread/WARN]: [MythicMobs] --| Skill: EarthDragonReturnCharge | File: /workspaces/urban-happiness/servidor_minecraft/plugins/MythicMobs/skills/EarthDragonPetSkill.yml
[05:00:44] [Server thread/WARN]: [MythicMobs] --| Error Message: Failed to load custom mechanic SETITEMNBT
[05:00:44] [Server thread/WARN]: [MythicMobs] --| Mechanic Line: setItemNBT{slot=MAINHAND;key=DragonCharge;value=Charge}
[05:00:44] [Server thread/WARN]: [MythicMobs] ✗ Configuration Error in Mechanic CustomMechanic:NULL
[05:00:44] [Server thread/WARN]: [MythicMobs] --| Skill: herobrine_alexCROSSBOWfireworkHIT | File: /workspaces/urban-happiness/servidor_minecraft/plugins/MythicMobs/skills/littleroom/herobrine/alex.yml
[05:00:44] [Server thread/WARN]: [MythicMobs] --| Error Message: Failed to load custom mechanic EFFECT:FIREWORK
[05:00:44] [Server thread/WARN]: [MythicMobs] --| Mechanic Line: effect:firework{t=3;d=1;f=true;tr=true}
[05:00:44] [Server thread/WARN]: [MythicMobs] ✗ Configuration Error in Mechanic CustomMechanic:NULL
[05:00:44] [Server thread/WARN]: [MythicMobs] --| Skill: herobrineCROSSBOWfireworkHIT | File: /workspaces/urban-happiness/servidor_minecraft/plugins/MythicMobs/skills/littleroom/herobrine/herobrine.yml
[05:00:44] [Server thread/WARN]: [MythicMobs] --| Error Message: Failed to load custom mechanic EFFECT:FIREWORK
[05:00:44] [Server thread/WARN]: [MythicMobs] --| Mechanic Line: effect:firework{t=3;d=1;f=true;tr=true}
[05:00:44] [Server thread/WARN]: [MythicMobs] ✗ Configuration Error in Mechanic CustomMechanic:NULL
[05:00:44] [Server thread/WARN]: [MythicMobs] --| Skill: herobrine_zombieCROSSBOWfireworkHIT | File: /workspaces/urban-happiness/servidor_minecraft/plugins/MythicMobs/skills/littleroom/herobrine/zombie.yml
[05:00:44] [Server thread/WARN]: [MythicMobs] --| Error Message: Failed to load custom mechanic EFFECT:FIREWORK
[05:00:44] [Server thread/WARN]: [MythicMobs] --| Mechanic Line: effect:firework{t=3;d=1;f=true;tr=true}
[05:00:44] [Server thread/WARN]: [MythicMobs] ✗ Config Error for Targeter line 'se': Failed to load custom targeter SE
[05:00:44] [Server thread/WARN]: [MythicMobs] ✗ Config Error for Targeter line 'se': Failed to load custom targeter SE
[05:00:44] [Server thread/WARN]: [MythicMobs] ✗ Config Error for Targeter line 'self}': Failed to load custom targeter SELF}
[05:00:44] [Server thread/WARN]: [MythicMobs] ✗ Configuration Error in Drop oraxen phantasmal_eye_of_ender 1 0.05
[05:00:44] [Server thread/WARN]: [MythicMobs] --| File: /workspaces/urban-happiness/servidor_minecraft/plugins/MythicMobs/mobs/empowered_end_mobs_mob.yml
[05:00:44] [Server thread/WARN]: [MythicMobs] --| Error Message: Drop type not found.
[05:00:44] [Server thread/WARN]: [MythicMobs] ✗ Configuration Error in Drop oraxen void_fabric 1 0.6
[05:00:44] [Server thread/WARN]: [MythicMobs] --| File: /workspaces/urban-happiness/servidor_minecraft/plugins/MythicMobs/mobs/empowered_end_mobs_mob.yml
[05:00:44] [Server thread/WARN]: [MythicMobs] --| Error Message: Drop type not found.
[05:00:44] [Server thread/WARN]: [MythicMobs] ✗ Configuration Error in Drop oraxen heart_of_ender 1 0.4
[05:00:44] [Server thread/WARN]: [MythicMobs] --| File: /workspaces/urban-happiness/servidor_minecraft/plugins/MythicMobs/mobs/empowered_end_mobs_mob.yml
[05:00:44] [Server thread/WARN]: [MythicMobs] --| Error Message: Drop type not found.
[05:00:44] [Server thread/WARN]: [MythicMobs] ✗ Configuration Error in Drop oraxen end_soul 1 0.15
[05:00:44] [Server thread/WARN]: [MythicMobs] --| File: /workspaces/urban-happiness/servidor_minecraft/plugins/MythicMobs/mobs/empowered_end_mobs_mob.yml
[05:00:44] [Server thread/WARN]: [MythicMobs] --| Error Message: Drop type not found.
[05:00:44] [Server thread/WARN]: [MythicMobs] ✗ Configuration Error in Drop oraxen empowered_void_crystal 1 0.05
[05:00:44] [Server thread/WARN]: [MythicMobs] --| File: /workspaces/urban-happiness/servidor_minecraft/plugins/MythicMobs/mobs/empowered_end_mobs_mob.yml
[05:00:44] [Server thread/WARN]: [MythicMobs] --| Error Message: Drop type not found.
[05:00:44] [Server thread/WARN]: [MythicMobs] ✗ Configuration Error in Drop oraxen void_fabric 1 0.8
[05:00:44] [Server thread/WARN]: [MythicMobs] --| File: /workspaces/urban-happiness/servidor_minecraft/plugins/MythicMobs/mobs/empowered_end_mobs_mob.yml
[05:00:44] [Server thread/WARN]: [MythicMobs] --| Error Message: Drop type not found.
[05:00:44] [Server thread/WARN]: [MythicMobs] ✗ Configuration Error in Drop oraxen ender_carapace 1 0.8
[05:00:44] [Server thread/WARN]: [MythicMobs] --| File: /workspaces/urban-happiness/servidor_minecraft/plugins/MythicMobs/mobs/empowered_end_mobs_mob.yml
[05:00:44] [Server thread/WARN]: [MythicMobs] --| Error Message: Drop type not found.
[05:00:44] [Server thread/WARN]: [MythicMobs] ✗ Configuration Error in Drop oraxen end_soul 1 0.15
[05:00:44] [Server thread/WARN]: [MythicMobs] --| File: /workspaces/urban-happiness/servidor_minecraft/plugins/MythicMobs/mobs/empowered_end_mobs_mob.yml
[05:00:44] [Server thread/WARN]: [MythicMobs] --| Error Message: Drop type not found.
[05:00:44] [Server thread/WARN]: [MythicMobs] ✗ Configuration Error in Drop oraxen empowered_heart_of_ender 1 0.05
[05:00:44] [Server thread/WARN]: [MythicMobs] --| File: /workspaces/urban-happiness/servidor_minecraft/plugins/MythicMobs/mobs/empowered_end_mobs_mob.yml
[05:00:44] [Server thread/WARN]: [MythicMobs] --| Error Message: Drop type not found.
[05:00:44] [Server thread/WARN]: [MythicMobs] ✗ Configuration Error in Drop oraxen empowered_void_crystal 1 0.05
[05:00:44] [Server thread/WARN]: [MythicMobs] --| File: /workspaces/urban-happiness/servidor_minecraft/plugins/MythicMobs/mobs/empowered_end_mobs_mob.yml
[05:00:44] [Server thread/WARN]: [MythicMobs] --| Error Message: Drop type not found.
[05:00:44] [Server thread/WARN]: [MythicMobs] ✗ Configuration Error in Drop oraxen ender_carapace 1 0.8
[05:00:44] [Server thread/WARN]: [MythicMobs] --| File: /workspaces/urban-happiness/servidor_minecraft/plugins/MythicMobs/mobs/empowered_end_mobs_mob.yml
[05:00:44] [Server thread/WARN]: [MythicMobs] --| Error Message: Drop type not found.
[05:00:44] [Server thread/WARN]: [MythicMobs] ✗ Configuration Error in Drop oraxen void_fabric 1 0.6
[05:00:44] [Server thread/WARN]: [MythicMobs] --| File: /workspaces/urban-happiness/servidor_minecraft/plugins/MythicMobs/mobs/empowered_end_mobs_mob.yml
[05:00:44] [Server thread/WARN]: [MythicMobs] --| Error Message: Drop type not found.
[05:00:44] [Server thread/WARN]: [MythicMobs] ✗ Configuration Error in Drop oraxen void_growth 1 0.6
[05:00:44] [Server thread/WARN]: [MythicMobs] --| File: /workspaces/urban-happiness/servidor_minecraft/plugins/MythicMobs/mobs/empowered_end_mobs_mob.yml
[05:00:44] [Server thread/WARN]: [MythicMobs] --| Error Message: Drop type not found.
[05:00:44] [Server thread/WARN]: [MythicMobs] ✗ Configuration Error in Drop oraxen end_soul 1 0.15
[05:00:44] [Server thread/WARN]: [MythicMobs] --| File: /workspaces/urban-happiness/servidor_minecraft/plugins/MythicMobs/mobs/empowered_end_mobs_mob.yml
[05:00:44] [Server thread/WARN]: [MythicMobs] --| Error Message: Drop type not found.
[05:00:44] [Server thread/WARN]: [MythicMobs] ✗ Configuration Error in Drop oraxen empowered_heart_of_ender 1 0.05
[05:00:44] [Server thread/WARN]: [MythicMobs] --| File: /workspaces/urban-happiness/servidor_minecraft/plugins/MythicMobs/mobs/empowered_end_mobs_mob.yml
[05:00:44] [Server thread/WARN]: [MythicMobs] --| Error Message: Drop type not found.
[05:00:44] [Server thread/WARN]: [MythicMobs] ✗ Configuration Error in Drop oraxen phantasmal_eye_of_ender 1 0.8
[05:00:44] [Server thread/WARN]: [MythicMobs] --| File: /workspaces/urban-happiness/servidor_minecraft/plugins/MythicMobs/mobs/empowered_end_mobs_mob.yml
[05:00:44] [Server thread/WARN]: [MythicMobs] --| Error Message: Drop type not found.
[05:00:44] [Server thread/WARN]: [MythicMobs] ✗ Configuration Error in Drop oraxen void_fabric 1 0.8
[05:00:44] [Server thread/WARN]: [MythicMobs] --| File: /workspaces/urban-happiness/servidor_minecraft/plugins/MythicMobs/mobs/empowered_end_mobs_mob.yml
[05:00:44] [Server thread/WARN]: [MythicMobs] --| Error Message: Drop type not found.
[05:00:44] [Server thread/WARN]: [MythicMobs] ✗ Configuration Error in Drop oraxen void_growth 1 0.8
[05:00:44] [Server thread/WARN]: [MythicMobs] --| File: /workspaces/urban-happiness/servidor_minecraft/plugins/MythicMobs/mobs/empowered_end_mobs_mob.yml
[05:00:44] [Server thread/WARN]: [MythicMobs] --| Error Message: Drop type not found.
[05:00:44] [Server thread/WARN]: [MythicMobs] ✗ Configuration Error in Drop oraxen empowered_void_crystal 1 0.6
[05:00:44] [Server thread/WARN]: [MythicMobs] --| File: /workspaces/urban-happiness/servidor_minecraft/plugins/MythicMobs/mobs/empowered_end_mobs_mob.yml
[05:00:44] [Server thread/WARN]: [MythicMobs] --| Error Message: Drop type not found.
[05:00:44] [Server thread/WARN]: [MythicMobs] ✗ Configuration Error in Drop oraxen end_soul 1 0.4
[05:00:44] [Server thread/WARN]: [MythicMobs] --| File: /workspaces/urban-happiness/servidor_minecraft/plugins/MythicMobs/mobs/empowered_end_mobs_mob.yml
[05:00:44] [Server thread/WARN]: [MythicMobs] --| Error Message: Drop type not found.
[05:00:44] [Server thread/WARN]: [MythicMobs] ✗ Configuration Error in Drop oraxen empowered_heart_of_ender 1 0.15
[05:00:44] [Server thread/WARN]: [MythicMobs] --| File: /workspaces/urban-happiness/servidor_minecraft/plugins/MythicMobs/mobs/empowered_end_mobs_mob.yml
[05:00:44] [Server thread/WARN]: [MythicMobs] --| Error Message: Drop type not found.
[05:00:44] [Server thread/WARN]: [MythicMobs] ✗ Configuration Error in Drop oraxen void_fabric 1 0.4
[05:00:44] [Server thread/WARN]: [MythicMobs] --| File: /workspaces/urban-happiness/servidor_minecraft/plugins/MythicMobs/mobs/empowered_end_mobs_mob.yml
[05:00:44] [Server thread/WARN]: [MythicMobs] --| Error Message: Drop type not found.
[05:00:44] [Server thread/WARN]: [MythicMobs] ✗ Configuration Error in Drop oraxen empowered_void_claw 1 0.15
[05:00:44] [Server thread/WARN]: [MythicMobs] --| File: /workspaces/urban-happiness/servidor_minecraft/plugins/MythicMobs/mobs/empowered_end_mobs_mob.yml
[05:00:44] [Server thread/WARN]: [MythicMobs] --| Error Message: Drop type not found.
[05:00:44] [Server thread/WARN]: [MythicMobs] ✗ Configuration Error in Drop oraxen end_soul 1 0.05
[05:00:44] [Server thread/WARN]: [MythicMobs] --| File: /workspaces/urban-happiness/servidor_minecraft/plugins/MythicMobs/mobs/empowered_end_mobs_mob.yml
[05:00:44] [Server thread/WARN]: [MythicMobs] --| Error Message: Drop type not found.
[05:00:44] [Server thread/WARN]: [MythicMobs] ✗ Configuration Error in Drop oraxen phantasmal_eye_of_ender 1-2 0.8
[05:00:44] [Server thread/WARN]: [MythicMobs] --| File: /workspaces/urban-happiness/servidor_minecraft/plugins/MythicMobs/mobs/empowered_end_mobs_mob.yml
[05:00:44] [Server thread/WARN]: [MythicMobs] --| Error Message: Drop type not found.
[05:00:44] [Server thread/WARN]: [MythicMobs] ✗ Configuration Error in Drop oraxen third_eye_of_ender 1-2 0.8
[05:00:44] [Server thread/WARN]: [MythicMobs] --| File: /workspaces/urban-happiness/servidor_minecraft/plugins/MythicMobs/mobs/empowered_end_mobs_mob.yml
[05:00:44] [Server thread/WARN]: [MythicMobs] --| Error Message: Drop type not found.
[05:00:44] [Server thread/WARN]: [MythicMobs] ✗ Configuration Error in Drop oraxen void_fabric 1 0.6
[05:00:44] [Server thread/WARN]: [MythicMobs] --| File: /workspaces/urban-happiness/servidor_minecraft/plugins/MythicMobs/mobs/empowered_end_mobs_mob.yml
[05:00:44] [Server thread/WARN]: [MythicMobs] --| Error Message: Drop type not found.
[05:00:44] [Server thread/WARN]: [MythicMobs] ✗ Configuration Error in Drop oraxen ender_carapace 1 0.6
[05:00:44] [Server thread/WARN]: [MythicMobs] --| File: /workspaces/urban-happiness/servidor_minecraft/plugins/MythicMobs/mobs/empowered_end_mobs_mob.yml
[05:00:44] [Server thread/WARN]: [MythicMobs] --| Error Message: Drop type not found.
[05:00:44] [Server thread/WARN]: [MythicMobs] ✗ Configuration Error in Drop oraxen void_growth 1 0.6
[05:00:44] [Server thread/WARN]: [MythicMobs] --| File: /workspaces/urban-happiness/servidor_minecraft/plugins/MythicMobs/mobs/empowered_end_mobs_mob.yml
[05:00:44] [Server thread/WARN]: [MythicMobs] --| Error Message: Drop type not found.
[05:00:44] [Server thread/WARN]: [MythicMobs] ✗ Configuration Error in Drop oraxen empowered_heart_of_ender 1 0.6
[05:00:44] [Server thread/WARN]: [MythicMobs] --| File: /workspaces/urban-happiness/servidor_minecraft/plugins/MythicMobs/mobs/empowered_end_mobs_mob.yml
[05:00:44] [Server thread/WARN]: [MythicMobs] --| Error Message: Drop type not found.
[05:00:44] [Server thread/WARN]: [MythicMobs] ✗ Configuration Error in Drop oraxen empowered_void_claw 1 0.6
[05:00:44] [Server thread/WARN]: [MythicMobs] --| File: /workspaces/urban-happiness/servidor_minecraft/plugins/MythicMobs/mobs/empowered_end_mobs_mob.yml
[05:00:44] [Server thread/WARN]: [MythicMobs] --| Error Message: Drop type not found.
[05:00:44] [Server thread/WARN]: [MythicMobs] ✗ Configuration Error in Drop oraxen empowered_void_tendril 1 0.4
[05:00:44] [Server thread/WARN]: [MythicMobs] --| File: /workspaces/urban-happiness/servidor_minecraft/plugins/MythicMobs/mobs/empowered_end_mobs_mob.yml
[05:00:44] [Server thread/WARN]: [MythicMobs] --| Error Message: Drop type not found.
[05:00:44] [Server thread/WARN]: [MythicMobs] ✗ Configuration Error in Drop oraxen empowered_void_crystal 1 0.15
[05:00:44] [Server thread/WARN]: [MythicMobs] --| File: /workspaces/urban-happiness/servidor_minecraft/plugins/MythicMobs/mobs/empowered_end_mobs_mob.yml
[05:00:44] [Server thread/WARN]: [MythicMobs] --| Error Message: Drop type not found.
[05:00:44] [Server thread/WARN]: [MythicMobs] ✗ Configuration Error in Drop oraxen void_fabric 32-48 1
[05:00:44] [Server thread/WARN]: [MythicMobs] --| File: /workspaces/urban-happiness/servidor_minecraft/plugins/MythicMobs/mobs/empowered_end_mobs_mob.yml
[05:00:44] [Server thread/WARN]: [MythicMobs] --| Error Message: Drop type not found.
[05:00:44] [Server thread/WARN]: [MythicMobs] ✗ Configuration Error in Drop oraxen ender_carapace 16-24 1
[05:00:44] [Server thread/WARN]: [MythicMobs] --| File: /workspaces/urban-happiness/servidor_minecraft/plugins/MythicMobs/mobs/empowered_end_mobs_mob.yml
[05:00:44] [Server thread/WARN]: [MythicMobs] --| Error Message: Drop type not found.
[05:00:44] [Server thread/WARN]: [MythicMobs] ✗ Configuration Error in Drop oraxen void_growth 16-24 1
[05:00:44] [Server thread/WARN]: [MythicMobs] --| File: /workspaces/urban-happiness/servidor_minecraft/plugins/MythicMobs/mobs/empowered_end_mobs_mob.yml
[05:00:44] [Server thread/WARN]: [MythicMobs] --| Error Message: Drop type not found.
[05:00:44] [Server thread/WARN]: [MythicMobs] ✗ Configuration Error in Drop oraxen phantasmal_eye_of_ender 1-2 0.8
[05:00:44] [Server thread/WARN]: [MythicMobs] --| File: /workspaces/urban-happiness/servidor_minecraft/plugins/MythicMobs/mobs/empowered_end_mobs_mob.yml
[05:00:44] [Server thread/WARN]: [MythicMobs] --| Error Message: Drop type not found.
[05:00:44] [Server thread/WARN]: [MythicMobs] ✗ Configuration Error in Drop oraxen empowered_heart_of_ender 1 0.6
[05:00:44] [Server thread/WARN]: [MythicMobs] --| File: /workspaces/urban-happiness/servidor_minecraft/plugins/MythicMobs/mobs/empowered_end_mobs_mob.yml
[05:00:44] [Server thread/WARN]: [MythicMobs] --| Error Message: Drop type not found.
[05:00:44] [Server thread/WARN]: [MythicMobs] ✗ Configuration Error in Drop oraxen void_claw 1 0.6
[05:00:44] [Server thread/WARN]: [MythicMobs] --| File: /workspaces/urban-happiness/servidor_minecraft/plugins/MythicMobs/mobs/empowered_end_mobs_mob.yml
[05:00:44] [Server thread/WARN]: [MythicMobs] --| Error Message: Drop type not found.
[05:00:44] [Server thread/WARN]: [MythicMobs] ✗ Configuration Error in Drop oraxen empowered_void_crystal 1 0.6
[05:00:44] [Server thread/WARN]: [MythicMobs] --| File: /workspaces/urban-happiness/servidor_minecraft/plugins/MythicMobs/mobs/empowered_end_mobs_mob.yml
[05:00:44] [Server thread/WARN]: [MythicMobs] --| Error Message: Drop type not found.
[05:00:44] [Server thread/WARN]: [MythicMobs] ✗ Configuration Error in Drop oraxen third_eye_of_ender 1 0.6
[05:00:44] [Server thread/WARN]: [MythicMobs] --| File: /workspaces/urban-happiness/servidor_minecraft/plugins/MythicMobs/mobs/empowered_end_mobs_mob.yml
[05:00:44] [Server thread/WARN]: [MythicMobs] --| Error Message: Drop type not found.
[05:00:44] [Server thread/WARN]: [MythicMobs] ✗ Configuration Error in Drop oraxen void_fabric 1 0.4
[05:00:44] [Server thread/WARN]: [MythicMobs] --| File: /workspaces/urban-happiness/servidor_minecraft/plugins/MythicMobs/mobs/end_mobs_mob.yml
[05:00:44] [Server thread/WARN]: [MythicMobs] --| Error Message: Drop type not found.
[05:00:44] [Server thread/WARN]: [MythicMobs] ✗ Configuration Error in Drop oraxen ender_carapace 1 0.15
[05:00:44] [Server thread/WARN]: [MythicMobs] --| File: /workspaces/urban-happiness/servidor_minecraft/plugins/MythicMobs/mobs/end_mobs_mob.yml
[05:00:44] [Server thread/WARN]: [MythicMobs] --| Error Message: Drop type not found.
[05:00:44] [Server thread/WARN]: [MythicMobs] ✗ Configuration Error in Drop oraxen heart_of_ender 1 0.05
[05:00:44] [Server thread/WARN]: [MythicMobs] --| File: /workspaces/urban-happiness/servidor_minecraft/plugins/MythicMobs/mobs/end_mobs_mob.yml
[05:00:44] [Server thread/WARN]: [MythicMobs] --| Error Message: Drop type not found.
[05:00:44] [Server thread/WARN]: [MythicMobs] ✗ Configuration Error in Drop oraxen void_fabric 1 0.6
[05:00:44] [Server thread/WARN]: [MythicMobs] --| File: /workspaces/urban-happiness/servidor_minecraft/plugins/MythicMobs/mobs/end_mobs_mob.yml
[05:00:44] [Server thread/WARN]: [MythicMobs] --| Error Message: Drop type not found.
[05:00:44] [Server thread/WARN]: [MythicMobs] ✗ Configuration Error in Drop oraxen heart_of_ender 1 0.6
[05:00:44] [Server thread/WARN]: [MythicMobs] --| File: /workspaces/urban-happiness/servidor_minecraft/plugins/MythicMobs/mobs/end_mobs_mob.yml
[05:00:44] [Server thread/WARN]: [MythicMobs] --| Error Message: Drop type not found.
[05:00:44] [Server thread/WARN]: [MythicMobs] ✗ Configuration Error in Drop oraxen ender_carapace 1 0.4
[05:00:44] [Server thread/WARN]: [MythicMobs] --| File: /workspaces/urban-happiness/servidor_minecraft/plugins/MythicMobs/mobs/end_mobs_mob.yml
[05:00:44] [Server thread/WARN]: [MythicMobs] --| Error Message: Drop type not found.
[05:00:44] [Server thread/WARN]: [MythicMobs] ✗ Configuration Error in Drop oraxen ender_carapace 1 0.8
[05:00:44] [Server thread/WARN]: [MythicMobs] --| File: /workspaces/urban-happiness/servidor_minecraft/plugins/MythicMobs/mobs/end_mobs_mob.yml
[05:00:44] [Server thread/WARN]: [MythicMobs] --| Error Message: Drop type not found.
[05:00:44] [Server thread/WARN]: [MythicMobs] ✗ Configuration Error in Drop oraxen void_fabric 1 0.6
[05:00:44] [Server thread/WARN]: [MythicMobs] --| File: /workspaces/urban-happiness/servidor_minecraft/plugins/MythicMobs/mobs/end_mobs_mob.yml
[05:00:44] [Server thread/WARN]: [MythicMobs] --| Error Message: Drop type not found.
[05:00:44] [Server thread/WARN]: [MythicMobs] ✗ Configuration Error in Drop oraxen void_claw 1 0.4
[05:00:44] [Server thread/WARN]: [MythicMobs] --| File: /workspaces/urban-happiness/servidor_minecraft/plugins/MythicMobs/mobs/end_mobs_mob.yml
[05:00:44] [Server thread/WARN]: [MythicMobs] --| Error Message: Drop type not found.
[05:00:44] [Server thread/WARN]: [MythicMobs] ✗ Configuration Error in Drop oraxen heart_of_ender 1 0.4
[05:00:44] [Server thread/WARN]: [MythicMobs] --| File: /workspaces/urban-happiness/servidor_minecraft/plugins/MythicMobs/mobs/end_mobs_mob.yml
[05:00:44] [Server thread/WARN]: [MythicMobs] --| Error Message: Drop type not found.
[05:00:44] [Server thread/WARN]: [MythicMobs] ✗ Configuration Error in Drop oraxen void_growth 1 0.15
[05:00:44] [Server thread/WARN]: [MythicMobs] --| File: /workspaces/urban-happiness/servidor_minecraft/plugins/MythicMobs/mobs/end_mobs_mob.yml
[05:00:44] [Server thread/WARN]: [MythicMobs] --| Error Message: Drop type not found.
[05:00:44] [Server thread/WARN]: [MythicMobs] ✗ Configuration Error in Drop oraxen void_fabric 1 0.8
[05:00:44] [Server thread/WARN]: [MythicMobs] --| File: /workspaces/urban-happiness/servidor_minecraft/plugins/MythicMobs/mobs/end_mobs_mob.yml
[05:00:44] [Server thread/WARN]: [MythicMobs] --| Error Message: Drop type not found.
[05:00:44] [Server thread/WARN]: [MythicMobs] ✗ Configuration Error in Drop oraxen void_growth 1 0.6
[05:00:44] [Server thread/WARN]: [MythicMobs] --| File: /workspaces/urban-happiness/servidor_minecraft/plugins/MythicMobs/mobs/end_mobs_mob.yml
[05:00:44] [Server thread/WARN]: [MythicMobs] --| Error Message: Drop type not found.
[05:00:44] [Server thread/WARN]: [MythicMobs] ✗ Configuration Error in Drop oraxen phantasmal_eye_of_ender 1 0.15
[05:00:44] [Server thread/WARN]: [MythicMobs] --| File: /workspaces/urban-happiness/servidor_minecraft/plugins/MythicMobs/mobs/end_mobs_mob.yml
[05:00:44] [Server thread/WARN]: [MythicMobs] --| Error Message: Drop type not found.
[05:00:44] [Server thread/WARN]: [MythicMobs] ✗ Configuration Error in Drop oraxen heart_of_ender 1 0.15
[05:00:44] [Server thread/WARN]: [MythicMobs] --| File: /workspaces/urban-happiness/servidor_minecraft/plugins/MythicMobs/mobs/end_mobs_mob.yml
[05:00:44] [Server thread/WARN]: [MythicMobs] --| Error Message: Drop type not found.
[05:00:44] [Server thread/WARN]: [MythicMobs] ✗ Configuration Error in Drop oraxen end_soul 1 0.05
[05:00:44] [Server thread/WARN]: [MythicMobs] --| File: /workspaces/urban-happiness/servidor_minecraft/plugins/MythicMobs/mobs/end_mobs_mob.yml
[05:00:44] [Server thread/WARN]: [MythicMobs] --| Error Message: Drop type not found.
[05:00:44] [Server thread/WARN]: [MythicMobs] ✗ Configuration Error in Drop oraxen void_fabric 1 0.6
[05:00:44] [Server thread/WARN]: [MythicMobs] --| File: /workspaces/urban-happiness/servidor_minecraft/plugins/MythicMobs/mobs/end_mobs_mob.yml
[05:00:44] [Server thread/WARN]: [MythicMobs] --| Error Message: Drop type not found.
[05:00:44] [Server thread/WARN]: [MythicMobs] ✗ Configuration Error in Drop oraxen ender_carapace 1 0.6
[05:00:44] [Server thread/WARN]: [MythicMobs] --| File: /workspaces/urban-happiness/servidor_minecraft/plugins/MythicMobs/mobs/end_mobs_mob.yml
[05:00:44] [Server thread/WARN]: [MythicMobs] --| Error Message: Drop type not found.
[05:00:44] [Server thread/WARN]: [MythicMobs] ✗ Configuration Error in Drop oraxen heart_of_ender 1 0.6
[05:00:44] [Server thread/WARN]: [MythicMobs] --| File: /workspaces/urban-happiness/servidor_minecraft/plugins/MythicMobs/mobs/end_mobs_mob.yml
[05:00:44] [Server thread/WARN]: [MythicMobs] --| Error Message: Drop type not found.
[05:00:44] [Server thread/WARN]: [MythicMobs] ✗ Configuration Error in Drop oraxen phantasmal_eye_of_ender 1 0.6
[05:00:44] [Server thread/WARN]: [MythicMobs] --| File: /workspaces/urban-happiness/servidor_minecraft/plugins/MythicMobs/mobs/end_mobs_mob.yml
[05:00:44] [Server thread/WARN]: [MythicMobs] --| Error Message: Drop type not found.
[05:00:44] [Server thread/WARN]: [MythicMobs] ✗ Configuration Error in Drop oraxen void_claw 1 0.6
[05:00:44] [Server thread/WARN]: [MythicMobs] --| File: /workspaces/urban-happiness/servidor_minecraft/plugins/MythicMobs/mobs/end_mobs_mob.yml
[05:00:44] [Server thread/WARN]: [MythicMobs] --| Error Message: Drop type not found.
[05:00:44] [Server thread/WARN]: [MythicMobs] ✗ Configuration Error in Drop oraxen void_growth 1 0.6
[05:00:44] [Server thread/WARN]: [MythicMobs] --| File: /workspaces/urban-happiness/servidor_minecraft/plugins/MythicMobs/mobs/end_mobs_mob.yml
[05:00:44] [Server thread/WARN]: [MythicMobs] --| Error Message: Drop type not found.
[05:00:44] [Server thread/WARN]: [MythicMobs] ✗ Configuration Error in Drop oraxen third_eye_of_ender 1-2 0.4
[05:00:44] [Server thread/WARN]: [MythicMobs] --| File: /workspaces/urban-happiness/servidor_minecraft/plugins/MythicMobs/mobs/end_mobs_mob.yml
[05:00:44] [Server thread/WARN]: [MythicMobs] --| Error Message: Drop type not found.
[05:00:44] [Server thread/WARN]: [MythicMobs] ✗ Configuration Error in Drop oraxen void_fabric 16-24 1
[05:00:44] [Server thread/WARN]: [MythicMobs] --| File: /workspaces/urban-happiness/servidor_minecraft/plugins/MythicMobs/mobs/end_mobs_mob.yml
[05:00:44] [Server thread/WARN]: [MythicMobs] --| Error Message: Drop type not found.
[05:00:44] [Server thread/WARN]: [MythicMobs] ✗ Configuration Error in Drop oraxen ender_carapace 8-12 1
[05:00:44] [Server thread/WARN]: [MythicMobs] --| File: /workspaces/urban-happiness/servidor_minecraft/plugins/MythicMobs/mobs/end_mobs_mob.yml
[05:00:44] [Server thread/WARN]: [MythicMobs] --| Error Message: Drop type not found.
[05:00:44] [Server thread/WARN]: [MythicMobs] ✗ Configuration Error in Drop oraxen void_growth 8-12 1
[05:00:44] [Server thread/WARN]: [MythicMobs] --| File: /workspaces/urban-happiness/servidor_minecraft/plugins/MythicMobs/mobs/end_mobs_mob.yml
[05:00:44] [Server thread/WARN]: [MythicMobs] --| Error Message: Drop type not found.
[05:00:44] [Server thread/WARN]: [MythicMobs] ✗ Configuration Error in Drop oraxen heart_of_ender 1 0.6
[05:00:44] [Server thread/WARN]: [MythicMobs] --| File: /workspaces/urban-happiness/servidor_minecraft/plugins/MythicMobs/mobs/end_mobs_mob.yml
[05:00:44] [Server thread/WARN]: [MythicMobs] --| Error Message: Drop type not found.
[05:00:44] [Server thread/WARN]: [MythicMobs] ✗ Configuration Error in Drop oraxen phantasmal_eye_of_ender 1 0.4
[05:00:44] [Server thread/WARN]: [MythicMobs] --| File: /workspaces/urban-happiness/servidor_minecraft/plugins/MythicMobs/mobs/end_mobs_mob.yml
[05:00:44] [Server thread/WARN]: [MythicMobs] --| Error Message: Drop type not found.
[05:00:44] [Server thread/WARN]: [MythicMobs] ✗ Configuration Error in Drop oraxen void_claw 1 0.4
[05:00:44] [Server thread/WARN]: [MythicMobs] --| File: /workspaces/urban-happiness/servidor_minecraft/plugins/MythicMobs/mobs/end_mobs_mob.yml
[05:00:44] [Server thread/WARN]: [MythicMobs] --| Error Message: Drop type not found.
[05:00:44] [Server thread/WARN]: [MythicMobs] ✗ Configuration Error in Drop oraxen third_eye_of_ender 1 0.05
[05:00:44] [Server thread/WARN]: [MythicMobs] --| File: /workspaces/urban-happiness/servidor_minecraft/plugins/MythicMobs/mobs/end_mobs_mob.yml
[05:00:44] [Server thread/WARN]: [MythicMobs] --| Error Message: Drop type not found.
[05:00:44] [Server thread/WARN]: [MythicMobs] ✗ Configuration Error in Drop queenbeeitems:stingspear_part 1-3 1
[05:00:44] [Server thread/WARN]: [MythicMobs] --| File: /workspaces/urban-happiness/servidor_minecraft/plugins/MythicMobs/mobs/QueenBee.yml
[05:00:44] [Server thread/WARN]: [MythicMobs] --| Error Message: Drop type not found.
[05:00:44] [Server thread/WARN]: [MythicMobs] ✗ Configuration Error in Drop queenbeeitems:stingblade_part 1-2 1
[05:00:44] [Server thread/WARN]: [MythicMobs] --| File: /workspaces/urban-happiness/servidor_minecraft/plugins/MythicMobs/mobs/QueenBee.yml
[05:00:44] [Server thread/WARN]: [MythicMobs] --| Error Message: Drop type not found.
[05:00:44] [Server thread/WARN]: [MythicMobs] ✗ Configuration Error in Drop queenbeeitems:stingspear_part 1-2 0.3
[05:00:44] [Server thread/WARN]: [MythicMobs] --| File: /workspaces/urban-happiness/servidor_minecraft/plugins/MythicMobs/mobs/QueenBee.yml
[05:00:44] [Server thread/WARN]: [MythicMobs] --| Error Message: Drop type not found.
[05:00:44] [Server thread/WARN]: [MythicMobs] ✗ Configuration Error in Drop queenbeeitems:stingspear 1 0.05
[05:00:44] [Server thread/WARN]: [MythicMobs] --| File: /workspaces/urban-happiness/servidor_minecraft/plugins/MythicMobs/mobs/QueenBee.yml
[05:00:44] [Server thread/WARN]: [MythicMobs] --| Error Message: Drop type not found.
[05:00:44] [Server thread/WARN]: [MythicMobs] ✗ Configuration Error in Drop queenbeeitems:stingspear_part 1-2 0.3
[05:00:44] [Server thread/WARN]: [MythicMobs] --| File: /workspaces/urban-happiness/servidor_minecraft/plugins/MythicMobs/mobs/QueenBee.yml
[05:00:44] [Server thread/WARN]: [MythicMobs] --| Error Message: Drop type not found.
[05:00:44] [Server thread/WARN]: [MythicMobs] ✗ Configuration Error in Drop queenbeeitems:stingspear 1 0.05
[05:00:44] [Server thread/WARN]: [MythicMobs] --| File: /workspaces/urban-happiness/servidor_minecraft/plugins/MythicMobs/mobs/QueenBee.yml
[05:00:44] [Server thread/WARN]: [MythicMobs] --| Error Message: Drop type not found.
[05:00:44] [Server thread/WARN]: [MythicMobs] ✗ Configuration Error in Drop qitem_endjelly 1to2 0.33
[05:00:44] [Server thread/WARN]: [MythicMobs] --| File: /workspaces/urban-happiness/servidor_minecraft/plugins/MythicMobs/packs/qpack_endVol1/Mobs/qmob_endpack.yml
[05:00:44] [Server thread/WARN]: [MythicMobs] --| Error Message: Drop type not found.
[05:00:44] [Server thread/INFO]: [ShopGUIPlus] Registered item provider 'CustomFishing'.
[05:00:44] [Server thread/INFO]: [ShopGUIPlus] ================================[ ShopGUI+ 1.112.0 ]================================
[05:00:44] [Server thread/INFO]: [ShopGUIPlus]  
[05:00:44] [Server thread/INFO]: [ShopGUIPlus] Need help using ShopGUI+? Check out our Wiki or Join our Discord Support server!
[05:00:44] [Server thread/INFO]: [ShopGUIPlus] https://docs.brcdev.net/ & https://discord.brcdev.net/
[05:00:44] [Server thread/INFO]: [ShopGUIPlus]  
[05:00:44] [Server thread/WARN]: [ShopGUIPlus] Failed to register VAULT economy.
[05:00:44] [Server thread/WARN]: [ShopGUIPlus] No supported economy plugins found, disabling the plugin.
[05:00:44] [Server thread/INFO]: [ShopGUIPlus] Disabling ShopGUIPlus v1.112.0
[05:00:44] [Server thread/INFO]: Done (219.337s)! For help, type "help"
[05:00:44] [Server thread/WARN]: Can't keep up! Is the server overloaded? Running 14253ms or 285 ticks behind
[05:00:44] [Server thread/INFO]: [voicechat] Loading plugins
[05:00:44] [Server thread/INFO]: [voicechat] Loaded 0 plugin(s)
[05:00:44] [Server thread/INFO]: [voicechat] Initializing plugins
[05:00:44] [Server thread/INFO]: [voicechat] Initialized 0 plugin(s)
[05:00:44] [Server thread/WARN]: [voicechat] Running in offline mode - Voice chat encryption is not secure!
[05:00:44] [Server thread/INFO]: [PlaceholderAPI] Successfully registered external expansion: tinify [2]
[05:00:44] [Server thread/INFO]: 1 placeholder hook(s) registered!
[05:00:44] [VoiceChatServerThread/INFO]: [voicechat] Voice chat server started at port 24454
[05:00:45] [Server thread/INFO]: [MythicMobs] Loaded 0 skill commands
[05:00:46] [Server thread/WARN]: [MythicMobs] ✗ Configuration Error
[05:00:46] [Server thread/WARN]: [MythicMobs] --| File: vd_historical_infantry1crimson_mobs.yml
[05:00:46] [Server thread/WARN]: [MythicMobs] --| Error Message: The 'type' attribute must be a valid MythicMob or MythicEntity type.
[05:00:46] [Server thread/WARN]: [MythicMobs] --| Line: bindHitbox{mid=vd_historical_infantry1crimson_mob_knight_pike;p=b_shield;t=vd_historical_infantry1crimson_mob_knightpike_shieldhitbox}
[05:00:46] [Server thread/WARN]: [MythicMobs] ✗ Configuration Error
[05:00:46] [Server thread/WARN]: [MythicMobs] --| File: vd_historical_infantry1crimson_mobs.yml
[05:00:46] [Server thread/WARN]: [MythicMobs] --| Error Message: The 'type' attribute must be a valid MythicMob or MythicEntity type.
[05:00:46] [Server thread/WARN]: [MythicMobs] --| Line: bindHitbox{mid=vd_historical_infantry1crimson_mob_knight_pike;p=b_pike_hitbox3;t=vd_historical_infantry1crimson_mob_knightpike_spearhitbox}
[05:00:46] [Server thread/WARN]: [MythicMobs] ✗ Configuration Error
[05:00:46] [Server thread/WARN]: [MythicMobs] --| File: vd_historical_infantry1crimson_mobs.yml
[05:00:46] [Server thread/WARN]: [MythicMobs] --| Error Message: The 'type' attribute must be a valid MythicMob or MythicEntity type.
[05:00:46] [Server thread/WARN]: [MythicMobs] --| Line: bindHitbox{mid=vd_historical_infantry1crimson_mob_knight_warhammer;p=b_shield;t=vd_historical_infantry1crimson_mob_knightwarhammer_shieldhitbox}
[05:00:46] [Server thread/WARN]: [MythicMobs] ✗ Configuration Error
[05:00:46] [Server thread/WARN]: [MythicMobs] --| File: vd_historical_infantry1crimson_mobs.yml
[05:00:46] [Server thread/WARN]: [MythicMobs] --| Error Message: The 'type' attribute must be a valid MythicMob or MythicEntity type.
[05:00:46] [Server thread/WARN]: [MythicMobs] --| Line: bindHitbox{mid=vd_historical_infantry1crimson_mob_knight_halberd;p=b_halberd;t=vd_historical_infantry1crimson_mob_knighthalberd_halberdhitbox}
[05:00:46] [Server thread/WARN]: [MythicMobs] ✗ Configuration Error
[05:00:46] [Server thread/WARN]: [MythicMobs] --| File: vd_historical_infantry1crimson_mobs.yml
[05:00:46] [Server thread/WARN]: [MythicMobs] --| Error Message: The 'type' attribute must be a valid MythicMob or MythicEntity type.
[05:00:46] [Server thread/WARN]: [MythicMobs] --| Line: bindHitbox{mid=vd_historical_infantry1crimson_mob_knight_flail;p=b_shield;t=vd_historical_infantry1crimson_mob_knightflail_shieldhitbox}
[05:00:47] [Server thread/WARN]: java.lang.IllegalArgumentException: Could not adapt item stack of invalid custom drop type 'DragonMedaillonEarth'
[05:00:47] [Server thread/WARN]: 	at MythicMobs-5.11.1.jar//io.lumine.mythic.bukkit.BukkitBootstrap.createItem(BukkitBootstrap.java:377)
[05:00:47] [Server thread/WARN]: 	at MythicMobs-5.11.1.jar//io.lumine.mythic.bukkit.adapters.BukkitItemMatcher.parse(BukkitItemMatcher.java:110)
[05:00:47] [Server thread/WARN]: 	at MythicMobs-5.11.1.jar//io.lumine.mythic.bukkit.adapters.BukkitItemMatcher.lambda$new$0(BukkitItemMatcher.java:45)
[05:00:47] [Server thread/WARN]: 	at MythicMobs-5.11.1.jar//io.lumine.mythic.bukkit.clock.MythicClock.lambda$runPostReload$1(MythicClock.java:154)
[05:00:47] [Server thread/WARN]: 	at java.base/java.util.ArrayList.forEach(ArrayList.java:1596)
[05:00:47] [Server thread/WARN]: 	at MythicMobs-5.11.1.jar//io.lumine.mythic.bukkit.clock.MythicClock.runPostReload(MythicClock.java:151)
[05:00:47] [Server thread/WARN]: 	at MythicMobs-5.11.1.jar//io.lumine.mythic.bukkit.MythicBukkit.lambda$enable$1(MythicBukkit.java:237)
[05:00:47] [Server thread/WARN]: 	at MythicMobs-5.11.1.jar//io.lumine.mythic.bukkit.utils.Delegates$RunnableToSupplier.get(Delegates.java:121)
[05:00:47] [Server thread/WARN]: 	at MythicMobs-5.11.1.jar//io.lumine.mythic.bukkit.utils.promise.LuminePromise$SupplyRunnable.run(LuminePromise.java:721)
[05:00:47] [Server thread/WARN]: 	at MythicMobs-5.11.1.jar//io.lumine.mythic.bukkit.utils.tasks.LumineExecutors$SchedulerWrappedRunnable.run(LumineExecutors.java:70)
[05:00:47] [Server thread/WARN]: 	at org.bukkit.craftbukkit.scheduler.CraftTask.run(CraftTask.java:78)
[05:00:47] [Server thread/WARN]: 	at org.bukkit.craftbukkit.scheduler.CraftScheduler.mainThreadHeartbeat(CraftScheduler.java:474)
[05:00:47] [Server thread/WARN]: 	at net.minecraft.server.MinecraftServer.tickChildren(MinecraftServer.java:1666)
[05:00:47] [Server thread/WARN]: 	at net.minecraft.server.MinecraftServer.tickServer(MinecraftServer.java:1536)
[05:00:47] [Server thread/WARN]: 	at net.minecraft.server.MinecraftServer.runServer(MinecraftServer.java:1252)
[05:00:47] [Server thread/WARN]: 	at net.minecraft.server.MinecraftServer.lambda$spin$2(MinecraftServer.java:311)
[05:00:47] [Server thread/WARN]: 	at java.base/java.lang.Thread.run(Thread.java:1583)
[05:00:47] [Server thread/WARN]: [MythicMobs] ✗ Configuration Error in Drop DragonMedaillonEarth
[05:00:47] [Server thread/WARN]: [MythicMobs] --| File: 
[05:00:47] [Server thread/WARN]: [MythicMobs] --| Error Message: Drop type not found.
[05:00:47] [Craft Scheduler Thread - 6 - AxQuestBoard/INFO]: AxQuestBoard » There is a new version of AxQuestBoard available! (current: 1.14.2 | latest: 1.16.0)
[05:00:47] [Craft Scheduler Thread - 13 - AxKoth/INFO]: AxKoth » There is a new version of AxKoth available! (current: 2.13.3 | latest: 2.19.0)
[05:00:47] [pool-78-thread-9/INFO]: [ModelEngine] [A] 
[05:00:47] [pool-78-thread-9/INFO]: [ModelEngine] [A] Resource pack zipped.
[05:00:47] [pool-78-thread-9/INFO]: [ModelEngine] [A] Generator Profiled:
[05:00:47] [pool-78-thread-9/INFO]: [ModelEngine] [A]  - Import Phase: 5,094.5ms
[05:00:47] [pool-78-thread-9/INFO]: [ModelEngine] [A]  - Assets Phase: 2,098.9ms
[05:00:47] [pool-78-thread-9/INFO]: [ModelEngine] [A]  - Zipping Phase: 10,190.3ms
[05:00:47] [pool-78-thread-9/INFO]: Nexo | ModelEngine ResourcePack is ready.
[05:00:47] [ForkJoinPool.commonPool-worker-4/INFO]: Nexo | Generating resourcepack...
[05:00:47] [ForkJoinPool.commonPool-worker-4/INFO]: Nexo | Importing DefaultPack...
[05:00:47] [ForkJoinPool.commonPool-worker-4/INFO]: Nexo | Importing external-pack floamyarmor...
[05:00:48] [ForkJoinPool.commonPool-worker-4/INFO]: Nexo | Importing external-pack hv_selenia...
[05:00:48] [ForkJoinPool.commonPool-worker-4/INFO]: Nexo | Importing external-pack krampus...
[05:00:48] [ForkJoinPool.commonPool-worker-4/INFO]: Nexo | Failed to deserialize resource at: 'assets/littleroom_krampus/sounds.json'
[05:00:48] [ForkJoinPool.commonPool-worker-4/INFO]: Nexo | Importing external-pack public_signs...
[05:00:49] [ForkJoinPool.commonPool-worker-4/INFO]: Nexo | Imported ModelEngine pack successfully!
[05:00:49] [ForkJoinPool.commonPool-worker-4/INFO]: Nexo | Failed to deserialize resource at: 'assets/minecraft/sounds.json'
[05:00:49] [Craft Scheduler Thread - 13 - HuskHomes/INFO]: [HuskHomes] Registered 'after_load' hooks
[05:00:49] [ForkJoinPool.commonPool-worker-4/INFO]: Nexo | Failed to deserialize resource at: 'assets/minecraft/models/medieval_market_wagon2.json'
[05:00:49] [ForkJoinPool.commonPool-worker-4/INFO]: Nexo | Failed to deserialize resource at: 'assets/minecraft/models/medieval_market_wagon2.json'
[05:00:49] [ForkJoinPool.commonPool-worker-4/INFO]: Nexo | Failed to deserialize resource at: 'assets/minecraft/models/medieval_market_bench.json'
[05:00:49] [ForkJoinPool.commonPool-worker-4/INFO]: Nexo | Failed to deserialize resource at: 'assets/minecraft/models/medieval_market_bench.json'
[05:00:49] [ForkJoinPool.commonPool-worker-4/INFO]: Nexo | Failed to deserialize resource at: 'assets/minecraft/models/medieval_market_box_apples.json'
[05:00:49] [ForkJoinPool.commonPool-worker-4/INFO]: Nexo | Failed to deserialize resource at: 'assets/minecraft/models/medieval_market_box_apples.json'
[05:00:49] [ForkJoinPool.commonPool-worker-4/INFO]: Nexo | Failed to deserialize resource at: 'assets/minecraft/models/medieval_market_stool.json'
[05:00:49] [ForkJoinPool.commonPool-worker-4/INFO]: Nexo | Failed to deserialize resource at: 'assets/minecraft/models/medieval_market_stool.json'
[05:00:49] [ForkJoinPool.commonPool-worker-4/INFO]: Nexo | Failed to deserialize resource at: 'assets/minecraft/models/medieval_market_stalltable.json'
[05:00:49] [ForkJoinPool.commonPool-worker-4/INFO]: Nexo | Failed to deserialize resource at: 'assets/minecraft/models/medieval_market_stalltable.json'
[05:00:49] [ForkJoinPool.commonPool-worker-4/INFO]: Nexo | Failed to deserialize resource at: 'assets/minecraft/models/medieval_market_pot.json'
[05:00:49] [ForkJoinPool.commonPool-worker-4/INFO]: Nexo | Failed to deserialize resource at: 'assets/minecraft/models/medieval_market_pot.json'
[05:00:49] [ForkJoinPool.commonPool-worker-4/INFO]: Nexo | Failed to deserialize resource at: 'assets/minecraft/models/medieval_market_lantern_double.json'
[05:00:49] [ForkJoinPool.commonPool-worker-4/INFO]: Nexo | Failed to deserialize resource at: 'assets/minecraft/models/medieval_market_lantern_double.json'
[05:00:49] [ForkJoinPool.commonPool-worker-4/INFO]: Nexo | Failed to deserialize resource at: 'assets/minecraft/models/medieval_market_campfire.json'
[05:00:49] [ForkJoinPool.commonPool-worker-4/INFO]: Nexo | Failed to deserialize resource at: 'assets/minecraft/models/medieval_market_campfire.json'
[05:00:49] [ForkJoinPool.commonPool-worker-4/INFO]: Nexo | Failed to deserialize resource at: 'assets/minecraft/models/medieval_market_lantern.json'
[05:00:49] [ForkJoinPool.commonPool-worker-4/INFO]: Nexo | Failed to deserialize resource at: 'assets/minecraft/models/medieval_market_lantern.json'
[05:00:49] [ForkJoinPool.commonPool-worker-4/INFO]: Nexo | Failed to deserialize resource at: 'assets/minecraft/models/medieval_market_lantern_big.json'
[05:00:49] [ForkJoinPool.commonPool-worker-4/INFO]: Nexo | Failed to deserialize resource at: 'assets/minecraft/models/medieval_market_lantern_big.json'
[05:00:49] [ForkJoinPool.commonPool-worker-4/INFO]: Nexo | Failed to deserialize resource at: 'assets/minecraft/models/medieval_market_marketstall_purple.json'
[05:00:49] [ForkJoinPool.commonPool-worker-4/INFO]: Nexo | Failed to deserialize resource at: 'assets/minecraft/models/medieval_market_marketstall_purple.json'
[05:00:49] [ForkJoinPool.commonPool-worker-4/INFO]: Nexo | Failed to deserialize resource at: 'assets/minecraft/models/medieval_market_bag.json'
[05:00:49] [ForkJoinPool.commonPool-worker-4/INFO]: Nexo | Failed to deserialize resource at: 'assets/minecraft/models/medieval_market_bag.json'
[05:00:49] [ForkJoinPool.commonPool-worker-4/INFO]: Nexo | Failed to deserialize resource at: 'assets/minecraft/models/medieval_market_table.json'
[05:00:49] [ForkJoinPool.commonPool-worker-4/INFO]: Nexo | Failed to deserialize resource at: 'assets/minecraft/models/medieval_market_table.json'
[05:00:49] [ForkJoinPool.commonPool-worker-4/INFO]: Nexo | Failed to deserialize resource at: 'assets/minecraft/models/medieval_market_open_chest.json'
[05:00:49] [ForkJoinPool.commonPool-worker-4/INFO]: Nexo | Failed to deserialize resource at: 'assets/minecraft/models/medieval_market_open_chest.json'
[05:00:49] [ForkJoinPool.commonPool-worker-4/INFO]: Nexo | Failed to deserialize resource at: 'assets/minecraft/models/medieval_market_wagon_purple.json'
[05:00:49] [ForkJoinPool.commonPool-worker-4/INFO]: Nexo | Failed to deserialize resource at: 'assets/minecraft/models/medieval_market_wagon_purple.json'
[05:00:49] [ForkJoinPool.commonPool-worker-4/INFO]: Nexo | Failed to deserialize resource at: 'assets/minecraft/models/medieval_market_wall_lantern.json'
[05:00:49] [ForkJoinPool.commonPool-worker-4/INFO]: Nexo | Failed to deserialize resource at: 'assets/minecraft/models/medieval_market_wall_lantern.json'
[05:00:49] [ForkJoinPool.commonPool-worker-4/INFO]: Nexo | Failed to deserialize resource at: 'assets/minecraft/models/medieval_market_box_bread.json'
[05:00:49] [ForkJoinPool.commonPool-worker-4/INFO]: Nexo | Failed to deserialize resource at: 'assets/minecraft/models/medieval_market_box_bread.json'
[05:00:49] [ForkJoinPool.commonPool-worker-4/INFO]: Nexo | Failed to deserialize resource at: 'assets/minecraft/models/medieval_market_haybales.json'
[05:00:49] [ForkJoinPool.commonPool-worker-4/INFO]: Nexo | Failed to deserialize resource at: 'assets/minecraft/models/medieval_market_haybales.json'
[05:00:49] [ForkJoinPool.commonPool-worker-4/INFO]: Nexo | Failed to deserialize resource at: 'assets/minecraft/models/medieval_market_bath.json'
[05:00:49] [ForkJoinPool.commonPool-worker-4/INFO]: Nexo | Failed to deserialize resource at: 'assets/minecraft/models/medieval_market_bath.json'
[05:00:49] [ForkJoinPool.commonPool-worker-4/INFO]: Nexo | Failed to deserialize resource at: 'assets/minecraft/models/medieval_market_wagon_red.json'
[05:00:49] [ForkJoinPool.commonPool-worker-4/INFO]: Nexo | Failed to deserialize resource at: 'assets/minecraft/models/medieval_market_wagon_red.json'
[05:00:49] [ForkJoinPool.commonPool-worker-4/INFO]: Nexo | Failed to deserialize resource at: 'assets/minecraft/models/medieval_market_wood_pile.json'
[05:00:49] [ForkJoinPool.commonPool-worker-4/INFO]: Nexo | Failed to deserialize resource at: 'assets/minecraft/models/medieval_market_wood_pile.json'
[05:00:49] [ForkJoinPool.commonPool-worker-4/INFO]: Nexo | Failed to deserialize resource at: 'assets/minecraft/models/medieval_market_bed.json'
[05:00:49] [ForkJoinPool.commonPool-worker-4/INFO]: Nexo | Failed to deserialize resource at: 'assets/minecraft/models/medieval_market_bed.json'
[05:00:49] [ForkJoinPool.commonPool-worker-4/INFO]: Nexo | Failed to deserialize resource at: 'assets/minecraft/models/medieval_market_chest.json'
[05:00:49] [ForkJoinPool.commonPool-worker-4/INFO]: Nexo | Failed to deserialize resource at: 'assets/minecraft/models/medieval_market_chest.json'
[05:00:49] [ForkJoinPool.commonPool-worker-4/INFO]: Nexo | Failed to deserialize resource at: 'assets/minecraft/models/medieval_market_lantern_big_double.json'
[05:00:49] [ForkJoinPool.commonPool-worker-4/INFO]: Nexo | Failed to deserialize resource at: 'assets/minecraft/models/medieval_market_lantern_big_double.json'
[05:00:49] [ForkJoinPool.commonPool-worker-4/INFO]: Nexo | Failed to deserialize resource at: 'assets/minecraft/models/medieval_market_direction_sign.json'
[05:00:49] [ForkJoinPool.commonPool-worker-4/INFO]: Nexo | Failed to deserialize resource at: 'assets/minecraft/models/medieval_market_direction_sign.json'
[05:00:49] [ForkJoinPool.commonPool-worker-4/INFO]: Nexo | Failed to deserialize resource at: 'assets/minecraft/models/medieval_market_barell.json'
[05:00:49] [ForkJoinPool.commonPool-worker-4/INFO]: Nexo | Failed to deserialize resource at: 'assets/minecraft/models/medieval_market_barell.json'
[05:00:49] [ForkJoinPool.commonPool-worker-4/INFO]: Nexo | Failed to deserialize resource at: 'assets/minecraft/models/medieval_market_marketstall_red.json'
[05:00:49] [ForkJoinPool.commonPool-worker-4/INFO]: Nexo | Failed to deserialize resource at: 'assets/minecraft/models/medieval_market_marketstall_red.json'
[05:00:49] [ForkJoinPool.commonPool-worker-4/INFO]: Nexo | Failed to deserialize resource at: 'assets/minecraft/models/medieval_market_box.json'
[05:00:49] [ForkJoinPool.commonPool-worker-4/INFO]: Nexo | Failed to deserialize resource at: 'assets/minecraft/models/medieval_market_box.json'
[05:00:49] [ForkJoinPool.commonPool-worker-4/INFO]: Nexo | Failed to deserialize resource at: 'assets/minecraft/models/medieval_market_well.json'
[05:00:49] [ForkJoinPool.commonPool-worker-4/INFO]: Nexo | Failed to deserialize resource at: 'assets/minecraft/models/medieval_market_well.json'
[05:00:49] [ForkJoinPool.commonPool-worker-4/INFO]: Nexo | Failed to deserialize resource at: 'assets/minecraft/models/medieval_market_chair.json'
[05:00:49] [ForkJoinPool.commonPool-worker-4/INFO]: Nexo | Failed to deserialize resource at: 'assets/minecraft/models/medieval_market_chair.json'
[05:00:49] [ForkJoinPool.commonPool-worker-4/INFO]: Nexo | Failed to deserialize resource at: 'assets/minecraft/models/medieval_market_scarecrow.json'
[05:00:49] [ForkJoinPool.commonPool-worker-4/INFO]: Nexo | Failed to deserialize resource at: 'assets/minecraft/models/medieval_market_scarecrow.json'
[05:00:49] [ForkJoinPool.commonPool-worker-4/INFO]: Nexo | Failed to deserialize resource at: 'assets/minecraft/models/medieval_market_lantern_small.json'
[05:00:49] [ForkJoinPool.commonPool-worker-4/INFO]: Nexo | Failed to deserialize resource at: 'assets/minecraft/models/medieval_market_lantern_small.json'
[05:00:49] [ForkJoinPool.commonPool-worker-4/INFO]: Nexo | Failed to deserialize resource at: 'assets/minecraft/models/medieval_market_hangingpot.json'
[05:00:49] [ForkJoinPool.commonPool-worker-4/INFO]: Nexo | Failed to deserialize resource at: 'assets/minecraft/models/medieval_market_hangingpot.json'
[05:00:51] [ForkJoinPool.commonPool-worker-4/INFO]: Nexo | Failed to parse assets/minecraft/textures/awakened_assassin_texture/vfx_dusk_impact_1 (copia).png resourcePack...
[05:00:51] [ForkJoinPool.commonPool-worker-4/INFO]: Nexo | Item bahamut_helmet does not have an equippable-component set.
[05:00:51] [ForkJoinPool.commonPool-worker-4/INFO]: Nexo | Configured Components.equippable.model to nexo:bahamut for bahamut_helmet
[05:00:51] [ForkJoinPool.commonPool-worker-4/INFO]: Nexo | Item bahamut_chestplate does not have an equippable-component set.
[05:00:51] [ForkJoinPool.commonPool-worker-4/INFO]: Nexo | Configured Components.equippable.model to nexo:bahamut for bahamut_chestplate
[05:00:51] [ForkJoinPool.commonPool-worker-4/INFO]: Nexo | Item bahamut_leggings does not have an equippable-component set.
[05:00:51] [ForkJoinPool.commonPool-worker-4/INFO]: Nexo | Configured Components.equippable.model to nexo:bahamut for bahamut_leggings
[05:00:51] [ForkJoinPool.commonPool-worker-4/INFO]: Nexo | Item bahamut_boots does not have an equippable-component set.
[05:00:51] [ForkJoinPool.commonPool-worker-4/INFO]: Nexo | Configured Components.equippable.model to nexo:bahamut for bahamut_boots
[05:00:51] [ForkJoinPool.commonPool-worker-4/INFO]: Nexo | Item shineoni_helmet does not have an equippable-component set.
[05:00:51] [ForkJoinPool.commonPool-worker-4/INFO]: Nexo | Configured Components.equippable.model to nexo:shineoni for shineoni_helmet
[05:00:51] [ForkJoinPool.commonPool-worker-4/INFO]: Nexo | Item shineoni_chestplate does not have an equippable-component set.
[05:00:51] [ForkJoinPool.commonPool-worker-4/INFO]: Nexo | Configured Components.equippable.model to nexo:shineoni for shineoni_chestplate
[05:00:51] [ForkJoinPool.commonPool-worker-4/INFO]: Nexo | Item shineoni_leggings does not have an equippable-component set.
[05:00:51] [ForkJoinPool.commonPool-worker-4/INFO]: Nexo | Configured Components.equippable.model to nexo:shineoni for shineoni_leggings
[05:00:51] [ForkJoinPool.commonPool-worker-4/INFO]: Nexo | Item shineoni_boots does not have an equippable-component set.
[05:00:51] [ForkJoinPool.commonPool-worker-4/INFO]: Nexo | Configured Components.equippable.model to nexo:shineoni for shineoni_boots
[05:00:51] [ForkJoinPool.commonPool-worker-4/INFO]: Nexo | Validating ResourcePack files...
[05:00:51] [ForkJoinPool.commonPool-worker-4/INFO]: Nexo | Model minecraft:transparent_button is trying to use texture minecraft:fantasy_gui/item/transparent_texture.png, but it does not exist within Nexo's ResourcePacks
[05:00:51] [ForkJoinPool.commonPool-worker-4/INFO]: Nexo | Model minecraft:holywhitebook is trying to use texture minecraft:noenchant/holywhitebook.png, but it does not exist within Nexo's ResourcePacks
[05:00:51] [ForkJoinPool.commonPool-worker-4/INFO]: Nexo | Texture minecraft:warrior_texture/warrior_helmet.png has bad resolution-ratio 16x17
[05:00:51] [ForkJoinPool.commonPool-worker-4/INFO]: Nexo | Textures not using ^2 will lower mipmap-level, causing blurry visuals
[05:00:51] [ForkJoinPool.commonPool-worker-4/INFO]: Nexo | Recommend converting it to a resolution in ^2, 2x2, 4x4, 8x8, 16x16, 32x32...
[05:00:51] [ForkJoinPool.commonPool-worker-4/INFO]: Nexo | Font nexo:default is trying to use texture minecraft:custom_esc/rbugs_button.png, but it does not exist within Nexo's ResourcePacks
[05:00:51] [ForkJoinPool.commonPool-worker-4/INFO]: Nexo | It has been temporarily replaced with a placeholder-image to not break the pack
[05:00:51] [ForkJoinPool.commonPool-worker-4/INFO]: Nexo | Font nexo:default is trying to use texture minecraft:custom_esc/ru/rbugs_button_ru.png, but it does not exist within Nexo's ResourcePacks
[05:00:51] [ForkJoinPool.commonPool-worker-4/INFO]: Nexo | It has been temporarily replaced with a placeholder-image to not break the pack
[05:00:51] [ForkJoinPool.commonPool-worker-4/INFO]: Nexo | Font nexo:default is trying to use texture minecraft:custom_esc/ru/back_button_ru.png, but it does not exist within Nexo's ResourcePacks
[05:00:51] [ForkJoinPool.commonPool-worker-4/INFO]: Nexo | It has been temporarily replaced with a placeholder-image to not break the pack
[05:00:51] [ForkJoinPool.commonPool-worker-4/INFO]: Nexo | Font nexo:default is trying to use texture minecraft:custom_esc/advancements_button.png, but it does not exist within Nexo's ResourcePacks
[05:00:51] [ForkJoinPool.commonPool-worker-4/INFO]: Nexo | It has been temporarily replaced with a placeholder-image to not break the pack
[05:00:51] [ForkJoinPool.commonPool-worker-4/INFO]: Nexo | Font nexo:default is trying to use texture minecraft:custom_esc/ru/feedback_button_ru.png, but it does not exist within Nexo's ResourcePacks
[05:00:51] [ForkJoinPool.commonPool-worker-4/INFO]: Nexo | It has been temporarily replaced with a placeholder-image to not break the pack
[05:00:51] [ForkJoinPool.commonPool-worker-4/INFO]: Nexo | Font nexo:default is trying to use texture minecraft:custom_esc/ru/mods_button_ru.png, but it does not exist within Nexo's ResourcePacks
[05:00:51] [ForkJoinPool.commonPool-worker-4/INFO]: Nexo | It has been temporarily replaced with a placeholder-image to not break the pack
[05:00:51] [ForkJoinPool.commonPool-worker-4/INFO]: Nexo | Font nexo:default is trying to use texture minecraft:custom_esc/ru/preport_button_ru.png, but it does not exist within Nexo's ResourcePacks
[05:00:51] [ForkJoinPool.commonPool-worker-4/INFO]: Nexo | It has been temporarily replaced with a placeholder-image to not break the pack
[05:00:51] [ForkJoinPool.commonPool-worker-4/INFO]: Nexo | Font nexo:default is trying to use texture minecraft:custom_esc/back_button.png, but it does not exist within Nexo's ResourcePacks
[05:00:51] [ForkJoinPool.commonPool-worker-4/INFO]: Nexo | It has been temporarily replaced with a placeholder-image to not break the pack
[05:00:51] [ForkJoinPool.commonPool-worker-4/INFO]: Nexo | Font nexo:default is trying to use texture minecraft:custom_esc/stats_button.png, but it does not exist within Nexo's ResourcePacks
[05:00:51] [ForkJoinPool.commonPool-worker-4/INFO]: Nexo | It has been temporarily replaced with a placeholder-image to not break the pack
[05:00:51] [ForkJoinPool.commonPool-worker-4/INFO]: Nexo | Font nexo:default is trying to use texture minecraft:custom_esc/mods_button.png, but it does not exist within Nexo's ResourcePacks
[05:00:51] [ForkJoinPool.commonPool-worker-4/INFO]: Nexo | It has been temporarily replaced with a placeholder-image to not break the pack
[05:00:51] [ForkJoinPool.commonPool-worker-4/INFO]: Nexo | Font nexo:default is trying to use texture minecraft:custom_esc/top_logo_1.png, but it does not exist within Nexo's ResourcePacks
[05:00:51] [ForkJoinPool.commonPool-worker-4/INFO]: Nexo | It has been temporarily replaced with a placeholder-image to not break the pack
[05:00:51] [ForkJoinPool.commonPool-worker-4/INFO]: Nexo | Font nexo:default is trying to use texture minecraft:custom_esc/ru/stats_button_ru.png, but it does not exist within Nexo's ResourcePacks
[05:00:51] [ForkJoinPool.commonPool-worker-4/INFO]: Nexo | It has been temporarily replaced with a placeholder-image to not break the pack
[05:00:51] [ForkJoinPool.commonPool-worker-4/INFO]: Nexo | Font nexo:default is trying to use texture minecraft:custom_esc/preport_button.png, but it does not exist within Nexo's ResourcePacks
[05:00:51] [ForkJoinPool.commonPool-worker-4/INFO]: Nexo | It has been temporarily replaced with a placeholder-image to not break the pack
[05:00:51] [ForkJoinPool.commonPool-worker-4/INFO]: Nexo | Font nexo:default is trying to use texture minecraft:custom_esc/ru/advancements_button_ru.png, but it does not exist within Nexo's ResourcePacks
[05:00:51] [ForkJoinPool.commonPool-worker-4/INFO]: Nexo | It has been temporarily replaced with a placeholder-image to not break the pack
[05:00:51] [ForkJoinPool.commonPool-worker-4/INFO]: Nexo | Font nexo:default is trying to use texture minecraft:custom_esc/logo.png, but it does not exist within Nexo's ResourcePacks
[05:00:51] [ForkJoinPool.commonPool-worker-4/INFO]: Nexo | It has been temporarily replaced with a placeholder-image to not break the pack
[05:00:51] [ForkJoinPool.commonPool-worker-4/INFO]: Nexo | Font nexo:default is trying to use texture minecraft:custom_esc/quit_button.png, but it does not exist within Nexo's ResourcePacks
[05:00:51] [ForkJoinPool.commonPool-worker-4/INFO]: Nexo | It has been temporarily replaced with a placeholder-image to not break the pack
[05:00:51] [ForkJoinPool.commonPool-worker-4/INFO]: Nexo | Font nexo:default is trying to use texture minecraft:custom_esc/ru/quit_button_ru.png, but it does not exist within Nexo's ResourcePacks
[05:00:51] [ForkJoinPool.commonPool-worker-4/INFO]: Nexo | It has been temporarily replaced with a placeholder-image to not break the pack
[05:00:51] [ForkJoinPool.commonPool-worker-4/INFO]: Nexo | Font nexo:default is trying to use texture minecraft:custom_esc/feedback_button.png, but it does not exist within Nexo's ResourcePacks
[05:00:51] [ForkJoinPool.commonPool-worker-4/INFO]: Nexo | It has been temporarily replaced with a placeholder-image to not break the pack
[05:00:51] [ForkJoinPool.commonPool-worker-4/INFO]: Nexo | Font nexo:default is trying to use texture minecraft:custom_esc/top_logo_2.png, but it does not exist within Nexo's ResourcePacks
[05:00:51] [ForkJoinPool.commonPool-worker-4/INFO]: Nexo | It has been temporarily replaced with a placeholder-image to not break the pack
[05:00:51] [ForkJoinPool.commonPool-worker-4/INFO]: Nexo | Font nexo:default is trying to use texture minecraft:custom_esc/ru/options_button_ru.png, but it does not exist within Nexo's ResourcePacks
[05:00:51] [ForkJoinPool.commonPool-worker-4/INFO]: Nexo | It has been temporarily replaced with a placeholder-image to not break the pack
[05:00:51] [ForkJoinPool.commonPool-worker-4/INFO]: Nexo | Font nexo:default is trying to use texture minecraft:custom_esc/options_button.png, but it does not exist within Nexo's ResourcePacks
[05:00:51] [ForkJoinPool.commonPool-worker-4/INFO]: Nexo | It has been temporarily replaced with a placeholder-image to not break the pack
[05:00:51] [ForkJoinPool.commonPool-worker-4/INFO]: Nexo | Non Default-font Glyph mods_button detected in modmenu:io_en at modmenu.title
[05:00:51] [ForkJoinPool.commonPool-worker-4/INFO]: Nexo | If this is for the Escape Menu, the Glyph must use 'font: minecraft:default'
[05:00:51] [ForkJoinPool.commonPool-worker-4/INFO]: Nexo | Non Default-font Glyph mods_button detected in modmenu:ig_ng at modmenu.title
[05:00:51] [ForkJoinPool.commonPool-worker-4/INFO]: Nexo | If this is for the Escape Menu, the Glyph must use 'font: minecraft:default'
[05:00:51] [ForkJoinPool.commonPool-worker-4/INFO]: Nexo | Non Default-font Glyph mods_button detected in modmenu:no_no at modmenu.title
[05:00:51] [ForkJoinPool.commonPool-worker-4/INFO]: Nexo | If this is for the Escape Menu, the Glyph must use 'font: minecraft:default'
[05:00:51] [ForkJoinPool.commonPool-worker-4/INFO]: Nexo | Non Default-font Glyph mods_button detected in modmenu:zh_tw at modmenu.title
[05:00:51] [ForkJoinPool.commonPool-worker-4/INFO]: Nexo | If this is for the Escape Menu, the Glyph must use 'font: minecraft:default'
[05:00:51] [ForkJoinPool.commonPool-worker-4/INFO]: Nexo | Non Default-font Glyph mods_button detected in modmenu:el_gr at modmenu.title
[05:00:51] [ForkJoinPool.commonPool-worker-4/INFO]: Nexo | If this is for the Escape Menu, the Glyph must use 'font: minecraft:default'
[05:00:51] [ForkJoinPool.commonPool-worker-4/INFO]: Nexo | Non Default-font Glyph mods_button detected in modmenu:pt_br at modmenu.title
[05:00:51] [ForkJoinPool.commonPool-worker-4/INFO]: Nexo | If this is for the Escape Menu, the Glyph must use 'font: minecraft:default'
[05:00:51] [ForkJoinPool.commonPool-worker-4/INFO]: Nexo | Non Default-font Glyph mods_button detected in modmenu:sv_se at modmenu.title
[05:00:51] [ForkJoinPool.commonPool-worker-4/INFO]: Nexo | If this is for the Escape Menu, the Glyph must use 'font: minecraft:default'
[05:00:51] [ForkJoinPool.commonPool-worker-4/INFO]: Nexo | Non Default-font Glyph mods_button detected in modmenu:se_no at modmenu.title
[05:00:51] [ForkJoinPool.commonPool-worker-4/INFO]: Nexo | If this is for the Escape Menu, the Glyph must use 'font: minecraft:default'
[05:00:51] [ForkJoinPool.commonPool-worker-4/INFO]: Nexo | Non Default-font Glyph mods_button detected in modmenu:en_ud at modmenu.title
[05:00:51] [ForkJoinPool.commonPool-worker-4/INFO]: Nexo | If this is for the Escape Menu, the Glyph must use 'font: minecraft:default'
[05:00:51] [ForkJoinPool.commonPool-worker-4/INFO]: Nexo | Non Default-font Glyph mods_button detected in modmenu:haw_us at modmenu.title
[05:00:51] [ForkJoinPool.commonPool-worker-4/INFO]: Nexo | If this is for the Escape Menu, the Glyph must use 'font: minecraft:default'
[05:00:51] [ForkJoinPool.commonPool-worker-4/INFO]: Nexo | Non Default-font Glyph mods_button detected in modmenu:mk_mk at modmenu.title
[05:00:51] [ForkJoinPool.commonPool-worker-4/INFO]: Nexo | If this is for the Escape Menu, the Glyph must use 'font: minecraft:default'
[05:00:51] [ForkJoinPool.commonPool-worker-4/INFO]: Nexo | Non Default-font Glyph mods_button detected in modmenu:enp at modmenu.title
[05:00:51] [ForkJoinPool.commonPool-worker-4/INFO]: Nexo | If this is for the Escape Menu, the Glyph must use 'font: minecraft:default'
[05:00:51] [ForkJoinPool.commonPool-worker-4/INFO]: Nexo | Non Default-font Glyph mods_button detected in modmenu:bg_bg at modmenu.title
[05:00:51] [ForkJoinPool.commonPool-worker-4/INFO]: Nexo | If this is for the Escape Menu, the Glyph must use 'font: minecraft:default'
[05:00:51] [ForkJoinPool.commonPool-worker-4/INFO]: Nexo | Non Default-font Glyph mods_button detected in modmenu:enws at modmenu.title
[05:00:51] [ForkJoinPool.commonPool-worker-4/INFO]: Nexo | If this is for the Escape Menu, the Glyph must use 'font: minecraft:default'
[05:00:51] [ForkJoinPool.commonPool-worker-4/INFO]: Nexo | Non Default-font Glyph mods_button detected in modmenu:jbo_en at modmenu.title
[05:00:51] [ForkJoinPool.commonPool-worker-4/INFO]: Nexo | If this is for the Escape Menu, the Glyph must use 'font: minecraft:default'
[05:00:51] [ForkJoinPool.commonPool-worker-4/INFO]: Nexo | Non Default-font Glyph mods_button detected in modmenu:kn_in at modmenu.title
[05:00:51] [ForkJoinPool.commonPool-worker-4/INFO]: Nexo | If this is for the Escape Menu, the Glyph must use 'font: minecraft:default'
[05:00:51] [ForkJoinPool.commonPool-worker-4/INFO]: Nexo | Non Default-font Glyph mods_button detected in modmenu:cs_cz at modmenu.title
[05:00:51] [ForkJoinPool.commonPool-worker-4/INFO]: Nexo | If this is for the Escape Menu, the Glyph must use 'font: minecraft:default'
[05:00:51] [ForkJoinPool.commonPool-worker-4/INFO]: Nexo | Non Default-font Glyph mods_button detected in modmenu:ar_sa at modmenu.title
[05:00:51] [ForkJoinPool.commonPool-worker-4/INFO]: Nexo | If this is for the Escape Menu, the Glyph must use 'font: minecraft:default'
[05:00:51] [ForkJoinPool.commonPool-worker-4/INFO]: Nexo | Non Default-font Glyph mods_button detected in modmenu:vi_vn at modmenu.title
[05:00:51] [ForkJoinPool.commonPool-worker-4/INFO]: Nexo | If this is for the Escape Menu, the Glyph must use 'font: minecraft:default'
[05:00:51] [ForkJoinPool.commonPool-worker-4/INFO]: Nexo | Non Default-font Glyph mods_button detected in modmenu:ovd at modmenu.title
[05:00:51] [ForkJoinPool.commonPool-worker-4/INFO]: Nexo | If this is for the Escape Menu, the Glyph must use 'font: minecraft:default'
[05:00:51] [ForkJoinPool.commonPool-worker-4/INFO]: Nexo | Non Default-font Glyph mods_button detected in modmenu:be_by at modmenu.title
[05:00:51] [ForkJoinPool.commonPool-worker-4/INFO]: Nexo | If this is for the Escape Menu, the Glyph must use 'font: minecraft:default'
[05:00:51] [ForkJoinPool.commonPool-worker-4/INFO]: Nexo | Non Default-font Glyph mods_button detected in modmenu:ja_jp at modmenu.title
[05:00:51] [ForkJoinPool.commonPool-worker-4/INFO]: Nexo | If this is for the Escape Menu, the Glyph must use 'font: minecraft:default'
[05:00:51] [ForkJoinPool.commonPool-worker-4/INFO]: Nexo | Non Default-font Glyph mods_button detected in modmenu:az_az at modmenu.title
[05:00:51] [ForkJoinPool.commonPool-worker-4/INFO]: Nexo | If this is for the Escape Menu, the Glyph must use 'font: minecraft:default'
[05:00:51] [ForkJoinPool.commonPool-worker-4/INFO]: Nexo | Non Default-font Glyph mods_button detected in modmenu:so_so at modmenu.title
[05:00:51] [ForkJoinPool.commonPool-worker-4/INFO]: Nexo | If this is for the Escape Menu, the Glyph must use 'font: minecraft:default'
[05:00:51] [ForkJoinPool.commonPool-worker-4/INFO]: Nexo | Non Default-font Glyph mods_button detected in modmenu:lb_lu at modmenu.title
[05:00:51] [ForkJoinPool.commonPool-worker-4/INFO]: Nexo | If this is for the Escape Menu, the Glyph must use 'font: minecraft:default'
[05:00:51] [ForkJoinPool.commonPool-worker-4/INFO]: Nexo | Non Default-font Glyph mods_button detected in modmenu:ko_kr at modmenu.title
[05:00:51] [ForkJoinPool.commonPool-worker-4/INFO]: Nexo | If this is for the Escape Menu, the Glyph must use 'font: minecraft:default'
[05:00:51] [ForkJoinPool.commonPool-worker-4/INFO]: Nexo | Non Default-font Glyph mods_button detected in modmenu:val_es at modmenu.title
[05:00:51] [ForkJoinPool.commonPool-worker-4/INFO]: Nexo | If this is for the Escape Menu, the Glyph must use 'font: minecraft:default'
[05:00:51] [ForkJoinPool.commonPool-worker-4/INFO]: Nexo | Non Default-font Glyph mods_button detected in modmenu:sxu at modmenu.title
[05:00:51] [ForkJoinPool.commonPool-worker-4/INFO]: Nexo | If this is for the Escape Menu, the Glyph must use 'font: minecraft:default'
[05:00:51] [ForkJoinPool.commonPool-worker-4/INFO]: Nexo | Non Default-font Glyph mods_button detected in modmenu:de_at at modmenu.title
[05:00:51] [ForkJoinPool.commonPool-worker-4/INFO]: Nexo | If this is for the Escape Menu, the Glyph must use 'font: minecraft:default'
[05:00:51] [ForkJoinPool.commonPool-worker-4/INFO]: Nexo | Non Default-font Glyph mods_button detected in modmenu:nn_no at modmenu.title
[05:00:51] [ForkJoinPool.commonPool-worker-4/INFO]: Nexo | If this is for the Escape Menu, the Glyph must use 'font: minecraft:default'
[05:00:51] [ForkJoinPool.commonPool-worker-4/INFO]: Nexo | Non Default-font Glyph mods_button detected in modmenu:fur_it at modmenu.title
[05:00:51] [ForkJoinPool.commonPool-worker-4/INFO]: Nexo | If this is for the Escape Menu, the Glyph must use 'font: minecraft:default'
[05:00:51] [ForkJoinPool.commonPool-worker-4/INFO]: Nexo | Non Default-font Glyph mods_button detected in modmenu:oc_fr at modmenu.title
[05:00:51] [ForkJoinPool.commonPool-worker-4/INFO]: Nexo | If this is for the Escape Menu, the Glyph must use 'font: minecraft:default'
[05:00:51] [ForkJoinPool.commonPool-worker-4/INFO]: Nexo | Non Default-font Glyph mods_button detected in modmenu:zlm_arab at modmenu.title
[05:00:51] [ForkJoinPool.commonPool-worker-4/INFO]: Nexo | If this is for the Escape Menu, the Glyph must use 'font: minecraft:default'
[05:00:51] [ForkJoinPool.commonPool-worker-4/INFO]: Nexo | Non Default-font Glyph mods_button detected in modmenu:fo_fo at modmenu.title
[05:00:51] [ForkJoinPool.commonPool-worker-4/INFO]: Nexo | If this is for the Escape Menu, the Glyph must use 'font: minecraft:default'
[05:00:51] [ForkJoinPool.commonPool-worker-4/INFO]: Nexo | Non Default-font Glyph mods_button detected in modmenu:eo_uy at modmenu.title
[05:00:51] [ForkJoinPool.commonPool-worker-4/INFO]: Nexo | If this is for the Escape Menu, the Glyph must use 'font: minecraft:default'
[05:00:51] [ForkJoinPool.commonPool-worker-4/INFO]: Nexo | Non Default-font Glyph mods_button detected in modmenu:kw_gb at modmenu.title
[05:00:51] [ForkJoinPool.commonPool-worker-4/INFO]: Nexo | If this is for the Escape Menu, the Glyph must use 'font: minecraft:default'
[05:00:51] [ForkJoinPool.commonPool-worker-4/INFO]: Nexo | Non Default-font Glyph mods_button detected in modmenu:es_ar at modmenu.title
[05:00:51] [ForkJoinPool.commonPool-worker-4/INFO]: Nexo | If this is for the Escape Menu, the Glyph must use 'font: minecraft:default'
[05:00:51] [ForkJoinPool.commonPool-worker-4/INFO]: Nexo | Non Default-font Glyph mods_button detected in modmenu:lzh at modmenu.title
[05:00:51] [ForkJoinPool.commonPool-worker-4/INFO]: Nexo | If this is for the Escape Menu, the Glyph must use 'font: minecraft:default'
[05:00:51] [ForkJoinPool.commonPool-worker-4/INFO]: Nexo | Non Default-font Glyph mods_button detected in modmenu:kk_kz at modmenu.title
[05:00:51] [ForkJoinPool.commonPool-worker-4/INFO]: Nexo | If this is for the Escape Menu, the Glyph must use 'font: minecraft:default'
[05:00:51] [ForkJoinPool.commonPool-worker-4/INFO]: Nexo | Non Default-font Glyph mods_button detected in modmenu:tok at modmenu.title
[05:00:51] [ForkJoinPool.commonPool-worker-4/INFO]: Nexo | If this is for the Escape Menu, the Glyph must use 'font: minecraft:default'
[05:00:51] [ForkJoinPool.commonPool-worker-4/INFO]: Nexo | Non Default-font Glyph mods_button detected in modmenu:pl_pl at modmenu.title
[05:00:51] [ForkJoinPool.commonPool-worker-4/INFO]: Nexo | If this is for the Escape Menu, the Glyph must use 'font: minecraft:default'
[05:00:51] [ForkJoinPool.commonPool-worker-4/INFO]: Nexo | Non Default-font Glyph mods_button detected in modmenu:ca_es at modmenu.title
[05:00:51] [ForkJoinPool.commonPool-worker-4/INFO]: Nexo | If this is for the Escape Menu, the Glyph must use 'font: minecraft:default'
[05:00:51] [ForkJoinPool.commonPool-worker-4/INFO]: Nexo | Non Default-font Glyph mods_button detected in modmenu:tl_ph at modmenu.title
[05:00:51] [ForkJoinPool.commonPool-worker-4/INFO]: Nexo | If this is for the Escape Menu, the Glyph must use 'font: minecraft:default'
[05:00:51] [ForkJoinPool.commonPool-worker-4/INFO]: Nexo | Non Default-font Glyph mods_button detected in modmenu:fil_ph at modmenu.title
[05:00:51] [ForkJoinPool.commonPool-worker-4/INFO]: Nexo | If this is for the Escape Menu, the Glyph must use 'font: minecraft:default'
[05:00:51] [ForkJoinPool.commonPool-worker-4/INFO]: Nexo | Non Default-font Glyph mods_button detected in modmenu:esan at modmenu.title
[05:00:51] [ForkJoinPool.commonPool-worker-4/INFO]: Nexo | If this is for the Escape Menu, the Glyph must use 'font: minecraft:default'
[05:00:51] [ForkJoinPool.commonPool-worker-4/INFO]: Nexo | Non Default-font Glyph mods_button detected in modmenu:ro_ro at modmenu.title
[05:00:51] [ForkJoinPool.commonPool-worker-4/INFO]: Nexo | If this is for the Escape Menu, the Glyph must use 'font: minecraft:default'
[05:00:51] [ForkJoinPool.commonPool-worker-4/INFO]: Nexo | Non Default-font Glyph mods_button detected in modmenu:sk_sk at modmenu.title
[05:00:51] [ForkJoinPool.commonPool-worker-4/INFO]: Nexo | If this is for the Escape Menu, the Glyph must use 'font: minecraft:default'
[05:00:51] [ForkJoinPool.commonPool-worker-4/INFO]: Nexo | Non Default-font Glyph mods_button detected in modmenu:hi_in at modmenu.title
[05:00:51] [ForkJoinPool.commonPool-worker-4/INFO]: Nexo | If this is for the Escape Menu, the Glyph must use 'font: minecraft:default'
[05:00:51] [ForkJoinPool.commonPool-worker-4/INFO]: Nexo | Non Default-font Glyph mods_button detected in modmenu:pt_pt at modmenu.title
[05:00:51] [ForkJoinPool.commonPool-worker-4/INFO]: Nexo | If this is for the Escape Menu, the Glyph must use 'font: minecraft:default'
[05:00:51] [ForkJoinPool.commonPool-worker-4/INFO]: Nexo | Non Default-font Glyph mods_button detected in modmenu:zh_hk at modmenu.title
[05:00:51] [ForkJoinPool.commonPool-worker-4/INFO]: Nexo | If this is for the Escape Menu, the Glyph must use 'font: minecraft:default'
[05:00:51] [ForkJoinPool.commonPool-worker-4/INFO]: Nexo | Non Default-font Glyph mods_button detected in modmenu:fra_de at modmenu.title
[05:00:51] [ForkJoinPool.commonPool-worker-4/INFO]: Nexo | If this is for the Escape Menu, the Glyph must use 'font: minecraft:default'
[05:00:51] [ForkJoinPool.commonPool-worker-4/INFO]: Nexo | Non Default-font Glyph mods_button detected in modmenu:sq_al at modmenu.title
[05:00:51] [ForkJoinPool.commonPool-worker-4/INFO]: Nexo | If this is for the Escape Menu, the Glyph must use 'font: minecraft:default'
[05:00:51] [ForkJoinPool.commonPool-worker-4/INFO]: Nexo | Non Default-font Glyph mods_button detected in modmenu:lmo at modmenu.title
[05:00:51] [ForkJoinPool.commonPool-worker-4/INFO]: Nexo | If this is for the Escape Menu, the Glyph must use 'font: minecraft:default'
[05:00:51] [ForkJoinPool.commonPool-worker-4/INFO]: Nexo | Non Default-font Glyph mods_button detected in modmenu:nah at modmenu.title
[05:00:51] [ForkJoinPool.commonPool-worker-4/INFO]: Nexo | If this is for the Escape Menu, the Glyph must use 'font: minecraft:default'
[05:00:51] [ForkJoinPool.commonPool-worker-4/INFO]: Nexo | Non Default-font Glyph mods_button detected in modmenu:fy_nl at modmenu.title
[05:00:51] [ForkJoinPool.commonPool-worker-4/INFO]: Nexo | If this is for the Escape Menu, the Glyph must use 'font: minecraft:default'
[05:00:51] [ForkJoinPool.commonPool-worker-4/INFO]: Nexo | Non Default-font Glyph mods_button detected in modmenu:mn_mn at modmenu.title
[05:00:51] [ForkJoinPool.commonPool-worker-4/INFO]: Nexo | If this is for the Escape Menu, the Glyph must use 'font: minecraft:default'
[05:00:51] [ForkJoinPool.commonPool-worker-4/INFO]: Nexo | Non Default-font Glyph mods_button detected in modmenu:id_id at modmenu.title
[05:00:51] [ForkJoinPool.commonPool-worker-4/INFO]: Nexo | If this is for the Escape Menu, the Glyph must use 'font: minecraft:default'
[05:00:51] [ForkJoinPool.commonPool-worker-4/INFO]: Nexo | Non Default-font Glyph mods_button detected in modmenu:th_th at modmenu.title
[05:00:51] [ForkJoinPool.commonPool-worker-4/INFO]: Nexo | If this is for the Escape Menu, the Glyph must use 'font: minecraft:default'
[05:00:51] [ForkJoinPool.commonPool-worker-4/INFO]: Nexo | Non Default-font Glyph mods_button detected in modmenu:ksh at modmenu.title
[05:00:51] [ForkJoinPool.commonPool-worker-4/INFO]: Nexo | If this is for the Escape Menu, the Glyph must use 'font: minecraft:default'
[05:00:51] [ForkJoinPool.commonPool-worker-4/INFO]: Nexo | Non Default-font Glyph mods_button detected in modmenu:en_ca at modmenu.title
[05:00:51] [ForkJoinPool.commonPool-worker-4/INFO]: Nexo | If this is for the Escape Menu, the Glyph must use 'font: minecraft:default'
[05:00:51] [ForkJoinPool.commonPool-worker-4/INFO]: Nexo | Non Default-font Glyph mods_button detected in modmenu:it_it at modmenu.title
[05:00:51] [ForkJoinPool.commonPool-worker-4/INFO]: Nexo | If this is for the Escape Menu, the Glyph must use 'font: minecraft:default'
[05:00:51] [ForkJoinPool.commonPool-worker-4/INFO]: Nexo | Non Default-font Glyph mods_button detected in modmenu:en_pt at modmenu.title
[05:00:51] [ForkJoinPool.commonPool-worker-4/INFO]: Nexo | If this is for the Escape Menu, the Glyph must use 'font: minecraft:default'
[05:00:51] [ForkJoinPool.commonPool-worker-4/INFO]: Nexo | Non Default-font Glyph mods_button detected in modmenu:gl_es at modmenu.title
[05:00:51] [ForkJoinPool.commonPool-worker-4/INFO]: Nexo | If this is for the Escape Menu, the Glyph must use 'font: minecraft:default'
[05:00:51] [ForkJoinPool.commonPool-worker-4/INFO]: Nexo | Non Default-font Glyph mods_button detected in modmenu:uk_ua at modmenu.title
[05:00:51] [ForkJoinPool.commonPool-worker-4/INFO]: Nexo | If this is for the Escape Menu, the Glyph must use 'font: minecraft:default'
[05:00:51] [ForkJoinPool.commonPool-worker-4/INFO]: Nexo | Non Default-font Glyph mods_button detected in modmenu:vec_it at modmenu.title
[05:00:51] [ForkJoinPool.commonPool-worker-4/INFO]: Nexo | If this is for the Escape Menu, the Glyph must use 'font: minecraft:default'
[05:00:51] [ForkJoinPool.commonPool-worker-4/INFO]: Nexo | Non Default-font Glyph mods_button detected in modmenu:hr_hr at modmenu.title
[05:00:51] [ForkJoinPool.commonPool-worker-4/INFO]: Nexo | If this is for the Escape Menu, the Glyph must use 'font: minecraft:default'
[05:00:51] [ForkJoinPool.commonPool-worker-4/INFO]: Nexo | Non Default-font Glyph mods_button detected in modmenu:mt_mt at modmenu.title
[05:00:51] [ForkJoinPool.commonPool-worker-4/INFO]: Nexo | If this is for the Escape Menu, the Glyph must use 'font: minecraft:default'
[05:00:51] [ForkJoinPool.commonPool-worker-4/INFO]: Nexo | Non Default-font Glyph mods_button detected in modmenu:zh_cn at modmenu.title
[05:00:51] [ForkJoinPool.commonPool-worker-4/INFO]: Nexo | If this is for the Escape Menu, the Glyph must use 'font: minecraft:default'
[05:00:51] [ForkJoinPool.commonPool-worker-4/INFO]: Nexo | Non Default-font Glyph mods_button detected in modmenu:ast_es at modmenu.title
[05:00:51] [ForkJoinPool.commonPool-worker-4/INFO]: Nexo | If this is for the Escape Menu, the Glyph must use 'font: minecraft:default'
[05:00:51] [ForkJoinPool.commonPool-worker-4/INFO]: Nexo | Non Default-font Glyph mods_button detected in modmenu:en_nz at modmenu.title
[05:00:51] [ForkJoinPool.commonPool-worker-4/INFO]: Nexo | If this is for the Escape Menu, the Glyph must use 'font: minecraft:default'
[05:00:51] [ForkJoinPool.commonPool-worker-4/INFO]: Nexo | Non Default-font Glyph mods_button detected in modmenu:da_dk at modmenu.title
[05:00:51] [ForkJoinPool.commonPool-worker-4/INFO]: Nexo | If this is for the Escape Menu, the Glyph must use 'font: minecraft:default'
[05:00:51] [ForkJoinPool.commonPool-worker-4/INFO]: Nexo | Non Default-font Glyph mods_button detected in modmenu:en_gb at modmenu.title
[05:00:51] [ForkJoinPool.commonPool-worker-4/INFO]: Nexo | If this is for the Escape Menu, the Glyph must use 'font: minecraft:default'
[05:00:51] [ForkJoinPool.commonPool-worker-4/INFO]: Nexo | Non Default-font Glyph mods_button detected in modmenu:li_li at modmenu.title
[05:00:51] [ForkJoinPool.commonPool-worker-4/INFO]: Nexo | If this is for the Escape Menu, the Glyph must use 'font: minecraft:default'
[05:00:51] [ForkJoinPool.commonPool-worker-4/INFO]: Nexo | Non Default-font Glyph mods_button detected in modmenu:es_uy at modmenu.title
[05:00:51] [ForkJoinPool.commonPool-worker-4/INFO]: Nexo | If this is for the Escape Menu, the Glyph must use 'font: minecraft:default'
[05:00:51] [ForkJoinPool.commonPool-worker-4/INFO]: Nexo | Non Default-font Glyph mods_button detected in modmenu:ry_ua at modmenu.title
[05:00:51] [ForkJoinPool.commonPool-worker-4/INFO]: Nexo | If this is for the Escape Menu, the Glyph must use 'font: minecraft:default'
[05:00:51] [ForkJoinPool.commonPool-worker-4/INFO]: Nexo | Non Default-font Glyph mods_button detected in modmenu:lol_us at modmenu.title
[05:00:51] [ForkJoinPool.commonPool-worker-4/INFO]: Nexo | If this is for the Escape Menu, the Glyph must use 'font: minecraft:default'
[05:00:51] [ForkJoinPool.commonPool-worker-4/INFO]: Nexo | Non Default-font Glyph mods_button detected in modmenu:de_ch at modmenu.title
[05:00:51] [ForkJoinPool.commonPool-worker-4/INFO]: Nexo | If this is for the Escape Menu, the Glyph must use 'font: minecraft:default'
[05:00:51] [ForkJoinPool.commonPool-worker-4/INFO]: Nexo | Non Default-font Glyph mods_button detected in modmenu:ka_ge at modmenu.title
[05:00:51] [ForkJoinPool.commonPool-worker-4/INFO]: Nexo | If this is for the Escape Menu, the Glyph must use 'font: minecraft:default'
[05:00:51] [ForkJoinPool.commonPool-worker-4/INFO]: Nexo | Non Default-font Glyph mods_button detected in modmenu:es_mx at modmenu.title
[05:00:51] [ForkJoinPool.commonPool-worker-4/INFO]: Nexo | If this is for the Escape Menu, the Glyph must use 'font: minecraft:default'
[05:00:51] [ForkJoinPool.commonPool-worker-4/INFO]: Nexo | Non Default-font Glyph mods_button detected in modmenu:en_au at modmenu.title
[05:00:51] [ForkJoinPool.commonPool-worker-4/INFO]: Nexo | If this is for the Escape Menu, the Glyph must use 'font: minecraft:default'
[05:00:51] [ForkJoinPool.commonPool-worker-4/INFO]: Nexo | Non Default-font Glyph mods_button detected in modmenu:rpr at modmenu.title
[05:00:51] [ForkJoinPool.commonPool-worker-4/INFO]: Nexo | If this is for the Escape Menu, the Glyph must use 'font: minecraft:default'
[05:00:51] [ForkJoinPool.commonPool-worker-4/INFO]: Nexo | Non Default-font Glyph mods_button detected in modmenu:nds_de at modmenu.title
[05:00:51] [ForkJoinPool.commonPool-worker-4/INFO]: Nexo | If this is for the Escape Menu, the Glyph must use 'font: minecraft:default'
[05:00:51] [ForkJoinPool.commonPool-worker-4/INFO]: Nexo | Non Default-font Glyph mods_button detected in modmenu:yo_ng at modmenu.title
[05:00:51] [ForkJoinPool.commonPool-worker-4/INFO]: Nexo | If this is for the Escape Menu, the Glyph must use 'font: minecraft:default'
[05:00:51] [ForkJoinPool.commonPool-worker-4/INFO]: Nexo | Non Default-font Glyph mods_button detected in modmenu:lt_lt at modmenu.title
[05:00:51] [ForkJoinPool.commonPool-worker-4/INFO]: Nexo | If this is for the Escape Menu, the Glyph must use 'font: minecraft:default'
[05:00:51] [ForkJoinPool.commonPool-worker-4/INFO]: Nexo | Non Default-font Glyph mods_button detected in modmenu:sr_sp at modmenu.title
[05:00:51] [ForkJoinPool.commonPool-worker-4/INFO]: Nexo | If this is for the Escape Menu, the Glyph must use 'font: minecraft:default'
[05:00:51] [ForkJoinPool.commonPool-worker-4/INFO]: Nexo | Non Default-font Glyph mods_button detected in modmenu:ba_ru at modmenu.title
[05:00:51] [ForkJoinPool.commonPool-worker-4/INFO]: Nexo | If this is for the Escape Menu, the Glyph must use 'font: minecraft:default'
[05:00:51] [ForkJoinPool.commonPool-worker-4/INFO]: Nexo | Non Default-font Glyph mods_button detected in modmenu:gd_gb at modmenu.title
[05:00:51] [ForkJoinPool.commonPool-worker-4/INFO]: Nexo | If this is for the Escape Menu, the Glyph must use 'font: minecraft:default'
[05:00:51] [ForkJoinPool.commonPool-worker-4/INFO]: Nexo | Non Default-font Glyph mods_button detected in modmenu:hu_hu at modmenu.title
[05:00:51] [ForkJoinPool.commonPool-worker-4/INFO]: Nexo | If this is for the Escape Menu, the Glyph must use 'font: minecraft:default'
[05:00:51] [ForkJoinPool.commonPool-worker-4/INFO]: Nexo | Non Default-font Glyph mods_button detected in modmenu:en_us at modmenu.title
[05:00:51] [ForkJoinPool.commonPool-worker-4/INFO]: Nexo | If this is for the Escape Menu, the Glyph must use 'font: minecraft:default'
[05:00:51] [ForkJoinPool.commonPool-worker-4/INFO]: Nexo | Non Default-font Glyph mods_button detected in modmenu:de_de at modmenu.title
[05:00:51] [ForkJoinPool.commonPool-worker-4/INFO]: Nexo | If this is for the Escape Menu, the Glyph must use 'font: minecraft:default'
[05:00:51] [ForkJoinPool.commonPool-worker-4/INFO]: Nexo | Non Default-font Glyph mods_button detected in modmenu:is_is at modmenu.title
[05:00:51] [ForkJoinPool.commonPool-worker-4/INFO]: Nexo | If this is for the Escape Menu, the Glyph must use 'font: minecraft:default'
[05:00:51] [ForkJoinPool.commonPool-worker-4/INFO]: Nexo | Non Default-font Glyph mods_button detected in modmenu:yi_de at modmenu.title
[05:00:51] [ForkJoinPool.commonPool-worker-4/INFO]: Nexo | If this is for the Escape Menu, the Glyph must use 'font: minecraft:default'
[05:00:51] [ForkJoinPool.commonPool-worker-4/INFO]: Nexo | Non Default-font Glyph mods_button detected in modmenu:es_cl at modmenu.title
[05:00:51] [ForkJoinPool.commonPool-worker-4/INFO]: Nexo | If this is for the Escape Menu, the Glyph must use 'font: minecraft:default'
[05:00:51] [ForkJoinPool.commonPool-worker-4/INFO]: Nexo | Non Default-font Glyph mods_button detected in modmenu:tlh_aa at modmenu.title
[05:00:51] [ForkJoinPool.commonPool-worker-4/INFO]: Nexo | If this is for the Escape Menu, the Glyph must use 'font: minecraft:default'
[05:00:51] [ForkJoinPool.commonPool-worker-4/INFO]: Nexo | Non Default-font Glyph mods_button detected in modmenu:ta_in at modmenu.title
[05:00:51] [ForkJoinPool.commonPool-worker-4/INFO]: Nexo | If this is for the Escape Menu, the Glyph must use 'font: minecraft:default'
[05:00:51] [ForkJoinPool.commonPool-worker-4/INFO]: Nexo | Non Default-font Glyph mods_button detected in modmenu:tt_ru at modmenu.title
[05:00:51] [ForkJoinPool.commonPool-worker-4/INFO]: Nexo | If this is for the Escape Menu, the Glyph must use 'font: minecraft:default'
[05:00:51] [ForkJoinPool.commonPool-worker-4/INFO]: Nexo | Non Default-font Glyph mods_button detected in modmenu:es_ve at modmenu.title
[05:00:51] [ForkJoinPool.commonPool-worker-4/INFO]: Nexo | If this is for the Escape Menu, the Glyph must use 'font: minecraft:default'
[05:00:51] [ForkJoinPool.commonPool-worker-4/INFO]: Nexo | Non Default-font Glyph mods_button detected in modmenu:qya_aa at modmenu.title
[05:00:51] [ForkJoinPool.commonPool-worker-4/INFO]: Nexo | If this is for the Escape Menu, the Glyph must use 'font: minecraft:default'
[05:00:51] [ForkJoinPool.commonPool-worker-4/INFO]: Nexo | Non Default-font Glyph mods_button detected in modmenu:tr_tr at modmenu.title
[05:00:51] [ForkJoinPool.commonPool-worker-4/INFO]: Nexo | If this is for the Escape Menu, the Glyph must use 'font: minecraft:default'
[05:00:51] [ForkJoinPool.commonPool-worker-4/INFO]: Nexo | Non Default-font Glyph mods_button detected in modmenu:eu_es at modmenu.title
[05:00:51] [ForkJoinPool.commonPool-worker-4/INFO]: Nexo | If this is for the Escape Menu, the Glyph must use 'font: minecraft:default'
[05:00:51] [ForkJoinPool.commonPool-worker-4/INFO]: Nexo | Non Default-font Glyph mods_button detected in modmenu:isv at modmenu.title
[05:00:51] [ForkJoinPool.commonPool-worker-4/INFO]: Nexo | If this is for the Escape Menu, the Glyph must use 'font: minecraft:default'
[05:00:51] [ForkJoinPool.commonPool-worker-4/INFO]: Nexo | Non Default-font Glyph mods_button detected in modmenu:brb at modmenu.title
[05:00:51] [ForkJoinPool.commonPool-worker-4/INFO]: Nexo | If this is for the Escape Menu, the Glyph must use 'font: minecraft:default'
[05:00:51] [ForkJoinPool.commonPool-worker-4/INFO]: Nexo | Non Default-font Glyph mods_button detected in modmenu:ms_my at modmenu.title
[05:00:51] [ForkJoinPool.commonPool-worker-4/INFO]: Nexo | If this is for the Escape Menu, the Glyph must use 'font: minecraft:default'
[05:00:51] [ForkJoinPool.commonPool-worker-4/INFO]: Nexo | Non Default-font Glyph mods_button detected in modmenu:et_ee at modmenu.title
[05:00:51] [ForkJoinPool.commonPool-worker-4/INFO]: Nexo | If this is for the Escape Menu, the Glyph must use 'font: minecraft:default'
[05:00:51] [ForkJoinPool.commonPool-worker-4/INFO]: Nexo | Non Default-font Glyph mods_button detected in modmenu:fa_ir at modmenu.title
[05:00:51] [ForkJoinPool.commonPool-worker-4/INFO]: Nexo | If this is for the Escape Menu, the Glyph must use 'font: minecraft:default'
[05:00:51] [ForkJoinPool.commonPool-worker-4/INFO]: Nexo | Non Default-font Glyph mods_button detected in modmenu:szl at modmenu.title
[05:00:51] [ForkJoinPool.commonPool-worker-4/INFO]: Nexo | If this is for the Escape Menu, the Glyph must use 'font: minecraft:default'
[05:00:51] [ForkJoinPool.commonPool-worker-4/INFO]: Nexo | Non Default-font Glyph mods_button detected in modmenu:bs_ba at modmenu.title
[05:00:51] [ForkJoinPool.commonPool-worker-4/INFO]: Nexo | If this is for the Escape Menu, the Glyph must use 'font: minecraft:default'
[05:00:51] [ForkJoinPool.commonPool-worker-4/INFO]: Nexo | Non Default-font Glyph mods_button detected in modmenu:fr_ca at modmenu.title
[05:00:51] [ForkJoinPool.commonPool-worker-4/INFO]: Nexo | If this is for the Escape Menu, the Glyph must use 'font: minecraft:default'
[05:00:51] [ForkJoinPool.commonPool-worker-4/INFO]: Nexo | Non Default-font Glyph mods_button detected in modmenu:af_za at modmenu.title
[05:00:51] [ForkJoinPool.commonPool-worker-4/INFO]: Nexo | If this is for the Escape Menu, the Glyph must use 'font: minecraft:default'
[05:00:51] [ForkJoinPool.commonPool-worker-4/INFO]: Nexo | Non Default-font Glyph mods_button detected in modmenu:cy_gb at modmenu.title
[05:00:51] [ForkJoinPool.commonPool-worker-4/INFO]: Nexo | If this is for the Escape Menu, the Glyph must use 'font: minecraft:default'
[05:00:51] [ForkJoinPool.commonPool-worker-4/INFO]: Nexo | Non Default-font Glyph mods_button detected in modmenu:es_ec at modmenu.title
[05:00:51] [ForkJoinPool.commonPool-worker-4/INFO]: Nexo | If this is for the Escape Menu, the Glyph must use 'font: minecraft:default'
[05:00:51] [ForkJoinPool.commonPool-worker-4/INFO]: Nexo | Non Default-font Glyph mods_button detected in modmenu:fi_fi at modmenu.title
[05:00:51] [ForkJoinPool.commonPool-worker-4/INFO]: Nexo | If this is for the Escape Menu, the Glyph must use 'font: minecraft:default'
[05:00:51] [ForkJoinPool.commonPool-worker-4/INFO]: Nexo | Non Default-font Glyph mods_button detected in modmenu:br_fr at modmenu.title
[05:00:51] [ForkJoinPool.commonPool-worker-4/INFO]: Nexo | If this is for the Escape Menu, the Glyph must use 'font: minecraft:default'
[05:00:51] [ForkJoinPool.commonPool-worker-4/INFO]: Nexo | Non Default-font Glyph mods_button detected in modmenu:nl_be at modmenu.title
[05:00:51] [ForkJoinPool.commonPool-worker-4/INFO]: Nexo | If this is for the Escape Menu, the Glyph must use 'font: minecraft:default'
[05:00:51] [ForkJoinPool.commonPool-worker-4/INFO]: Nexo | Non Default-font Glyph mods_button detected in modmenu:hy_am at modmenu.title
[05:00:51] [ForkJoinPool.commonPool-worker-4/INFO]: Nexo | If this is for the Escape Menu, the Glyph must use 'font: minecraft:default'
[05:00:51] [ForkJoinPool.commonPool-worker-4/INFO]: Nexo | Non Default-font Glyph mods_button detected in modmenu:ga_ie at modmenu.title
[05:00:51] [ForkJoinPool.commonPool-worker-4/INFO]: Nexo | If this is for the Escape Menu, the Glyph must use 'font: minecraft:default'
[05:00:51] [ForkJoinPool.commonPool-worker-4/INFO]: Nexo | Non Default-font Glyph mods_button detected in modmenu:es_es at modmenu.title
[05:00:51] [ForkJoinPool.commonPool-worker-4/INFO]: Nexo | If this is for the Escape Menu, the Glyph must use 'font: minecraft:default'
[05:00:51] [ForkJoinPool.commonPool-worker-4/INFO]: Nexo | Non Default-font Glyph mods_button detected in modmenu:nl_nl at modmenu.title
[05:00:51] [ForkJoinPool.commonPool-worker-4/INFO]: Nexo | If this is for the Escape Menu, the Glyph must use 'font: minecraft:default'
[05:00:51] [ForkJoinPool.commonPool-worker-4/INFO]: Nexo | Non Default-font Glyph mods_button detected in modmenu:la_la at modmenu.title
[05:00:51] [ForkJoinPool.commonPool-worker-4/INFO]: Nexo | If this is for the Escape Menu, the Glyph must use 'font: minecraft:default'
[05:00:51] [ForkJoinPool.commonPool-worker-4/INFO]: Nexo | Non Default-font Glyph mods_button detected in modmenu:lv_lv at modmenu.title
[05:00:51] [ForkJoinPool.commonPool-worker-4/INFO]: Nexo | If this is for the Escape Menu, the Glyph must use 'font: minecraft:default'
[05:00:51] [ForkJoinPool.commonPool-worker-4/INFO]: Nexo | Non Default-font Glyph mods_button detected in modmenu:bar at modmenu.title
[05:00:51] [ForkJoinPool.commonPool-worker-4/INFO]: Nexo | If this is for the Escape Menu, the Glyph must use 'font: minecraft:default'
[05:00:51] [ForkJoinPool.commonPool-worker-4/INFO]: Nexo | Non Default-font Glyph mods_button detected in modmenu:sl_si at modmenu.title
[05:00:51] [ForkJoinPool.commonPool-worker-4/INFO]: Nexo | If this is for the Escape Menu, the Glyph must use 'font: minecraft:default'
[05:00:51] [ForkJoinPool.commonPool-worker-4/INFO]: Nexo | Non Default-font Glyph mods_button detected in modmenu:fr_fr at modmenu.title
[05:00:51] [ForkJoinPool.commonPool-worker-4/INFO]: Nexo | If this is for the Escape Menu, the Glyph must use 'font: minecraft:default'
[05:00:51] [ForkJoinPool.commonPool-worker-4/INFO]: Nexo | Non Default-font Glyph mods_button detected in modmenu:he_il at modmenu.title
[05:00:51] [ForkJoinPool.commonPool-worker-4/INFO]: Nexo | If this is for the Escape Menu, the Glyph must use 'font: minecraft:default'
[05:00:51] [ForkJoinPool.commonPool-worker-4/INFO]: Nexo | Non Default-font Glyph mods_button_ru detected in modmenu:ru_ru at modmenu.title
[05:00:51] [ForkJoinPool.commonPool-worker-4/INFO]: Nexo | If this is for the Escape Menu, the Glyph must use 'font: minecraft:default'
[05:00:55] [ForkJoinPool.commonPool-worker-4/INFO]: Nexo | Obfuscating NexoPack...
[05:01:05] [ForkJoinPool.commonPool-worker-4/INFO]: Nexo | Caching obfuscated ResourcePack...
[05:01:06] [Paper Common Worker #3/WARN]: Empty or non-existent pool: minecraft:south
[05:01:06] [Paper Common Worker #3/WARN]: Empty or non-existent pool: minecraft:south
[05:01:06] [Paper Common Worker #3/WARN]: Empty or non-existent pool: minecraft:south
[05:01:06] [Paper Common Worker #3/WARN]: Empty or non-existent pool: minecraft:south
[05:01:06] [Paper Common Worker #3/WARN]: Empty or non-existent pool: minecraft:south
[05:01:06] [Paper Common Worker #3/WARN]: Empty or non-existent pool: minecraft:south
[05:01:06] [Paper Common Worker #3/WARN]: Empty or non-existent pool: minecraft:south
[05:01:06] [Paper Common Worker #3/WARN]: Empty or non-existent pool: minecraft:south
[05:01:06] [Paper Common Worker #3/WARN]: Empty or non-existent pool: minecraft:south
[05:01:06] [Paper Common Worker #3/WARN]: Empty or non-existent pool: minecraft:south
[05:01:06] [Paper Common Worker #3/WARN]: Empty or non-existent pool: minecraft:south
[05:01:06] [Paper Common Worker #3/WARN]: Empty or non-existent pool: minecraft:south
[05:01:06] [Paper Common Worker #3/WARN]: Empty or non-existent pool: minecraft:south
[05:01:06] [Paper Common Worker #3/WARN]: Empty or non-existent pool: minecraft:south
[05:01:06] [Paper Common Worker #3/WARN]: Empty or non-existent pool: crazy_chambers:spawner/breeze_spawner
[05:01:06] [Paper Common Worker #3/WARN]: Empty or non-existent pool: minecraft:south
[05:01:06] [Paper Common Worker #3/WARN]: Empty or non-existent pool: minecraft:south
[05:01:06] [Paper Common Worker #3/WARN]: Empty or non-existent pool: minecraft:south
[05:01:06] [Paper Common Worker #3/WARN]: Empty or non-existent pool: minecraft:south
[05:01:06] [Paper Common Worker #3/WARN]: Empty or non-existent pool: crazy_chambers:melee_spawner
[05:01:06] [Paper Common Worker #3/WARN]: Empty or non-existent pool: minecraft:south
[05:01:06] [Paper Common Worker #3/WARN]: Empty or non-existent pool: minecraft:south
[05:01:06] [Paper Common Worker #3/WARN]: Empty or non-existent pool: minecraft:south
[05:01:06] [Paper Common Worker #3/WARN]: Empty or non-existent pool: minecraft:south
[05:01:06] [Paper Common Worker #3/WARN]: Empty or non-existent pool: minecraft:south
[05:01:06] [Paper Common Worker #3/WARN]: Empty or non-existent pool: minecraft:south
[05:01:06] [Paper Common Worker #3/WARN]: Empty or non-existent pool: minecraft:south
[05:01:06] [Paper Common Worker #3/WARN]: Empty or non-existent pool: minecraft:south
[05:01:06] [Paper Common Worker #3/WARN]: Empty or non-existent pool: minecraft:south
[05:01:06] [Paper Common Worker #3/WARN]: Empty or non-existent pool: minecraft:south
[05:01:06] [Paper Common Worker #3/WARN]: Empty or non-existent pool: minecraft:south
[05:01:06] [Paper Common Worker #3/WARN]: Empty or non-existent pool: minecraft:south
[05:01:06] [Paper Common Worker #3/WARN]: Empty or non-existent pool: minecraft:south
[05:01:06] [Paper Common Worker #3/WARN]: Empty or non-existent pool: minecraft:south
[05:01:06] [Paper Common Worker #3/WARN]: Empty or non-existent pool: minecraft:south
[05:01:06] [Paper Common Worker #3/WARN]: Empty or non-existent pool: minecraft:south
[05:01:06] [Paper Common Worker #3/WARN]: Empty or non-existent pool: minecraft:south
[05:01:06] [Paper Common Worker #3/WARN]: Empty or non-existent pool: minecraft:south
[05:01:06] [Paper Common Worker #3/WARN]: Empty or non-existent pool: minecraft:south
[05:01:06] [Paper Common Worker #3/WARN]: Empty or non-existent pool: minecraft:south
[05:01:06] [Paper Common Worker #3/WARN]: Empty or non-existent pool: minecraft:south
[05:01:06] [Paper Common Worker #3/WARN]: Empty or non-existent pool: minecraft:south
[05:01:06] [Paper Common Worker #3/WARN]: Empty or non-existent pool: minecraft:south
[05:01:06] [Paper Common Worker #3/WARN]: Empty or non-existent pool: minecraft:south
[05:01:06] [Paper Common Worker #3/WARN]: Empty or non-existent pool: minecraft:south
[05:01:06] [Paper Common Worker #3/WARN]: Empty or non-existent pool: minecraft:south
[05:01:06] [Paper Common Worker #3/WARN]: Empty or non-existent pool: minecraft:south
[05:01:06] [Paper Common Worker #3/WARN]: Empty or non-existent pool: minecraft:south
[05:01:06] [Paper Common Worker #3/WARN]: Empty or non-existent pool: minecraft:south
[05:01:06] [Paper Common Worker #3/WARN]: Empty or non-existent pool: minecraft:south
[05:01:06] [Paper Common Worker #3/WARN]: Empty or non-existent pool: minecraft:south
[05:01:06] [Paper Common Worker #3/WARN]: Empty or non-existent pool: minecraft:south
[05:01:06] [Paper Common Worker #3/WARN]: Empty or non-existent pool: minecraft:south
[05:01:06] [Paper Common Worker #3/WARN]: Empty or non-existent pool: minecraft:south
[05:01:06] [Paper Common Worker #3/WARN]: Empty or non-existent pool: minecraft:south
[05:01:06] [Paper Common Worker #3/WARN]: Empty or non-existent pool: minecraft:south
[05:01:06] [Paper Common Worker #3/WARN]: Empty or non-existent pool: minecraft:south
[05:01:06] [Paper Common Worker #3/WARN]: Empty or non-existent pool: minecraft:south
[05:01:06] [Paper Common Worker #3/WARN]: Empty or non-existent pool: minecraft:south
[05:01:06] [Paper Common Worker #3/WARN]: Empty or non-existent pool: minecraft:south
[05:01:09] [ForkJoinPool.commonPool-worker-4/INFO]: Nexo | Finished generating resourcepack!

[05:01:10] [ForkJoinPool.commonPool-worker-4/INFO]: Nexo | ResourcePack has been uploaded to https://atlas.nexomc.com/pack.zip?id=8dcd78c405654af298eb927962a3bfc5ej
[05:01:16] [Paper Common Worker #1/WARN]: Empty or non-existent pool: minecraft:south
[05:01:16] [Paper Common Worker #1/WARN]: Empty or non-existent pool: minecraft:south
[05:01:16] [Paper Common Worker #1/WARN]: Empty or non-existent pool: minecraft:south
[05:01:16] [Paper Common Worker #1/WARN]: Empty or non-existent pool: minecraft:south
[05:01:16] [Paper Common Worker #1/WARN]: Empty or non-existent pool: minecraft:south
[05:01:16] [Paper Common Worker #1/WARN]: Empty or non-existent pool: minecraft:south
[05:01:16] [Paper Common Worker #1/WARN]: Empty or non-existent pool: minecraft:south
[05:01:16] [Paper Common Worker #1/WARN]: Empty or non-existent pool: minecraft:south
[05:01:16] [Paper Common Worker #1/WARN]: Empty or non-existent pool: minecraft:south
[05:01:16] [Paper Common Worker #1/WARN]: Empty or non-existent pool: minecraft:south
[05:01:16] [Paper Common Worker #1/WARN]: Empty or non-existent pool: minecraft:south
[05:01:16] [Paper Common Worker #1/WARN]: Empty or non-existent pool: minecraft:south
[05:01:16] [Paper Common Worker #1/WARN]: Empty or non-existent pool: minecraft:south
[05:01:16] [Paper Common Worker #1/WARN]: Empty or non-existent pool: minecraft:south
[05:01:16] [Paper Common Worker #1/WARN]: Empty or non-existent pool: minecraft:south
[05:01:16] [Paper Common Worker #1/WARN]: Empty or non-existent pool: minecraft:south
[05:01:16] [Paper Common Worker #1/WARN]: Empty or non-existent pool: minecraft:south
[05:01:16] [Paper Common Worker #1/WARN]: Empty or non-existent pool: minecraft:south
[05:01:16] [Paper Common Worker #1/WARN]: Empty or non-existent pool: minecraft:south
[05:01:16] [Paper Common Worker #1/WARN]: Empty or non-existent pool: minecraft:south
[05:01:16] [Paper Common Worker #1/WARN]: Empty or non-existent pool: crazy_chambers:spawner/breeze_spawner
[05:01:16] [Paper Common Worker #1/WARN]: Empty or non-existent pool: minecraft:south
[05:01:16] [Paper Common Worker #1/WARN]: Empty or non-existent pool: minecraft:south
[05:01:16] [Paper Common Worker #1/WARN]: Empty or non-existent pool: minecraft:south
[05:01:16] [Paper Common Worker #1/WARN]: Empty or non-existent pool: crazy_chambers:spawner/breeze_spawner
[05:01:16] [Paper Common Worker #1/WARN]: Empty or non-existent pool: minecraft:south
[05:01:16] [Paper Common Worker #1/WARN]: Empty or non-existent pool: minecraft:south
[05:01:16] [Paper Common Worker #1/WARN]: Empty or non-existent pool: minecraft:south
[05:01:16] [Paper Common Worker #1/WARN]: Empty or non-existent pool: minecraft:south
[05:01:16] [Paper Common Worker #1/WARN]: Empty or non-existent pool: minecraft:south
[05:01:16] [Paper Common Worker #1/WARN]: Empty or non-existent pool: minecraft:south
[05:01:16] [Paper Common Worker #1/WARN]: Empty or non-existent pool: minecraft:south
[05:01:16] [Paper Common Worker #1/WARN]: Empty or non-existent pool: minecraft:south
[05:01:16] [Paper Common Worker #1/WARN]: Empty or non-existent pool: minecraft:south
[05:01:16] [Paper Common Worker #1/WARN]: Empty or non-existent pool: minecraft:south
[05:01:16] [Paper Common Worker #1/WARN]: Empty or non-existent pool: minecraft:south
[05:01:16] [Paper Common Worker #1/WARN]: Empty or non-existent pool: minecraft:south
[05:01:16] [Paper Common Worker #1/WARN]: Empty or non-existent pool: minecraft:south
[05:01:16] [Paper Common Worker #1/WARN]: Empty or non-existent pool: minecraft:south
[05:01:16] [Paper Common Worker #1/WARN]: Empty or non-existent pool: minecraft:south
[05:01:16] [Paper Common Worker #1/WARN]: Empty or non-existent pool: minecraft:south
[05:01:16] [Paper Common Worker #1/WARN]: Empty or non-existent pool: minecraft:south
[05:01:16] [Paper Common Worker #1/WARN]: Empty or non-existent pool: minecraft:south
[05:01:16] [Paper Common Worker #1/WARN]: Empty or non-existent pool: minecraft:south
[05:01:16] [Paper Common Worker #1/WARN]: Empty or non-existent pool: minecraft:south
[05:01:16] [Paper Common Worker #1/WARN]: Empty or non-existent pool: minecraft:south
[05:01:16] [Paper Common Worker #1/WARN]: Empty or non-existent pool: minecraft:south
[05:01:16] [Paper Common Worker #1/WARN]: Empty or non-existent pool: minecraft:south
[05:01:16] [Paper Common Worker #1/WARN]: Empty or non-existent pool: minecraft:south
[05:01:16] [Paper Common Worker #1/WARN]: Empty or non-existent pool: minecraft:south
[05:01:16] [Paper Common Worker #1/WARN]: Empty or non-existent pool: minecraft:south
[05:01:16] [Paper Common Worker #1/WARN]: Empty or non-existent pool: minecraft:south
[05:01:16] [Paper Common Worker #1/WARN]: Empty or non-existent pool: minecraft:south
[05:01:16] [Paper Common Worker #1/WARN]: Empty or non-existent pool: minecraft:south
[05:01:16] [Paper Common Worker #1/WARN]: Empty or non-existent pool: minecraft:south
[05:01:16] [Paper Common Worker #1/WARN]: Empty or non-existent pool: minecraft:south
[05:01:18] [Paper Common Worker #0/WARN]: Empty or non-existent pool: minecraft:south
[05:01:18] [Paper Common Worker #0/WARN]: Empty or non-existent pool: minecraft:south
[05:01:18] [Paper Common Worker #0/WARN]: Empty or non-existent pool: minecraft:south
[05:01:18] [Paper Common Worker #0/WARN]: Empty or non-existent pool: minecraft:south
[05:01:18] [Paper Common Worker #0/WARN]: Empty or non-existent pool: minecraft:south
[05:01:18] [Paper Common Worker #0/WARN]: Empty or non-existent pool: minecraft:south
[05:01:18] [Paper Common Worker #0/WARN]: Empty or non-existent pool: crazy_chambers:spawner/breeze_spawner
[05:01:18] [Paper Common Worker #0/WARN]: Empty or non-existent pool: minecraft:south
[05:01:18] [Paper Common Worker #0/WARN]: Empty or non-existent pool: minecraft:south
[05:01:18] [Paper Common Worker #0/WARN]: Empty or non-existent pool: minecraft:south
[05:01:18] [Paper Common Worker #0/WARN]: Empty or non-existent pool: minecraft:south
[05:01:18] [Paper Common Worker #0/WARN]: Empty or non-existent pool: minecraft:south
[05:01:18] [Paper Common Worker #0/WARN]: Empty or non-existent pool: minecraft:south
[05:01:18] [Paper Common Worker #0/WARN]: Empty or non-existent pool: minecraft:south
[05:01:18] [Paper Common Worker #0/WARN]: Empty or non-existent pool: minecraft:south
[05:01:18] [Paper Common Worker #0/WARN]: Empty or non-existent pool: minecraft:south
[05:01:18] [Paper Common Worker #0/WARN]: Empty or non-existent pool: minecraft:south
[05:01:18] [Paper Common Worker #0/WARN]: Empty or non-existent pool: minecraft:south
[05:01:18] [Paper Common Worker #0/WARN]: Empty or non-existent pool: minecraft:south
[05:01:18] [Paper Common Worker #0/WARN]: Empty or non-existent pool: minecraft:south
[05:01:18] [Paper Common Worker #0/WARN]: Empty or non-existent pool: minecraft:south
[05:01:18] [Paper Common Worker #0/WARN]: Empty or non-existent pool: minecraft:south
[05:01:18] [Paper Common Worker #0/WARN]: Empty or non-existent pool: minecraft:south
[05:01:18] [Paper Common Worker #0/WARN]: Empty or non-existent pool: minecraft:south
[05:01:18] [Paper Common Worker #0/WARN]: Empty or non-existent pool: crazy_chambers:spawner/breeze_spawner
[05:01:18] [Paper Common Worker #0/WARN]: Empty or non-existent pool: minecraft:south
[05:01:18] [Paper Common Worker #0/WARN]: Empty or non-existent pool: minecraft:south
[05:01:18] [Paper Common Worker #0/WARN]: Empty or non-existent pool: minecraft:south
[05:01:18] [Paper Common Worker #0/WARN]: Empty or non-existent pool: minecraft:south
[05:01:18] [Paper Common Worker #0/WARN]: Empty or non-existent pool: minecraft:south
[05:01:18] [Paper Common Worker #0/WARN]: Empty or non-existent pool: minecraft:south
[05:01:18] [Paper Common Worker #0/WARN]: Empty or non-existent pool: minecraft:south
[05:01:18] [Paper Common Worker #0/WARN]: Empty or non-existent pool: minecraft:south
[05:01:19] [Paper Common Worker #0/WARN]: Empty or non-existent pool: minecraft:south
[05:01:19] [Paper Common Worker #0/WARN]: Empty or non-existent pool: minecraft:south
[05:01:19] [Paper Common Worker #0/WARN]: Empty or non-existent pool: minecraft:south
[05:01:19] [Paper Common Worker #0/WARN]: Empty or non-existent pool: minecraft:south
[05:01:19] [Paper Common Worker #0/WARN]: Empty or non-existent pool: minecraft:south
[05:01:19] [Paper Common Worker #0/WARN]: Empty or non-existent pool: minecraft:south
[05:01:19] [Paper Common Worker #0/WARN]: Empty or non-existent pool: minecraft:south
[05:01:19] [Paper Common Worker #0/WARN]: Empty or non-existent pool: minecraft:south
[05:01:19] [Paper Common Worker #0/WARN]: Empty or non-existent pool: minecraft:south
[05:01:19] [Paper Common Worker #0/WARN]: Empty or non-existent pool: minecraft:south
[05:01:19] [Paper Common Worker #0/WARN]: Empty or non-existent pool: minecraft:south
[05:01:19] [Paper Common Worker #0/WARN]: Empty or non-existent pool: minecraft:south
[05:01:19] [Paper Common Worker #0/WARN]: Empty or non-existent pool: minecraft:south
[05:01:19] [Paper Common Worker #0/WARN]: Empty or non-existent pool: minecraft:south
[05:01:19] [Paper Common Worker #0/WARN]: Empty or non-existent pool: minecraft:south
[05:01:19] [Paper Common Worker #0/WARN]: Empty or non-existent pool: minecraft:south
[05:01:19] [Paper Common Worker #0/WARN]: Empty or non-existent pool: minecraft:south
[05:01:19] [Paper Common Worker #0/WARN]: Empty or non-existent pool: minecraft:south
[05:01:19] [Paper Common Worker #0/WARN]: Empty or non-existent pool: minecraft:south
[05:01:19] [Paper Common Worker #0/WARN]: Empty or non-existent pool: minecraft:south
[05:01:19] [Paper Common Worker #0/WARN]: Empty or non-existent pool: minecraft:south
[05:01:19] [Paper Common Worker #0/WARN]: Empty or non-existent pool: minecraft:south
[05:01:19] [Paper Common Worker #0/WARN]: Empty or non-existent pool: minecraft:south
[05:01:19] [Paper Common Worker #0/WARN]: Empty or non-existent pool: minecraft:south
[05:01:19] [Paper Common Worker #0/WARN]: Empty or non-existent pool: minecraft:south
[05:01:19] [Paper Common Worker #0/WARN]: Empty or non-existent pool: minecraft:south
[05:01:19] [Paper Common Worker #0/WARN]: Empty or non-existent pool: minecraft:south
[05:01:19] [Paper Common Worker #0/WARN]: Empty or non-existent pool: minecraft:south
[05:01:19] [Paper Common Worker #0/WARN]: Empty or non-existent pool: minecraft:south
[05:01:19] [Paper Common Worker #0/WARN]: Empty or non-existent pool: minecraft:south
[05:01:21] [Paper Common Worker #2/WARN]: Empty or non-existent pool: minecraft:south
[05:01:21] [Paper Common Worker #2/WARN]: Empty or non-existent pool: minecraft:south
[05:01:21] [Paper Common Worker #2/WARN]: Empty or non-existent pool: minecraft:south
[05:01:21] [Paper Common Worker #2/WARN]: Empty or non-existent pool: minecraft:south
[05:01:21] [Paper Common Worker #2/WARN]: Empty or non-existent pool: minecraft:south
[05:01:21] [Paper Common Worker #2/WARN]: Empty or non-existent pool: minecraft:south
[05:01:21] [Paper Common Worker #2/WARN]: Empty or non-existent pool: minecraft:south
[05:01:21] [Paper Common Worker #2/WARN]: Empty or non-existent pool: minecraft:south
[05:01:21] [Paper Common Worker #2/WARN]: Empty or non-existent pool: crazy_chambers:spawner/breeze_spawner
[05:01:21] [Paper Common Worker #2/WARN]: Empty or non-existent pool: minecraft:south
[05:01:21] [Paper Common Worker #2/WARN]: Empty or non-existent pool: minecraft:south
[05:01:21] [Paper Common Worker #2/WARN]: Empty or non-existent pool: minecraft:south
[05:01:21] [Paper Common Worker #2/WARN]: Empty or non-existent pool: minecraft:south
[05:01:21] [Paper Common Worker #2/WARN]: Empty or non-existent pool: minecraft:south
[05:01:21] [Paper Common Worker #2/WARN]: Empty or non-existent pool: minecraft:south
[05:01:21] [Paper Common Worker #2/WARN]: Empty or non-existent pool: minecraft:south
[05:01:21] [Paper Common Worker #2/WARN]: Empty or non-existent pool: minecraft:south
[05:01:21] [Paper Common Worker #2/WARN]: Empty or non-existent pool: minecraft:south
[05:01:21] [Paper Common Worker #2/WARN]: Empty or non-existent pool: minecraft:south
[05:01:21] [Paper Common Worker #2/WARN]: Empty or non-existent pool: minecraft:south
[05:01:21] [Paper Common Worker #2/WARN]: Empty or non-existent pool: minecraft:south
[05:01:21] [Paper Common Worker #2/WARN]: Empty or non-existent pool: minecraft:south
[05:01:21] [Paper Common Worker #2/WARN]: Empty or non-existent pool: minecraft:south
[05:01:21] [Paper Common Worker #2/WARN]: Empty or non-existent pool: minecraft:south
[05:01:21] [Paper Common Worker #2/WARN]: Empty or non-existent pool: minecraft:south
[05:01:21] [Paper Common Worker #2/WARN]: Empty or non-existent pool: minecraft:south
[05:01:21] [Paper Common Worker #2/WARN]: Empty or non-existent pool: minecraft:south
[05:01:21] [Paper Common Worker #2/WARN]: Empty or non-existent pool: minecraft:south
[05:01:21] [Paper Common Worker #2/WARN]: Empty or non-existent pool: minecraft:south
[05:01:21] [Paper Common Worker #2/WARN]: Empty or non-existent pool: minecraft:south
[05:01:21] [Paper Common Worker #2/WARN]: Empty or non-existent pool: minecraft:south
[05:01:21] [Paper Common Worker #2/WARN]: Empty or non-existent pool: minecraft:south
[05:01:21] [Paper Common Worker #2/WARN]: Empty or non-existent pool: minecraft:south
[05:01:21] [Paper Common Worker #2/WARN]: Empty or non-existent pool: minecraft:south
[05:01:21] [Paper Common Worker #2/WARN]: Empty or non-existent pool: minecraft:south
[05:01:21] [Paper Common Worker #2/WARN]: Empty or non-existent pool: minecraft:south
[05:01:21] [Paper Common Worker #2/WARN]: Empty or non-existent pool: minecraft:south
[05:01:21] [Paper Common Worker #2/WARN]: Empty or non-existent pool: minecraft:south
[05:01:21] [Paper Common Worker #2/WARN]: Empty or non-existent pool: minecraft:south
[05:01:21] [Paper Common Worker #2/WARN]: Empty or non-existent pool: minecraft:south
[05:01:21] [Paper Common Worker #2/WARN]: Empty or non-existent pool: minecraft:south
[05:01:21] [Paper Common Worker #2/WARN]: Empty or non-existent pool: minecraft:south
[05:01:21] [Paper Common Worker #2/WARN]: Empty or non-existent pool: minecraft:south
[05:01:21] [Paper Common Worker #2/WARN]: Empty or non-existent pool: minecraft:south
[05:01:21] [Paper Common Worker #2/WARN]: Empty or non-existent pool: minecraft:south
[05:01:21] [Paper Common Worker #2/WARN]: Empty or non-existent pool: minecraft:south
[05:01:21] [Paper Common Worker #2/WARN]: Empty or non-existent pool: minecraft:south
[05:01:21] [Paper Common Worker #2/WARN]: Empty or non-existent pool: minecraft:south
[05:01:21] [Paper Common Worker #2/WARN]: Empty or non-existent pool: minecraft:south
[05:01:21] [Paper Common Worker #2/WARN]: Empty or non-existent pool: minecraft:south
[05:01:21] [Paper Common Worker #2/WARN]: Empty or non-existent pool: minecraft:south
[05:01:21] [Paper Common Worker #2/WARN]: Empty or non-existent pool: minecraft:south
[05:01:21] [Paper Common Worker #2/WARN]: Empty or non-existent pool: minecraft:south
[05:01:46] [User Authenticator #0/INFO]: UUID of player Fazzer is dae100c7-6450-39fa-b160-81c314f644db
[05:01:49] [Paper Common Worker #1/WARN]: Empty or non-existent pool: crazy_chambers:melee_spawner
[05:01:49] [Paper Common Worker #1/WARN]: Empty or non-existent pool: minecraft:south
[05:01:49] [Paper Common Worker #1/WARN]: Empty or non-existent pool: minecraft:south
[05:01:49] [Paper Common Worker #1/WARN]: Empty or non-existent pool: minecraft:south
[05:01:49] [Paper Common Worker #1/WARN]: Empty or non-existent pool: minecraft:south
[05:01:49] [Paper Common Worker #1/WARN]: Empty or non-existent pool: minecraft:south
[05:01:49] [Paper Common Worker #1/WARN]: Empty or non-existent pool: minecraft:south
[05:01:49] [Paper Common Worker #1/WARN]: Empty or non-existent pool: minecraft:south
[05:01:49] [Paper Common Worker #1/WARN]: Empty or non-existent pool: minecraft:south
[05:01:49] [Paper Common Worker #1/WARN]: Empty or non-existent pool: crazy_chambers:melee_spawner
[05:01:49] [Paper Common Worker #1/WARN]: Empty or non-existent pool: minecraft:south
[05:01:49] [Paper Common Worker #1/WARN]: Empty or non-existent pool: minecraft:south
[05:01:49] [Paper Common Worker #1/WARN]: Empty or non-existent pool: minecraft:south
[05:01:49] [Paper Common Worker #1/WARN]: Empty or non-existent pool: minecraft:south
[05:01:49] [Paper Common Worker #1/WARN]: Empty or non-existent pool: minecraft:south
[05:01:49] [Paper Common Worker #1/WARN]: Empty or non-existent pool: minecraft:south
[05:01:49] [Paper Common Worker #1/WARN]: Empty or non-existent pool: minecraft:south
[05:01:49] [Paper Common Worker #1/WARN]: Empty or non-existent pool: minecraft:south
[05:01:49] [Paper Common Worker #1/WARN]: Empty or non-existent pool: minecraft:south
[05:01:49] [Paper Common Worker #1/WARN]: Empty or non-existent pool: minecraft:south
[05:01:49] [Paper Common Worker #1/WARN]: Empty or non-existent pool: minecraft:south
[05:01:49] [Paper Common Worker #1/WARN]: Empty or non-existent pool: minecraft:south
[05:01:49] [Paper Common Worker #1/WARN]: Empty or non-existent pool: minecraft:south
[05:01:49] [Paper Common Worker #1/WARN]: Empty or non-existent pool: minecraft:south
[05:01:49] [Paper Common Worker #1/WARN]: Empty or non-existent pool: minecraft:south
[05:01:49] [Paper Common Worker #1/WARN]: Empty or non-existent pool: minecraft:south
[05:01:49] [Paper Common Worker #1/WARN]: Empty or non-existent pool: minecraft:south
[05:01:49] [Paper Common Worker #1/WARN]: Empty or non-existent pool: crazy_chambers:melee_spawner
[05:01:49] [Paper Common Worker #1/WARN]: Empty or non-existent pool: minecraft:south
[05:01:49] [Paper Common Worker #1/WARN]: Empty or non-existent pool: minecraft:south
[05:01:49] [Paper Common Worker #1/WARN]: Empty or non-existent pool: minecraft:south
[05:01:49] [Paper Common Worker #1/WARN]: Empty or non-existent pool: minecraft:south
[05:01:49] [Paper Common Worker #1/WARN]: Empty or non-existent pool: minecraft:south
[05:01:49] [Paper Common Worker #1/WARN]: Empty or non-existent pool: minecraft:south
[05:01:49] [Paper Common Worker #1/WARN]: Empty or non-existent pool: minecraft:south
[05:01:49] [Paper Common Worker #1/WARN]: Empty or non-existent pool: minecraft:south
[05:01:49] [Paper Common Worker #1/WARN]: Empty or non-existent pool: minecraft:south
[05:01:49] [Paper Common Worker #1/WARN]: Empty or non-existent pool: minecraft:south
[05:01:49] [Paper Common Worker #1/WARN]: Empty or non-existent pool: minecraft:south
[05:01:49] [Paper Common Worker #1/WARN]: Empty or non-existent pool: minecraft:south
[05:01:49] [Paper Common Worker #1/WARN]: Empty or non-existent pool: minecraft:south
[05:01:49] [Paper Common Worker #1/WARN]: Empty or non-existent pool: minecraft:south
[05:01:49] [Paper Common Worker #1/WARN]: Empty or non-existent pool: minecraft:south
[05:01:49] [Paper Common Worker #1/WARN]: Empty or non-existent pool: minecraft:south
[05:01:49] [Paper Common Worker #1/WARN]: Empty or non-existent pool: minecraft:south
[05:01:49] [Paper Common Worker #1/WARN]: Empty or non-existent pool: minecraft:south
[05:01:49] [Paper Common Worker #1/WARN]: Empty or non-existent pool: minecraft:south
[05:01:49] [Paper Common Worker #1/WARN]: Empty or non-existent pool: minecraft:south
[05:01:49] [Paper Common Worker #1/WARN]: Empty or non-existent pool: minecraft:south
[05:01:49] [Paper Common Worker #1/WARN]: Empty or non-existent pool: minecraft:south
[05:01:49] [Paper Common Worker #1/WARN]: Empty or non-existent pool: minecraft:south
[05:01:49] [Paper Common Worker #1/WARN]: Empty or non-existent pool: minecraft:south
[05:01:49] [Paper Common Worker #1/WARN]: Empty or non-existent pool: minecraft:south
[05:01:49] [Paper Common Worker #1/WARN]: Empty or non-existent pool: minecraft:south
[05:01:49] [Paper Common Worker #1/WARN]: Empty or non-existent pool: minecraft:south
[05:01:51] [Server thread/INFO]: Fazzer joined the game
[05:01:51] [Server thread/INFO]: Fazzer[/127.161.233.239:41191] logged in with entity id 188 at ([world]-22.5, 69.0, 47.5)
[05:01:56] [Server thread/INFO]: [voicechat] Received secret request of Fazzer (20)
[05:01:56] [Server thread/INFO]: [voicechat] Sent secret to Fazzer
[05:01:58] [Paper Common Worker #0/WARN]: Empty or non-existent pool: minecraft:south
[05:01:58] [Paper Common Worker #0/WARN]: Empty or non-existent pool: minecraft:south
[05:01:58] [Paper Common Worker #0/WARN]: Empty or non-existent pool: minecraft:south
[05:01:58] [Paper Common Worker #0/WARN]: Empty or non-existent pool: minecraft:south
[05:01:58] [Paper Common Worker #0/WARN]: Empty or non-existent pool: minecraft:south
[05:01:58] [Paper Common Worker #0/WARN]: Empty or non-existent pool: minecraft:south
[05:01:58] [Paper Common Worker #0/WARN]: Empty or non-existent pool: minecraft:south
[05:01:58] [Paper Common Worker #0/WARN]: Empty or non-existent pool: minecraft:south
[05:01:58] [Paper Common Worker #0/WARN]: Empty or non-existent pool: minecraft:south
[05:01:58] [Paper Common Worker #0/WARN]: Empty or non-existent pool: minecraft:south
[05:01:58] [Paper Common Worker #0/WARN]: Empty or non-existent pool: minecraft:south
[05:01:58] [Paper Common Worker #0/WARN]: Empty or non-existent pool: minecraft:south
[05:01:58] [Paper Common Worker #0/WARN]: Empty or non-existent pool: minecraft:south
[05:01:58] [Paper Common Worker #0/WARN]: Empty or non-existent pool: minecraft:south
[05:01:58] [Paper Common Worker #0/WARN]: Empty or non-existent pool: minecraft:south
[05:01:58] [Paper Common Worker #0/WARN]: Empty or non-existent pool: crazy_chambers:spawner/breeze_spawner
[05:01:58] [Paper Common Worker #0/WARN]: Empty or non-existent pool: minecraft:south
[05:01:58] [Paper Common Worker #0/WARN]: Empty or non-existent pool: minecraft:south
[05:01:58] [Paper Common Worker #0/WARN]: Empty or non-existent pool: minecraft:south
[05:01:58] [Paper Common Worker #0/WARN]: Empty or non-existent pool: minecraft:south
[05:01:58] [Paper Common Worker #0/WARN]: Empty or non-existent pool: minecraft:south
[05:01:58] [Paper Common Worker #0/WARN]: Empty or non-existent pool: minecraft:south
[05:01:58] [Paper Common Worker #0/WARN]: Empty or non-existent pool: minecraft:south
[05:01:58] [Paper Common Worker #0/WARN]: Empty or non-existent pool: crazy_chambers:spawner/breeze_spawner
[05:01:58] [Paper Common Worker #0/WARN]: Empty or non-existent pool: minecraft:south
[05:01:58] [Paper Common Worker #0/WARN]: Empty or non-existent pool: minecraft:south
[05:01:58] [Paper Common Worker #0/WARN]: Empty or non-existent pool: minecraft:south
[05:01:58] [Paper Common Worker #0/WARN]: Empty or non-existent pool: minecraft:south
[05:01:58] [Paper Common Worker #0/WARN]: Empty or non-existent pool: minecraft:south
[05:01:58] [Paper Common Worker #0/WARN]: Empty or non-existent pool: minecraft:south
[05:01:58] [Paper Common Worker #0/WARN]: Empty or non-existent pool: minecraft:south
[05:01:58] [Paper Common Worker #0/WARN]: Empty or non-existent pool: minecraft:south
[05:01:58] [Paper Common Worker #0/WARN]: Empty or non-existent pool: minecraft:south
[05:01:58] [Paper Common Worker #0/WARN]: Empty or non-existent pool: minecraft:south
[05:01:58] [Paper Common Worker #0/WARN]: Empty or non-existent pool: minecraft:south
[05:01:58] [Paper Common Worker #0/WARN]: Empty or non-existent pool: minecraft:south
[05:01:58] [Paper Common Worker #0/WARN]: Empty or non-existent pool: minecraft:south
[05:01:58] [Paper Common Worker #0/WARN]: Empty or non-existent pool: minecraft:south
[05:01:58] [Paper Common Worker #0/WARN]: Empty or non-existent pool: minecraft:south
[05:01:58] [Paper Common Worker #0/WARN]: Empty or non-existent pool: minecraft:south
[05:01:58] [Paper Common Worker #0/WARN]: Empty or non-existent pool: minecraft:south
[05:01:58] [Paper Common Worker #0/WARN]: Empty or non-existent pool: minecraft:south
[05:01:58] [Paper Common Worker #0/WARN]: Empty or non-existent pool: minecraft:south
[05:01:58] [Paper Common Worker #0/WARN]: Empty or non-existent pool: minecraft:south
[05:01:58] [Paper Common Worker #0/WARN]: Empty or non-existent pool: minecraft:south
[05:01:58] [Paper Common Worker #0/WARN]: Empty or non-existent pool: minecraft:south
[05:01:58] [Paper Common Worker #0/WARN]: Empty or non-existent pool: minecraft:south
[05:01:58] [Paper Common Worker #0/WARN]: Empty or non-existent pool: minecraft:south
[05:01:58] [Paper Common Worker #0/WARN]: Empty or non-existent pool: minecraft:south
[05:01:58] [Paper Common Worker #0/WARN]: Empty or non-existent pool: minecraft:south
[05:01:58] [Paper Common Worker #0/WARN]: Empty or non-existent pool: minecraft:south
[05:01:58] [Paper Common Worker #0/WARN]: Empty or non-existent pool: minecraft:south
[05:02:15] [Paper Common Worker #3/ERROR]: Block-attached entity at invalid position: BlockPos{x=217, y=48, z=159}
[05:02:16] [lumine-scheduler-3/WARN]: java.lang.NullPointerException: Cannot invoke "net.minecraft.world.entity.ai.goal.WrappedGoal.getGoal()" because "wrappedGoal" is null
[05:02:16] [lumine-scheduler-3/WARN]: 	at ModelEngine-R4.0.9-2210.jar//com.ticxo.modelengine.v1_21_R3.entity.EntityHandlerImpl.replaceNavigation(EntityHandlerImpl.java:277)
[05:02:16] [lumine-scheduler-3/WARN]: 	at ModelEngine-R4.0.9-2210.jar//com.ticxo.modelengine.v1_21_R3.entity.EntityHandlerImpl.lambda$wrapNavigation$0(EntityHandlerImpl.java:268)
[05:02:16] [lumine-scheduler-3/WARN]: 	at ModelEngine-R4.0.9-2210.jar//com.ticxo.modelengine.api.utils.RaceConditionUtil.wrapConmod(RaceConditionUtil.java:43)
[05:02:16] [lumine-scheduler-3/WARN]: 	at ModelEngine-R4.0.9-2210.jar//com.ticxo.modelengine.api.utils.RaceConditionUtil.wrapConmod(RaceConditionUtil.java:29)
[05:02:16] [lumine-scheduler-3/WARN]: 	at ModelEngine-R4.0.9-2210.jar//com.ticxo.modelengine.api.utils.RaceConditionUtil.wrapConmod(RaceConditionUtil.java:18)
[05:02:16] [lumine-scheduler-3/WARN]: 	at ModelEngine-R4.0.9-2210.jar//com.ticxo.modelengine.v1_21_R3.entity.EntityHandlerImpl.wrapNavigation(EntityHandlerImpl.java:268)
[05:02:16] [lumine-scheduler-3/WARN]: 	at ModelEngine-R4.0.9-2210.jar//com.ticxo.modelengine.api.entity.BukkitEntity.<init>(BukkitEntity.java:49)
[05:02:16] [lumine-scheduler-3/WARN]: 	at ModelEngine-R4.0.9-2210.jar//com.ticxo.modelengine.api.ModelEngineAPI.createModeledEntity(ModelEngineAPI.java:149)
[05:02:16] [lumine-scheduler-3/WARN]: 	at ModelEngine-R4.0.9-2210.jar//com.ticxo.modelengine.api.ModelEngineAPI.getOrCreateModeledEntity(ModelEngineAPI.java:174)
[05:02:16] [lumine-scheduler-3/WARN]: 	at ModelEngine-R4.0.9-2210.jar//com.ticxo.modelengine.api.model.operation.ModelOperation.getOrCreateModeledEntity(ModelOperation.java:67)
[05:02:16] [lumine-scheduler-3/WARN]: 	at ModelEngine-R4.0.9-2210.jar//com.ticxo.modelengine.api.model.operation.OperationType.lambda$static$6(OperationType.java:26)
[05:02:16] [lumine-scheduler-3/WARN]: 	at ModelEngine-R4.0.9-2210.jar//com.ticxo.modelengine.api.model.operation.OperationType.process(OperationType.java:106)
[05:02:16] [lumine-scheduler-3/WARN]: 	at ModelEngine-R4.0.9-2210.jar//com.ticxo.modelengine.api.model.operation.ModelOperation$Builder.operate(ModelOperation.java:74)
[05:02:16] [lumine-scheduler-3/WARN]: 	at ModelEngine-R4.0.9-2210.jar//com.ticxo.modelengine.core21.mythic.mechanics.entity.ModelMechanic.addModel(ModelMechanic.java:146)
[05:02:16] [lumine-scheduler-3/WARN]: 	at ModelEngine-R4.0.9-2210.jar//com.ticxo.modelengine.core21.mythic.mechanics.entity.ModelMechanic.castAtEntity(ModelMechanic.java:81)
[05:02:16] [lumine-scheduler-3/WARN]: 	at MythicMobs-5.11.1.jar//io.lumine.mythic.core.skills.SkillMechanic.lambda$executeTargetedEntitySkill$16(SkillMechanic.java:637)
[05:02:16] [lumine-scheduler-3/WARN]: 	at java.base/java.util.ArrayList.forEach(ArrayList.java:1596)
[05:02:16] [lumine-scheduler-3/WARN]: 	at MythicMobs-5.11.1.jar//io.lumine.mythic.core.skills.SkillMechanic.executeTargetedEntitySkill(SkillMechanic.java:633)
[05:02:16] [lumine-scheduler-3/WARN]: 	at MythicMobs-5.11.1.jar//io.lumine.mythic.core.skills.SkillMechanic.lambda$executeSkills$12(SkillMechanic.java:588)
[05:02:16] [lumine-scheduler-3/WARN]: 	at MythicMobs-5.11.1.jar//io.lumine.mythic.core.skills.SkillMechanic.runMechanic(SkillMechanic.java:627)
[05:02:16] [lumine-scheduler-3/WARN]: 	at MythicMobs-5.11.1.jar//io.lumine.mythic.core.skills.SkillMechanic.executeSkills(SkillMechanic.java:588)
[05:02:16] [lumine-scheduler-3/WARN]: 	at MythicMobs-5.11.1.jar//io.lumine.mythic.core.skills.SkillMechanic.execute(SkillMechanic.java:505)
[05:02:16] [lumine-scheduler-3/WARN]: 	at MythicMobs-5.11.1.jar//io.lumine.mythic.core.mobs.MobType.lambda$executeSkills$8(MobType.java:1358)
[05:02:16] [lumine-scheduler-3/WARN]: 	at MythicMobs-5.11.1.jar//io.lumine.mythic.bukkit.utils.Delegates$RunnableToSupplier.get(Delegates.java:121)
[05:02:16] [lumine-scheduler-3/WARN]: 	at MythicMobs-5.11.1.jar//io.lumine.mythic.bukkit.utils.promise.LuminePromise$SupplyRunnable.run(LuminePromise.java:721)
[05:02:16] [lumine-scheduler-3/WARN]: 	at MythicMobs-5.11.1.jar//io.lumine.mythic.bukkit.utils.tasks.LumineExecutors$SchedulerWrappedRunnable.run(LumineExecutors.java:70)
[05:02:16] [lumine-scheduler-3/WARN]: 	at java.base/java.util.concurrent.ThreadPoolExecutor.runWorker(ThreadPoolExecutor.java:1144)
[05:02:16] [lumine-scheduler-3/WARN]: 	at java.base/java.util.concurrent.ThreadPoolExecutor$Worker.run(ThreadPoolExecutor.java:642)
[05:02:16] [lumine-scheduler-3/WARN]: 	at java.base/java.lang.Thread.run(Thread.java:1583)
[05:02:17] [lumine-scheduler-1/WARN]: java.lang.NullPointerException: Cannot invoke "net.minecraft.world.entity.ai.goal.WrappedGoal.getGoal()" because "wrappedGoal" is null
[05:02:17] [lumine-scheduler-1/WARN]: 	at ModelEngine-R4.0.9-2210.jar//com.ticxo.modelengine.v1_21_R3.entity.EntityHandlerImpl.replaceNavigation(EntityHandlerImpl.java:277)
[05:02:17] [lumine-scheduler-1/WARN]: 	at ModelEngine-R4.0.9-2210.jar//com.ticxo.modelengine.v1_21_R3.entity.EntityHandlerImpl.lambda$wrapNavigation$0(EntityHandlerImpl.java:268)
[05:02:17] [lumine-scheduler-1/WARN]: 	at ModelEngine-R4.0.9-2210.jar//com.ticxo.modelengine.api.utils.RaceConditionUtil.wrapConmod(RaceConditionUtil.java:43)
[05:02:17] [lumine-scheduler-1/WARN]: 	at ModelEngine-R4.0.9-2210.jar//com.ticxo.modelengine.api.utils.RaceConditionUtil.wrapConmod(RaceConditionUtil.java:29)
[05:02:17] [lumine-scheduler-1/WARN]: 	at ModelEngine-R4.0.9-2210.jar//com.ticxo.modelengine.api.utils.RaceConditionUtil.wrapConmod(RaceConditionUtil.java:18)
[05:02:17] [lumine-scheduler-1/WARN]: 	at ModelEngine-R4.0.9-2210.jar//com.ticxo.modelengine.v1_21_R3.entity.EntityHandlerImpl.wrapNavigation(EntityHandlerImpl.java:268)
[05:02:17] [lumine-scheduler-1/WARN]: 	at ModelEngine-R4.0.9-2210.jar//com.ticxo.modelengine.api.entity.BukkitEntity.<init>(BukkitEntity.java:49)
[05:02:17] [lumine-scheduler-1/WARN]: 	at ModelEngine-R4.0.9-2210.jar//com.ticxo.modelengine.api.ModelEngineAPI.createModeledEntity(ModelEngineAPI.java:149)
[05:02:17] [lumine-scheduler-1/WARN]: 	at ModelEngine-R4.0.9-2210.jar//com.ticxo.modelengine.api.ModelEngineAPI.getOrCreateModeledEntity(ModelEngineAPI.java:174)
[05:02:17] [lumine-scheduler-1/WARN]: 	at ModelEngine-R4.0.9-2210.jar//com.ticxo.modelengine.api.model.operation.ModelOperation.getOrCreateModeledEntity(ModelOperation.java:67)
[05:02:17] [lumine-scheduler-1/WARN]: 	at ModelEngine-R4.0.9-2210.jar//com.ticxo.modelengine.api.model.operation.OperationType.lambda$static$6(OperationType.java:26)
[05:02:17] [lumine-scheduler-1/WARN]: 	at ModelEngine-R4.0.9-2210.jar//com.ticxo.modelengine.api.model.operation.OperationType.process(OperationType.java:106)
[05:02:17] [lumine-scheduler-1/WARN]: 	at ModelEngine-R4.0.9-2210.jar//com.ticxo.modelengine.api.model.operation.ModelOperation$Builder.operate(ModelOperation.java:74)
[05:02:17] [lumine-scheduler-1/WARN]: 	at ModelEngine-R4.0.9-2210.jar//com.ticxo.modelengine.core21.mythic.mechanics.entity.ModelMechanic.addModel(ModelMechanic.java:146)
[05:02:17] [lumine-scheduler-1/WARN]: 	at ModelEngine-R4.0.9-2210.jar//com.ticxo.modelengine.core21.mythic.mechanics.entity.ModelMechanic.castAtEntity(ModelMechanic.java:81)
[05:02:17] [lumine-scheduler-1/WARN]: 	at MythicMobs-5.11.1.jar//io.lumine.mythic.core.skills.SkillMechanic.lambda$executeTargetedEntitySkill$16(SkillMechanic.java:637)
[05:02:17] [lumine-scheduler-1/WARN]: 	at java.base/java.util.ArrayList.forEach(ArrayList.java:1596)
[05:02:17] [lumine-scheduler-1/WARN]: 	at MythicMobs-5.11.1.jar//io.lumine.mythic.core.skills.SkillMechanic.executeTargetedEntitySkill(SkillMechanic.java:633)
[05:02:17] [lumine-scheduler-1/WARN]: 	at MythicMobs-5.11.1.jar//io.lumine.mythic.core.skills.SkillMechanic.lambda$executeSkills$12(SkillMechanic.java:588)
[05:02:17] [lumine-scheduler-1/WARN]: 	at MythicMobs-5.11.1.jar//io.lumine.mythic.core.skills.SkillMechanic.runMechanic(SkillMechanic.java:627)
[05:02:17] [lumine-scheduler-1/WARN]: 	at MythicMobs-5.11.1.jar//io.lumine.mythic.core.skills.SkillMechanic.executeSkills(SkillMechanic.java:588)
[05:02:17] [lumine-scheduler-1/WARN]: 	at MythicMobs-5.11.1.jar//io.lumine.mythic.core.skills.SkillMechanic.execute(SkillMechanic.java:505)
[05:02:17] [lumine-scheduler-1/WARN]: 	at MythicMobs-5.11.1.jar//io.lumine.mythic.core.mobs.MobType.lambda$executeSkills$8(MobType.java:1358)
[05:02:17] [lumine-scheduler-1/WARN]: 	at MythicMobs-5.11.1.jar//io.lumine.mythic.bukkit.utils.Delegates$RunnableToSupplier.get(Delegates.java:121)
[05:02:17] [lumine-scheduler-1/WARN]: 	at MythicMobs-5.11.1.jar//io.lumine.mythic.bukkit.utils.promise.LuminePromise$SupplyRunnable.run(LuminePromise.java:721)
[05:02:17] [lumine-scheduler-1/WARN]: 	at MythicMobs-5.11.1.jar//io.lumine.mythic.bukkit.utils.tasks.LumineExecutors$SchedulerWrappedRunnable.run(LumineExecutors.java:70)
[05:02:17] [lumine-scheduler-1/WARN]: 	at java.base/java.util.concurrent.ThreadPoolExecutor.runWorker(ThreadPoolExecutor.java:1144)
[05:02:17] [lumine-scheduler-1/WARN]: 	at java.base/java.util.concurrent.ThreadPoolExecutor$Worker.run(ThreadPoolExecutor.java:642)
[05:02:17] [lumine-scheduler-1/WARN]: 	at java.base/java.lang.Thread.run(Thread.java:1583)
[05:02:17] [lumine-scheduler-1/WARN]: java.lang.NullPointerException: Cannot invoke "net.minecraft.world.entity.ai.goal.WrappedGoal.getGoal()" because "wrappedGoal" is null
[05:02:17] [lumine-scheduler-1/WARN]: 	at ModelEngine-R4.0.9-2210.jar//com.ticxo.modelengine.v1_21_R3.entity.EntityHandlerImpl.replaceNavigation(EntityHandlerImpl.java:277)
[05:02:17] [lumine-scheduler-1/WARN]: 	at ModelEngine-R4.0.9-2210.jar//com.ticxo.modelengine.v1_21_R3.entity.EntityHandlerImpl.lambda$wrapNavigation$0(EntityHandlerImpl.java:268)
[05:02:17] [lumine-scheduler-1/WARN]: 	at ModelEngine-R4.0.9-2210.jar//com.ticxo.modelengine.api.utils.RaceConditionUtil.wrapConmod(RaceConditionUtil.java:43)
[05:02:17] [lumine-scheduler-1/WARN]: 	at ModelEngine-R4.0.9-2210.jar//com.ticxo.modelengine.api.utils.RaceConditionUtil.wrapConmod(RaceConditionUtil.java:29)
[05:02:17] [lumine-scheduler-1/WARN]: 	at ModelEngine-R4.0.9-2210.jar//com.ticxo.modelengine.api.utils.RaceConditionUtil.wrapConmod(RaceConditionUtil.java:18)
[05:02:17] [lumine-scheduler-1/WARN]: 	at ModelEngine-R4.0.9-2210.jar//com.ticxo.modelengine.v1_21_R3.entity.EntityHandlerImpl.wrapNavigation(EntityHandlerImpl.java:268)
[05:02:17] [lumine-scheduler-1/WARN]: 	at ModelEngine-R4.0.9-2210.jar//com.ticxo.modelengine.api.entity.BukkitEntity.<init>(BukkitEntity.java:49)
[05:02:17] [lumine-scheduler-1/WARN]: 	at ModelEngine-R4.0.9-2210.jar//com.ticxo.modelengine.api.ModelEngineAPI.createModeledEntity(ModelEngineAPI.java:149)
[05:02:17] [lumine-scheduler-1/WARN]: 	at ModelEngine-R4.0.9-2210.jar//com.ticxo.modelengine.api.ModelEngineAPI.getOrCreateModeledEntity(ModelEngineAPI.java:174)
[05:02:17] [lumine-scheduler-1/WARN]: 	at ModelEngine-R4.0.9-2210.jar//com.ticxo.modelengine.api.model.operation.ModelOperation.getOrCreateModeledEntity(ModelOperation.java:67)
[05:02:17] [lumine-scheduler-1/WARN]: 	at ModelEngine-R4.0.9-2210.jar//com.ticxo.modelengine.api.model.operation.OperationType.lambda$static$6(OperationType.java:26)
[05:02:17] [lumine-scheduler-1/WARN]: 	at ModelEngine-R4.0.9-2210.jar//com.ticxo.modelengine.api.model.operation.OperationType.process(OperationType.java:106)
[05:02:17] [lumine-scheduler-1/WARN]: 	at ModelEngine-R4.0.9-2210.jar//com.ticxo.modelengine.api.model.operation.ModelOperation$Builder.operate(ModelOperation.java:74)
[05:02:17] [lumine-scheduler-1/WARN]: 	at ModelEngine-R4.0.9-2210.jar//com.ticxo.modelengine.core21.mythic.mechanics.entity.ModelMechanic.addModel(ModelMechanic.java:146)
[05:02:17] [lumine-scheduler-1/WARN]: 	at ModelEngine-R4.0.9-2210.jar//com.ticxo.modelengine.core21.mythic.mechanics.entity.ModelMechanic.castAtEntity(ModelMechanic.java:81)
[05:02:17] [lumine-scheduler-1/WARN]: 	at MythicMobs-5.11.1.jar//io.lumine.mythic.core.skills.SkillMechanic.lambda$executeTargetedEntitySkill$16(SkillMechanic.java:637)
[05:02:17] [lumine-scheduler-1/WARN]: 	at java.base/java.util.ArrayList.forEach(ArrayList.java:1596)
[05:02:17] [lumine-scheduler-1/WARN]: 	at MythicMobs-5.11.1.jar//io.lumine.mythic.core.skills.SkillMechanic.executeTargetedEntitySkill(SkillMechanic.java:633)
[05:02:17] [lumine-scheduler-1/WARN]: 	at MythicMobs-5.11.1.jar//io.lumine.mythic.core.skills.SkillMechanic.lambda$executeSkills$12(SkillMechanic.java:588)
[05:02:17] [lumine-scheduler-1/WARN]: 	at MythicMobs-5.11.1.jar//io.lumine.mythic.core.skills.SkillMechanic.runMechanic(SkillMechanic.java:627)
[05:02:17] [lumine-scheduler-1/WARN]: 	at MythicMobs-5.11.1.jar//io.lumine.mythic.core.skills.SkillMechanic.executeSkills(SkillMechanic.java:588)
[05:02:17] [lumine-scheduler-1/WARN]: 	at MythicMobs-5.11.1.jar//io.lumine.mythic.core.skills.SkillMechanic.execute(SkillMechanic.java:505)
[05:02:17] [lumine-scheduler-1/WARN]: 	at MythicMobs-5.11.1.jar//io.lumine.mythic.core.mobs.MobType.lambda$executeSkills$8(MobType.java:1358)
[05:02:17] [lumine-scheduler-1/WARN]: 	at MythicMobs-5.11.1.jar//io.lumine.mythic.bukkit.utils.Delegates$RunnableToSupplier.get(Delegates.java:121)
[05:02:17] [lumine-scheduler-1/WARN]: 	at MythicMobs-5.11.1.jar//io.lumine.mythic.bukkit.utils.promise.LuminePromise$SupplyRunnable.run(LuminePromise.java:721)
[05:02:17] [lumine-scheduler-1/WARN]: 	at MythicMobs-5.11.1.jar//io.lumine.mythic.bukkit.utils.tasks.LumineExecutors$SchedulerWrappedRunnable.run(LumineExecutors.java:70)
[05:02:17] [lumine-scheduler-1/WARN]: 	at java.base/java.util.concurrent.ThreadPoolExecutor.runWorker(ThreadPoolExecutor.java:1144)
[05:02:17] [lumine-scheduler-1/WARN]: 	at java.base/java.util.concurrent.ThreadPoolExecutor$Worker.run(ThreadPoolExecutor.java:642)
[05:02:17] [lumine-scheduler-1/WARN]: 	at java.base/java.lang.Thread.run(Thread.java:1583)
[05:02:18] [lumine-scheduler-1/WARN]: java.lang.NullPointerException: Cannot invoke "net.minecraft.world.entity.ai.goal.WrappedGoal.getGoal()" because "wrappedGoal" is null
[05:02:18] [lumine-scheduler-1/WARN]: 	at ModelEngine-R4.0.9-2210.jar//com.ticxo.modelengine.v1_21_R3.entity.EntityHandlerImpl.replaceNavigation(EntityHandlerImpl.java:277)
[05:02:18] [lumine-scheduler-1/WARN]: 	at ModelEngine-R4.0.9-2210.jar//com.ticxo.modelengine.v1_21_R3.entity.EntityHandlerImpl.lambda$wrapNavigation$0(EntityHandlerImpl.java:268)
[05:02:18] [lumine-scheduler-1/WARN]: 	at ModelEngine-R4.0.9-2210.jar//com.ticxo.modelengine.api.utils.RaceConditionUtil.wrapConmod(RaceConditionUtil.java:43)
[05:02:18] [lumine-scheduler-1/WARN]: 	at ModelEngine-R4.0.9-2210.jar//com.ticxo.modelengine.api.utils.RaceConditionUtil.wrapConmod(RaceConditionUtil.java:29)
[05:02:18] [lumine-scheduler-1/WARN]: 	at ModelEngine-R4.0.9-2210.jar//com.ticxo.modelengine.api.utils.RaceConditionUtil.wrapConmod(RaceConditionUtil.java:18)
[05:02:18] [lumine-scheduler-1/WARN]: 	at ModelEngine-R4.0.9-2210.jar//com.ticxo.modelengine.v1_21_R3.entity.EntityHandlerImpl.wrapNavigation(EntityHandlerImpl.java:268)
[05:02:18] [lumine-scheduler-1/WARN]: 	at ModelEngine-R4.0.9-2210.jar//com.ticxo.modelengine.api.entity.BukkitEntity.<init>(BukkitEntity.java:49)
[05:02:18] [lumine-scheduler-1/WARN]: 	at ModelEngine-R4.0.9-2210.jar//com.ticxo.modelengine.api.ModelEngineAPI.createModeledEntity(ModelEngineAPI.java:149)
[05:02:18] [lumine-scheduler-1/WARN]: 	at ModelEngine-R4.0.9-2210.jar//com.ticxo.modelengine.api.ModelEngineAPI.getOrCreateModeledEntity(ModelEngineAPI.java:174)
[05:02:18] [lumine-scheduler-1/WARN]: 	at ModelEngine-R4.0.9-2210.jar//com.ticxo.modelengine.api.model.operation.ModelOperation.getOrCreateModeledEntity(ModelOperation.java:67)
[05:02:18] [lumine-scheduler-1/WARN]: 	at ModelEngine-R4.0.9-2210.jar//com.ticxo.modelengine.api.model.operation.OperationType.lambda$static$6(OperationType.java:26)
[05:02:18] [lumine-scheduler-1/WARN]: 	at ModelEngine-R4.0.9-2210.jar//com.ticxo.modelengine.api.model.operation.OperationType.process(OperationType.java:106)
[05:02:18] [lumine-scheduler-1/WARN]: 	at ModelEngine-R4.0.9-2210.jar//com.ticxo.modelengine.api.model.operation.ModelOperation$Builder.operate(ModelOperation.java:74)
[05:02:18] [lumine-scheduler-1/WARN]: 	at ModelEngine-R4.0.9-2210.jar//com.ticxo.modelengine.core21.mythic.mechanics.entity.ModelMechanic.addModel(ModelMechanic.java:146)
[05:02:18] [lumine-scheduler-1/WARN]: 	at ModelEngine-R4.0.9-2210.jar//com.ticxo.modelengine.core21.mythic.mechanics.entity.ModelMechanic.castAtEntity(ModelMechanic.java:81)
[05:02:18] [lumine-scheduler-1/WARN]: 	at MythicMobs-5.11.1.jar//io.lumine.mythic.core.skills.SkillMechanic.lambda$executeTargetedEntitySkill$16(SkillMechanic.java:637)
[05:02:18] [lumine-scheduler-1/WARN]: 	at java.base/java.util.ArrayList.forEach(ArrayList.java:1596)
[05:02:18] [lumine-scheduler-1/WARN]: 	at MythicMobs-5.11.1.jar//io.lumine.mythic.core.skills.SkillMechanic.executeTargetedEntitySkill(SkillMechanic.java:633)
[05:02:18] [lumine-scheduler-1/WARN]: 	at MythicMobs-5.11.1.jar//io.lumine.mythic.core.skills.SkillMechanic.lambda$executeSkills$12(SkillMechanic.java:588)
[05:02:18] [lumine-scheduler-1/WARN]: 	at MythicMobs-5.11.1.jar//io.lumine.mythic.core.skills.SkillMechanic.runMechanic(SkillMechanic.java:627)
[05:02:18] [lumine-scheduler-1/WARN]: 	at MythicMobs-5.11.1.jar//io.lumine.mythic.core.skills.SkillMechanic.executeSkills(SkillMechanic.java:588)
[05:02:18] [lumine-scheduler-1/WARN]: 	at MythicMobs-5.11.1.jar//io.lumine.mythic.core.skills.SkillMechanic.execute(SkillMechanic.java:505)
[05:02:18] [lumine-scheduler-1/WARN]: 	at MythicMobs-5.11.1.jar//io.lumine.mythic.core.mobs.MobType.lambda$executeSkills$8(MobType.java:1358)
[05:02:18] [lumine-scheduler-1/WARN]: 	at MythicMobs-5.11.1.jar//io.lumine.mythic.bukkit.utils.Delegates$RunnableToSupplier.get(Delegates.java:121)
[05:02:18] [lumine-scheduler-1/WARN]: 	at MythicMobs-5.11.1.jar//io.lumine.mythic.bukkit.utils.promise.LuminePromise$SupplyRunnable.run(LuminePromise.java:721)
[05:02:18] [lumine-scheduler-1/WARN]: 	at MythicMobs-5.11.1.jar//io.lumine.mythic.bukkit.utils.tasks.LumineExecutors$SchedulerWrappedRunnable.run(LumineExecutors.java:70)
[05:02:18] [lumine-scheduler-1/WARN]: 	at java.base/java.util.concurrent.ThreadPoolExecutor.runWorker(ThreadPoolExecutor.java:1144)
[05:02:18] [lumine-scheduler-1/WARN]: 	at java.base/java.util.concurrent.ThreadPoolExecutor$Worker.run(ThreadPoolExecutor.java:642)
[05:02:18] [lumine-scheduler-1/WARN]: 	at java.base/java.lang.Thread.run(Thread.java:1583)
[05:02:18] [lumine-scheduler-4/WARN]: java.lang.NullPointerException: Cannot invoke "net.minecraft.world.entity.ai.goal.WrappedGoal.getGoal()" because "wrappedGoal" is null
[05:02:18] [lumine-scheduler-4/WARN]: 	at ModelEngine-R4.0.9-2210.jar//com.ticxo.modelengine.v1_21_R3.entity.EntityHandlerImpl.replaceNavigation(EntityHandlerImpl.java:277)
[05:02:18] [lumine-scheduler-4/WARN]: 	at ModelEngine-R4.0.9-2210.jar//com.ticxo.modelengine.v1_21_R3.entity.EntityHandlerImpl.lambda$wrapNavigation$0(EntityHandlerImpl.java:268)
[05:02:18] [lumine-scheduler-4/WARN]: 	at ModelEngine-R4.0.9-2210.jar//com.ticxo.modelengine.api.utils.RaceConditionUtil.wrapConmod(RaceConditionUtil.java:43)
[05:02:18] [lumine-scheduler-4/WARN]: 	at ModelEngine-R4.0.9-2210.jar//com.ticxo.modelengine.api.utils.RaceConditionUtil.wrapConmod(RaceConditionUtil.java:29)
[05:02:18] [lumine-scheduler-4/WARN]: 	at ModelEngine-R4.0.9-2210.jar//com.ticxo.modelengine.api.utils.RaceConditionUtil.wrapConmod(RaceConditionUtil.java:18)
[05:02:18] [lumine-scheduler-4/WARN]: 	at ModelEngine-R4.0.9-2210.jar//com.ticxo.modelengine.v1_21_R3.entity.EntityHandlerImpl.wrapNavigation(EntityHandlerImpl.java:268)
[05:02:18] [lumine-scheduler-4/WARN]: 	at ModelEngine-R4.0.9-2210.jar//com.ticxo.modelengine.api.entity.BukkitEntity.<init>(BukkitEntity.java:49)
[05:02:18] [lumine-scheduler-4/WARN]: 	at ModelEngine-R4.0.9-2210.jar//com.ticxo.modelengine.api.ModelEngineAPI.createModeledEntity(ModelEngineAPI.java:149)
[05:02:18] [lumine-scheduler-4/WARN]: 	at ModelEngine-R4.0.9-2210.jar//com.ticxo.modelengine.api.ModelEngineAPI.getOrCreateModeledEntity(ModelEngineAPI.java:174)
[05:02:18] [lumine-scheduler-4/WARN]: 	at ModelEngine-R4.0.9-2210.jar//com.ticxo.modelengine.api.model.operation.ModelOperation.getOrCreateModeledEntity(ModelOperation.java:67)
[05:02:18] [lumine-scheduler-4/WARN]: 	at ModelEngine-R4.0.9-2210.jar//com.ticxo.modelengine.api.model.operation.OperationType.lambda$static$6(OperationType.java:26)
[05:02:18] [lumine-scheduler-4/WARN]: 	at ModelEngine-R4.0.9-2210.jar//com.ticxo.modelengine.api.model.operation.OperationType.process(OperationType.java:106)
[05:02:18] [lumine-scheduler-4/WARN]: 	at ModelEngine-R4.0.9-2210.jar//com.ticxo.modelengine.api.model.operation.ModelOperation$Builder.operate(ModelOperation.java:74)
[05:02:18] [lumine-scheduler-4/WARN]: 	at ModelEngine-R4.0.9-2210.jar//com.ticxo.modelengine.core21.mythic.mechanics.entity.ModelMechanic.addModel(ModelMechanic.java:146)
[05:02:18] [lumine-scheduler-4/WARN]: 	at ModelEngine-R4.0.9-2210.jar//com.ticxo.modelengine.core21.mythic.mechanics.entity.ModelMechanic.castAtEntity(ModelMechanic.java:81)
[05:02:18] [lumine-scheduler-4/WARN]: 	at MythicMobs-5.11.1.jar//io.lumine.mythic.core.skills.SkillMechanic.lambda$executeTargetedEntitySkill$16(SkillMechanic.java:637)
[05:02:18] [lumine-scheduler-4/WARN]: 	at java.base/java.util.ArrayList.forEach(ArrayList.java:1596)
[05:02:18] [lumine-scheduler-4/WARN]: 	at MythicMobs-5.11.1.jar//io.lumine.mythic.core.skills.SkillMechanic.executeTargetedEntitySkill(SkillMechanic.java:633)
[05:02:18] [lumine-scheduler-4/WARN]: 	at MythicMobs-5.11.1.jar//io.lumine.mythic.core.skills.SkillMechanic.lambda$executeSkills$12(SkillMechanic.java:588)
[05:02:18] [lumine-scheduler-4/WARN]: 	at MythicMobs-5.11.1.jar//io.lumine.mythic.core.skills.SkillMechanic.runMechanic(SkillMechanic.java:627)
[05:02:18] [lumine-scheduler-4/WARN]: 	at MythicMobs-5.11.1.jar//io.lumine.mythic.core.skills.SkillMechanic.executeSkills(SkillMechanic.java:588)
[05:02:18] [lumine-scheduler-4/WARN]: 	at MythicMobs-5.11.1.jar//io.lumine.mythic.core.skills.SkillMechanic.execute(SkillMechanic.java:505)
[05:02:18] [lumine-scheduler-4/WARN]: 	at MythicMobs-5.11.1.jar//io.lumine.mythic.core.mobs.MobType.lambda$executeSkills$8(MobType.java:1358)
[05:02:18] [lumine-scheduler-4/WARN]: 	at MythicMobs-5.11.1.jar//io.lumine.mythic.bukkit.utils.Delegates$RunnableToSupplier.get(Delegates.java:121)
[05:02:18] [lumine-scheduler-4/WARN]: 	at MythicMobs-5.11.1.jar//io.lumine.mythic.bukkit.utils.promise.LuminePromise$SupplyRunnable.run(LuminePromise.java:721)
[05:02:18] [lumine-scheduler-4/WARN]: 	at MythicMobs-5.11.1.jar//io.lumine.mythic.bukkit.utils.tasks.LumineExecutors$SchedulerWrappedRunnable.run(LumineExecutors.java:70)
[05:02:18] [lumine-scheduler-4/WARN]: 	at java.base/java.util.concurrent.ThreadPoolExecutor.runWorker(ThreadPoolExecutor.java:1144)
[05:02:18] [lumine-scheduler-4/WARN]: 	at java.base/java.util.concurrent.ThreadPoolExecutor$Worker.run(ThreadPoolExecutor.java:642)
[05:02:18] [lumine-scheduler-4/WARN]: 	at java.base/java.lang.Thread.run(Thread.java:1583)
[05:02:18] [lumine-scheduler-4/WARN]: java.lang.NullPointerException: Cannot invoke "net.minecraft.world.entity.ai.goal.WrappedGoal.getGoal()" because "wrappedGoal" is null
[05:02:18] [lumine-scheduler-4/WARN]: 	at ModelEngine-R4.0.9-2210.jar//com.ticxo.modelengine.v1_21_R3.entity.EntityHandlerImpl.replaceNavigation(EntityHandlerImpl.java:277)
[05:02:18] [lumine-scheduler-4/WARN]: 	at ModelEngine-R4.0.9-2210.jar//com.ticxo.modelengine.v1_21_R3.entity.EntityHandlerImpl.lambda$wrapNavigation$0(EntityHandlerImpl.java:268)
[05:02:18] [lumine-scheduler-4/WARN]: 	at ModelEngine-R4.0.9-2210.jar//com.ticxo.modelengine.api.utils.RaceConditionUtil.wrapConmod(RaceConditionUtil.java:43)
[05:02:18] [lumine-scheduler-4/WARN]: 	at ModelEngine-R4.0.9-2210.jar//com.ticxo.modelengine.api.utils.RaceConditionUtil.wrapConmod(RaceConditionUtil.java:29)
[05:02:18] [lumine-scheduler-4/WARN]: 	at ModelEngine-R4.0.9-2210.jar//com.ticxo.modelengine.api.utils.RaceConditionUtil.wrapConmod(RaceConditionUtil.java:18)
[05:02:18] [lumine-scheduler-4/WARN]: 	at ModelEngine-R4.0.9-2210.jar//com.ticxo.modelengine.v1_21_R3.entity.EntityHandlerImpl.wrapNavigation(EntityHandlerImpl.java:268)
[05:02:18] [lumine-scheduler-4/WARN]: 	at ModelEngine-R4.0.9-2210.jar//com.ticxo.modelengine.api.entity.BukkitEntity.<init>(BukkitEntity.java:49)
[05:02:18] [lumine-scheduler-4/WARN]: 	at ModelEngine-R4.0.9-2210.jar//com.ticxo.modelengine.api.ModelEngineAPI.createModeledEntity(ModelEngineAPI.java:149)
[05:02:18] [lumine-scheduler-4/WARN]: 	at ModelEngine-R4.0.9-2210.jar//com.ticxo.modelengine.api.ModelEngineAPI.getOrCreateModeledEntity(ModelEngineAPI.java:174)
[05:02:18] [lumine-scheduler-4/WARN]: 	at ModelEngine-R4.0.9-2210.jar//com.ticxo.modelengine.api.model.operation.ModelOperation.getOrCreateModeledEntity(ModelOperation.java:67)
[05:02:18] [lumine-scheduler-4/WARN]: 	at ModelEngine-R4.0.9-2210.jar//com.ticxo.modelengine.api.model.operation.OperationType.lambda$static$6(OperationType.java:26)
[05:02:18] [lumine-scheduler-4/WARN]: 	at ModelEngine-R4.0.9-2210.jar//com.ticxo.modelengine.api.model.operation.OperationType.process(OperationType.java:106)
[05:02:18] [lumine-scheduler-4/WARN]: 	at ModelEngine-R4.0.9-2210.jar//com.ticxo.modelengine.api.model.operation.ModelOperation$Builder.operate(ModelOperation.java:74)
[05:02:18] [lumine-scheduler-4/WARN]: 	at ModelEngine-R4.0.9-2210.jar//com.ticxo.modelengine.core21.mythic.mechanics.entity.ModelMechanic.addModel(ModelMechanic.java:146)
[05:02:18] [lumine-scheduler-4/WARN]: 	at ModelEngine-R4.0.9-2210.jar//com.ticxo.modelengine.core21.mythic.mechanics.entity.ModelMechanic.castAtEntity(ModelMechanic.java:81)
[05:02:18] [lumine-scheduler-4/WARN]: 	at MythicMobs-5.11.1.jar//io.lumine.mythic.core.skills.SkillMechanic.lambda$executeTargetedEntitySkill$16(SkillMechanic.java:637)
[05:02:18] [lumine-scheduler-4/WARN]: 	at java.base/java.util.ArrayList.forEach(ArrayList.java:1596)
[05:02:18] [lumine-scheduler-4/WARN]: 	at MythicMobs-5.11.1.jar//io.lumine.mythic.core.skills.SkillMechanic.executeTargetedEntitySkill(SkillMechanic.java:633)
[05:02:18] [lumine-scheduler-4/WARN]: 	at MythicMobs-5.11.1.jar//io.lumine.mythic.core.skills.SkillMechanic.lambda$executeSkills$12(SkillMechanic.java:588)
[05:02:18] [lumine-scheduler-4/WARN]: 	at MythicMobs-5.11.1.jar//io.lumine.mythic.core.skills.SkillMechanic.runMechanic(SkillMechanic.java:627)
[05:02:18] [lumine-scheduler-4/WARN]: 	at MythicMobs-5.11.1.jar//io.lumine.mythic.core.skills.SkillMechanic.executeSkills(SkillMechanic.java:588)
[05:02:18] [lumine-scheduler-4/WARN]: 	at MythicMobs-5.11.1.jar//io.lumine.mythic.core.skills.SkillMechanic.execute(SkillMechanic.java:505)
[05:02:18] [lumine-scheduler-4/WARN]: 	at MythicMobs-5.11.1.jar//io.lumine.mythic.core.mobs.MobType.lambda$executeSkills$8(MobType.java:1358)
[05:02:18] [lumine-scheduler-4/WARN]: 	at MythicMobs-5.11.1.jar//io.lumine.mythic.bukkit.utils.Delegates$RunnableToSupplier.get(Delegates.java:121)
[05:02:18] [lumine-scheduler-4/WARN]: 	at MythicMobs-5.11.1.jar//io.lumine.mythic.bukkit.utils.promise.LuminePromise$SupplyRunnable.run(LuminePromise.java:721)
[05:02:18] [lumine-scheduler-4/WARN]: 	at MythicMobs-5.11.1.jar//io.lumine.mythic.bukkit.utils.tasks.LumineExecutors$SchedulerWrappedRunnable.run(LumineExecutors.java:70)
[05:02:18] [lumine-scheduler-4/WARN]: 	at java.base/java.util.concurrent.ThreadPoolExecutor.runWorker(ThreadPoolExecutor.java:1144)
[05:02:18] [lumine-scheduler-4/WARN]: 	at java.base/java.util.concurrent.ThreadPoolExecutor$Worker.run(ThreadPoolExecutor.java:642)
[05:02:18] [lumine-scheduler-4/WARN]: 	at java.base/java.lang.Thread.run(Thread.java:1583)
[05:02:20] [lumine-scheduler-3/WARN]: java.lang.NullPointerException: Cannot invoke "net.minecraft.world.entity.ai.goal.WrappedGoal.getGoal()" because "wrappedGoal" is null
[05:02:20] [lumine-scheduler-3/WARN]: 	at ModelEngine-R4.0.9-2210.jar//com.ticxo.modelengine.v1_21_R3.entity.EntityHandlerImpl.replaceNavigation(EntityHandlerImpl.java:277)
[05:02:20] [lumine-scheduler-3/WARN]: 	at ModelEngine-R4.0.9-2210.jar//com.ticxo.modelengine.v1_21_R3.entity.EntityHandlerImpl.lambda$wrapNavigation$0(EntityHandlerImpl.java:268)
[05:02:20] [lumine-scheduler-3/WARN]: 	at ModelEngine-R4.0.9-2210.jar//com.ticxo.modelengine.api.utils.RaceConditionUtil.wrapConmod(RaceConditionUtil.java:43)
[05:02:20] [lumine-scheduler-3/WARN]: 	at ModelEngine-R4.0.9-2210.jar//com.ticxo.modelengine.api.utils.RaceConditionUtil.wrapConmod(RaceConditionUtil.java:29)
[05:02:20] [lumine-scheduler-3/WARN]: 	at ModelEngine-R4.0.9-2210.jar//com.ticxo.modelengine.api.utils.RaceConditionUtil.wrapConmod(RaceConditionUtil.java:18)
[05:02:20] [lumine-scheduler-3/WARN]: 	at ModelEngine-R4.0.9-2210.jar//com.ticxo.modelengine.v1_21_R3.entity.EntityHandlerImpl.wrapNavigation(EntityHandlerImpl.java:268)
[05:02:20] [lumine-scheduler-3/WARN]: 	at ModelEngine-R4.0.9-2210.jar//com.ticxo.modelengine.api.entity.BukkitEntity.<init>(BukkitEntity.java:49)
[05:02:20] [lumine-scheduler-3/WARN]: 	at ModelEngine-R4.0.9-2210.jar//com.ticxo.modelengine.api.ModelEngineAPI.createModeledEntity(ModelEngineAPI.java:149)
[05:02:20] [lumine-scheduler-3/WARN]: 	at ModelEngine-R4.0.9-2210.jar//com.ticxo.modelengine.api.ModelEngineAPI.getOrCreateModeledEntity(ModelEngineAPI.java:174)
[05:02:20] [lumine-scheduler-3/WARN]: 	at ModelEngine-R4.0.9-2210.jar//com.ticxo.modelengine.api.model.operation.ModelOperation.getOrCreateModeledEntity(ModelOperation.java:67)
[05:02:20] [lumine-scheduler-3/WARN]: 	at ModelEngine-R4.0.9-2210.jar//com.ticxo.modelengine.api.model.operation.OperationType.lambda$static$6(OperationType.java:26)
[05:02:20] [lumine-scheduler-3/WARN]: 	at ModelEngine-R4.0.9-2210.jar//com.ticxo.modelengine.api.model.operation.OperationType.process(OperationType.java:106)
[05:02:20] [lumine-scheduler-3/WARN]: 	at ModelEngine-R4.0.9-2210.jar//com.ticxo.modelengine.api.model.operation.ModelOperation$Builder.operate(ModelOperation.java:74)
[05:02:20] [lumine-scheduler-3/WARN]: 	at ModelEngine-R4.0.9-2210.jar//com.ticxo.modelengine.core21.mythic.mechanics.entity.ModelMechanic.addModel(ModelMechanic.java:146)
[05:02:20] [lumine-scheduler-3/WARN]: 	at ModelEngine-R4.0.9-2210.jar//com.ticxo.modelengine.core21.mythic.mechanics.entity.ModelMechanic.castAtEntity(ModelMechanic.java:81)
[05:02:20] [lumine-scheduler-3/WARN]: 	at MythicMobs-5.11.1.jar//io.lumine.mythic.core.skills.SkillMechanic.lambda$executeTargetedEntitySkill$16(SkillMechanic.java:637)
[05:02:20] [lumine-scheduler-3/WARN]: 	at java.base/java.util.ArrayList.forEach(ArrayList.java:1596)
[05:02:20] [lumine-scheduler-3/WARN]: 	at MythicMobs-5.11.1.jar//io.lumine.mythic.core.skills.SkillMechanic.executeTargetedEntitySkill(SkillMechanic.java:633)
[05:02:20] [lumine-scheduler-3/WARN]: 	at MythicMobs-5.11.1.jar//io.lumine.mythic.core.skills.SkillMechanic.lambda$executeSkills$12(SkillMechanic.java:588)
[05:02:20] [lumine-scheduler-3/WARN]: 	at MythicMobs-5.11.1.jar//io.lumine.mythic.core.skills.SkillMechanic.runMechanic(SkillMechanic.java:627)
[05:02:20] [lumine-scheduler-3/WARN]: 	at MythicMobs-5.11.1.jar//io.lumine.mythic.core.skills.SkillMechanic.executeSkills(SkillMechanic.java:588)
[05:02:20] [lumine-scheduler-3/WARN]: 	at MythicMobs-5.11.1.jar//io.lumine.mythic.core.skills.SkillMechanic.execute(SkillMechanic.java:505)
[05:02:20] [lumine-scheduler-3/WARN]: 	at MythicMobs-5.11.1.jar//io.lumine.mythic.core.mobs.MobType.lambda$executeSkills$8(MobType.java:1358)
[05:02:20] [lumine-scheduler-3/WARN]: 	at MythicMobs-5.11.1.jar//io.lumine.mythic.bukkit.utils.Delegates$RunnableToSupplier.get(Delegates.java:121)
[05:02:20] [lumine-scheduler-3/WARN]: 	at MythicMobs-5.11.1.jar//io.lumine.mythic.bukkit.utils.promise.LuminePromise$SupplyRunnable.run(LuminePromise.java:721)
[05:02:20] [lumine-scheduler-3/WARN]: 	at MythicMobs-5.11.1.jar//io.lumine.mythic.bukkit.utils.tasks.LumineExecutors$SchedulerWrappedRunnable.run(LumineExecutors.java:70)
[05:02:20] [lumine-scheduler-3/WARN]: 	at java.base/java.util.concurrent.ThreadPoolExecutor.runWorker(ThreadPoolExecutor.java:1144)
[05:02:20] [lumine-scheduler-3/WARN]: 	at java.base/java.util.concurrent.ThreadPoolExecutor$Worker.run(ThreadPoolExecutor.java:642)
[05:02:20] [lumine-scheduler-3/WARN]: 	at java.base/java.lang.Thread.run(Thread.java:1583)
[05:02:21] [lumine-scheduler-3/WARN]: java.lang.NullPointerException: Cannot invoke "net.minecraft.world.entity.ai.goal.WrappedGoal.getGoal()" because "wrappedGoal" is null
[05:02:21] [lumine-scheduler-3/WARN]: 	at ModelEngine-R4.0.9-2210.jar//com.ticxo.modelengine.v1_21_R3.entity.EntityHandlerImpl.replaceNavigation(EntityHandlerImpl.java:277)
[05:02:21] [lumine-scheduler-3/WARN]: 	at ModelEngine-R4.0.9-2210.jar//com.ticxo.modelengine.v1_21_R3.entity.EntityHandlerImpl.lambda$wrapNavigation$0(EntityHandlerImpl.java:268)
[05:02:21] [lumine-scheduler-3/WARN]: 	at ModelEngine-R4.0.9-2210.jar//com.ticxo.modelengine.api.utils.RaceConditionUtil.wrapConmod(RaceConditionUtil.java:43)
[05:02:21] [lumine-scheduler-3/WARN]: 	at ModelEngine-R4.0.9-2210.jar//com.ticxo.modelengine.api.utils.RaceConditionUtil.wrapConmod(RaceConditionUtil.java:29)
[05:02:21] [lumine-scheduler-3/WARN]: 	at ModelEngine-R4.0.9-2210.jar//com.ticxo.modelengine.api.utils.RaceConditionUtil.wrapConmod(RaceConditionUtil.java:18)
[05:02:21] [lumine-scheduler-3/WARN]: 	at ModelEngine-R4.0.9-2210.jar//com.ticxo.modelengine.v1_21_R3.entity.EntityHandlerImpl.wrapNavigation(EntityHandlerImpl.java:268)
[05:02:21] [lumine-scheduler-3/WARN]: 	at ModelEngine-R4.0.9-2210.jar//com.ticxo.modelengine.api.entity.BukkitEntity.<init>(BukkitEntity.java:49)
[05:02:21] [lumine-scheduler-3/WARN]: 	at ModelEngine-R4.0.9-2210.jar//com.ticxo.modelengine.api.ModelEngineAPI.createModeledEntity(ModelEngineAPI.java:149)
[05:02:21] [lumine-scheduler-3/WARN]: 	at ModelEngine-R4.0.9-2210.jar//com.ticxo.modelengine.api.ModelEngineAPI.getOrCreateModeledEntity(ModelEngineAPI.java:174)
[05:02:21] [lumine-scheduler-3/WARN]: 	at ModelEngine-R4.0.9-2210.jar//com.ticxo.modelengine.api.model.operation.ModelOperation.getOrCreateModeledEntity(ModelOperation.java:67)
[05:02:21] [lumine-scheduler-3/WARN]: 	at ModelEngine-R4.0.9-2210.jar//com.ticxo.modelengine.api.model.operation.OperationType.lambda$static$6(OperationType.java:26)
[05:02:21] [lumine-scheduler-3/WARN]: 	at ModelEngine-R4.0.9-2210.jar//com.ticxo.modelengine.api.model.operation.OperationType.process(OperationType.java:106)
[05:02:21] [lumine-scheduler-3/WARN]: 	at ModelEngine-R4.0.9-2210.jar//com.ticxo.modelengine.api.model.operation.ModelOperation$Builder.operate(ModelOperation.java:74)
[05:02:21] [lumine-scheduler-3/WARN]: 	at ModelEngine-R4.0.9-2210.jar//com.ticxo.modelengine.core21.mythic.mechanics.entity.ModelMechanic.addModel(ModelMechanic.java:146)
[05:02:21] [lumine-scheduler-3/WARN]: 	at ModelEngine-R4.0.9-2210.jar//com.ticxo.modelengine.core21.mythic.mechanics.entity.ModelMechanic.castAtEntity(ModelMechanic.java:81)
[05:02:21] [lumine-scheduler-3/WARN]: 	at MythicMobs-5.11.1.jar//io.lumine.mythic.core.skills.SkillMechanic.lambda$executeTargetedEntitySkill$16(SkillMechanic.java:637)
[05:02:21] [lumine-scheduler-3/WARN]: 	at java.base/java.util.ArrayList.forEach(ArrayList.java:1596)
[05:02:21] [lumine-scheduler-3/WARN]: 	at MythicMobs-5.11.1.jar//io.lumine.mythic.core.skills.SkillMechanic.executeTargetedEntitySkill(SkillMechanic.java:633)
[05:02:21] [lumine-scheduler-3/WARN]: 	at MythicMobs-5.11.1.jar//io.lumine.mythic.core.skills.SkillMechanic.lambda$executeSkills$12(SkillMechanic.java:588)
[05:02:21] [lumine-scheduler-3/WARN]: 	at MythicMobs-5.11.1.jar//io.lumine.mythic.core.skills.SkillMechanic.runMechanic(SkillMechanic.java:627)
[05:02:21] [lumine-scheduler-3/WARN]: 	at MythicMobs-5.11.1.jar//io.lumine.mythic.core.skills.SkillMechanic.executeSkills(SkillMechanic.java:588)
[05:02:21] [lumine-scheduler-3/WARN]: 	at MythicMobs-5.11.1.jar//io.lumine.mythic.core.skills.SkillMechanic.execute(SkillMechanic.java:505)
[05:02:21] [lumine-scheduler-3/WARN]: 	at MythicMobs-5.11.1.jar//io.lumine.mythic.core.mobs.MobType.lambda$executeSkills$8(MobType.java:1358)
[05:02:21] [lumine-scheduler-3/WARN]: 	at MythicMobs-5.11.1.jar//io.lumine.mythic.bukkit.utils.Delegates$RunnableToSupplier.get(Delegates.java:121)
[05:02:21] [lumine-scheduler-3/WARN]: 	at MythicMobs-5.11.1.jar//io.lumine.mythic.bukkit.utils.promise.LuminePromise$SupplyRunnable.run(LuminePromise.java:721)
[05:02:21] [lumine-scheduler-3/WARN]: 	at MythicMobs-5.11.1.jar//io.lumine.mythic.bukkit.utils.tasks.LumineExecutors$SchedulerWrappedRunnable.run(LumineExecutors.java:70)
[05:02:21] [lumine-scheduler-3/WARN]: 	at java.base/java.util.concurrent.ThreadPoolExecutor.runWorker(ThreadPoolExecutor.java:1144)
[05:02:21] [lumine-scheduler-3/WARN]: 	at java.base/java.util.concurrent.ThreadPoolExecutor$Worker.run(ThreadPoolExecutor.java:642)
[05:02:21] [lumine-scheduler-3/WARN]: 	at java.base/java.lang.Thread.run(Thread.java:1583)
[05:02:24] [Paper Common Worker #1/WARN]: Empty or non-existent pool: minecraft:south
[05:02:24] [Paper Common Worker #1/WARN]: Empty or non-existent pool: minecraft:south
[05:02:24] [Paper Common Worker #1/WARN]: Empty or non-existent pool: minecraft:south
[05:02:24] [Paper Common Worker #1/WARN]: Empty or non-existent pool: minecraft:south
[05:02:24] [Paper Common Worker #1/WARN]: Empty or non-existent pool: crazy_chambers:melee_spawner
[05:02:24] [Paper Common Worker #1/WARN]: Empty or non-existent pool: minecraft:south
[05:02:24] [Paper Common Worker #1/WARN]: Empty or non-existent pool: minecraft:south
[05:02:24] [Paper Common Worker #1/WARN]: Empty or non-existent pool: minecraft:south
[05:02:24] [Paper Common Worker #1/WARN]: Empty or non-existent pool: minecraft:south
[05:02:24] [Paper Common Worker #1/WARN]: Empty or non-existent pool: minecraft:south
[05:02:24] [Paper Common Worker #1/WARN]: Empty or non-existent pool: minecraft:south
[05:02:24] [Paper Common Worker #1/WARN]: Empty or non-existent pool: minecraft:south
[05:02:24] [Paper Common Worker #1/WARN]: Empty or non-existent pool: minecraft:south
[05:02:24] [Paper Common Worker #1/WARN]: Empty or non-existent pool: minecraft:south
[05:02:24] [Paper Common Worker #1/WARN]: Empty or non-existent pool: minecraft:south
[05:02:24] [Paper Common Worker #1/WARN]: Empty or non-existent pool: minecraft:south
[05:02:24] [Paper Common Worker #1/WARN]: Empty or non-existent pool: minecraft:south
[05:02:24] [Paper Common Worker #1/WARN]: Empty or non-existent pool: minecraft:south
[05:02:24] [Paper Common Worker #1/WARN]: Empty or non-existent pool: minecraft:south
[05:02:24] [Paper Common Worker #1/WARN]: Empty or non-existent pool: minecraft:south
[05:02:24] [Paper Common Worker #1/WARN]: Empty or non-existent pool: minecraft:south
[05:02:24] [Paper Common Worker #1/WARN]: Empty or non-existent pool: minecraft:south
[05:02:24] [Paper Common Worker #1/WARN]: Empty or non-existent pool: minecraft:south
[05:02:24] [Paper Common Worker #1/WARN]: Empty or non-existent pool: minecraft:south
[05:02:24] [Paper Common Worker #1/WARN]: Empty or non-existent pool: minecraft:south
[05:02:24] [Paper Common Worker #1/WARN]: Empty or non-existent pool: minecraft:south
[05:02:24] [Paper Common Worker #1/WARN]: Empty or non-existent pool: minecraft:south
[05:02:24] [Paper Common Worker #1/WARN]: Empty or non-existent pool: minecraft:south
[05:02:24] [Paper Common Worker #1/WARN]: Empty or non-existent pool: minecraft:south
[05:02:24] [Paper Common Worker #1/WARN]: Empty or non-existent pool: minecraft:south
[05:02:24] [Paper Common Worker #1/WARN]: Empty or non-existent pool: minecraft:south
[05:02:24] [Paper Common Worker #1/WARN]: Empty or non-existent pool: minecraft:south
[05:02:24] [Paper Common Worker #1/WARN]: Empty or non-existent pool: minecraft:south
[05:02:24] [Paper Common Worker #1/WARN]: Empty or non-existent pool: minecraft:south
[05:02:24] [Paper Common Worker #1/WARN]: Empty or non-existent pool: minecraft:south
[05:02:24] [Paper Common Worker #1/WARN]: Empty or non-existent pool: minecraft:south
[05:02:24] [Paper Common Worker #1/WARN]: Empty or non-existent pool: minecraft:south
[05:02:24] [Paper Common Worker #1/WARN]: Empty or non-existent pool: minecraft:south
[05:02:24] [Paper Common Worker #1/WARN]: Empty or non-existent pool: minecraft:south
[05:02:24] [Paper Common Worker #1/WARN]: Empty or non-existent pool: minecraft:south
[05:02:24] [Paper Common Worker #1/WARN]: Empty or non-existent pool: minecraft:south
[05:02:24] [Paper Common Worker #1/WARN]: Empty or non-existent pool: minecraft:south
[05:02:24] [Paper Common Worker #1/WARN]: Empty or non-existent pool: minecraft:south
[05:02:24] [Paper Common Worker #1/WARN]: Empty or non-existent pool: minecraft:south
[05:02:24] [Paper Common Worker #1/WARN]: Empty or non-existent pool: minecraft:south
[05:02:24] [Paper Common Worker #1/WARN]: Empty or non-existent pool: minecraft:south
[05:02:24] [Paper Common Worker #1/WARN]: Empty or non-existent pool: minecraft:south
[05:02:24] [Paper Common Worker #1/WARN]: Empty or non-existent pool: minecraft:south
[05:02:24] [Paper Common Worker #1/WARN]: Empty or non-existent pool: minecraft:south
[05:02:26] [Server thread/WARN]: Can't keep up! Is the server overloaded? Running 2527ms or 50 ticks behind
[05:02:26] [Server thread/INFO]: Fazzer lost connection: Disconnected
[05:02:26] [Server thread/INFO]: [voicechat] Disconnecting client Fazzer
[05:02:26] [Server thread/INFO]: Fazzer left the game
[05:02:27] [Server thread/INFO]: No players detected
[05:02:27] [Server thread/INFO]: Optimizing for Pre-Generation
[05:02:35] [Paper Common Worker #2/WARN]: Empty or non-existent pool: crazy_chambers:melee_spawner
[05:02:35] [Paper Common Worker #2/WARN]: Empty or non-existent pool: minecraft:south
[05:02:35] [Paper Common Worker #2/WARN]: Empty or non-existent pool: minecraft:south
[05:02:35] [Paper Common Worker #2/WARN]: Empty or non-existent pool: minecraft:south
[05:02:35] [Paper Common Worker #2/WARN]: Empty or non-existent pool: minecraft:south
[05:02:35] [Paper Common Worker #2/WARN]: Empty or non-existent pool: minecraft:south
[05:02:35] [Paper Common Worker #2/WARN]: Empty or non-existent pool: minecraft:south
[05:02:35] [Paper Common Worker #2/WARN]: Empty or non-existent pool: minecraft:south
[05:02:35] [Paper Common Worker #2/WARN]: Empty or non-existent pool: crazy_chambers:melee_spawner
[05:02:35] [Paper Common Worker #2/WARN]: Empty or non-existent pool: minecraft:south
[05:02:35] [Paper Common Worker #2/WARN]: Empty or non-existent pool: minecraft:south
[05:02:35] [Paper Common Worker #2/WARN]: Empty or non-existent pool: minecraft:south
[05:02:35] [Paper Common Worker #2/WARN]: Empty or non-existent pool: minecraft:south
[05:02:35] [Paper Common Worker #2/WARN]: Empty or non-existent pool: minecraft:south
[05:02:35] [Paper Common Worker #2/WARN]: Empty or non-existent pool: minecraft:south
[05:02:35] [Paper Common Worker #2/WARN]: Empty or non-existent pool: minecraft:south
[05:02:35] [Paper Common Worker #2/WARN]: Empty or non-existent pool: minecraft:south
[05:02:35] [Paper Common Worker #2/WARN]: Empty or non-existent pool: minecraft:south
[05:02:35] [Paper Common Worker #2/WARN]: Empty or non-existent pool: crazy_chambers:spawner/breeze_spawner
[05:02:35] [Paper Common Worker #2/WARN]: Empty or non-existent pool: minecraft:south
[05:02:35] [Paper Common Worker #2/WARN]: Empty or non-existent pool: minecraft:south
[05:02:35] [Paper Common Worker #2/WARN]: Empty or non-existent pool: minecraft:south
[05:02:35] [Paper Common Worker #2/WARN]: Empty or non-existent pool: minecraft:south
[05:02:35] [Paper Common Worker #2/WARN]: Empty or non-existent pool: minecraft:south
[05:02:35] [Paper Common Worker #2/WARN]: Empty or non-existent pool: minecraft:south
[05:02:35] [Paper Common Worker #2/WARN]: Empty or non-existent pool: minecraft:south
[05:02:35] [Paper Common Worker #2/WARN]: Empty or non-existent pool: minecraft:south
[05:02:35] [Paper Common Worker #2/WARN]: Empty or non-existent pool: minecraft:south
[05:02:35] [Paper Common Worker #2/WARN]: Empty or non-existent pool: minecraft:south
[05:02:35] [Paper Common Worker #2/WARN]: Empty or non-existent pool: minecraft:south
[05:02:35] [Paper Common Worker #2/WARN]: Empty or non-existent pool: minecraft:south
[05:02:35] [Paper Common Worker #2/WARN]: Empty or non-existent pool: minecraft:south
[05:02:35] [Paper Common Worker #2/WARN]: Empty or non-existent pool: minecraft:south
[05:02:35] [Paper Common Worker #2/WARN]: Empty or non-existent pool: minecraft:south
[05:02:35] [Paper Common Worker #2/WARN]: Empty or non-existent pool: minecraft:south
[05:02:35] [Paper Common Worker #2/WARN]: Empty or non-existent pool: minecraft:south
[05:02:35] [Paper Common Worker #2/WARN]: Empty or non-existent pool: minecraft:south
[05:02:35] [Paper Common Worker #2/WARN]: Empty or non-existent pool: minecraft:south
[05:02:35] [Paper Common Worker #2/WARN]: Empty or non-existent pool: minecraft:south
[05:02:35] [Paper Common Worker #2/WARN]: Empty or non-existent pool: minecraft:south
[05:02:35] [Paper Common Worker #2/WARN]: Empty or non-existent pool: minecraft:south
[05:02:35] [Paper Common Worker #2/WARN]: Empty or non-existent pool: minecraft:south
[05:02:35] [Paper Common Worker #2/WARN]: Empty or non-existent pool: minecraft:south
[05:02:35] [Paper Common Worker #2/WARN]: Empty or non-existent pool: minecraft:south
[05:02:35] [Paper Common Worker #2/WARN]: Empty or non-existent pool: minecraft:south
[05:02:35] [Paper Common Worker #2/WARN]: Empty or non-existent pool: minecraft:south
[05:02:35] [Paper Common Worker #2/WARN]: Empty or non-existent pool: minecraft:south
[05:02:35] [Paper Common Worker #2/WARN]: Empty or non-existent pool: minecraft:south
[05:02:35] [Paper Common Worker #2/WARN]: Empty or non-existent pool: minecraft:south
[05:02:35] [Paper Common Worker #2/WARN]: Empty or non-existent pool: minecraft:south
[05:02:35] [Paper Common Worker #2/WARN]: Empty or non-existent pool: minecraft:south
[05:02:35] [Paper Common Worker #2/WARN]: Empty or non-existent pool: minecraft:south
[05:02:35] [Paper Common Worker #2/WARN]: Empty or non-existent pool: minecraft:south
[05:02:35] [Paper Common Worker #2/WARN]: Empty or non-existent pool: minecraft:south
[05:02:35] [Paper Common Worker #2/WARN]: Empty or non-existent pool: minecraft:south
[05:02:35] [Paper Common Worker #2/WARN]: Empty or non-existent pool: minecraft:south
[05:02:35] [Paper Common Worker #2/WARN]: Empty or non-existent pool: minecraft:south
[05:02:35] [Paper Common Worker #2/WARN]: Empty or non-existent pool: minecraft:south
[05:02:35] [Paper Common Worker #2/WARN]: Empty or non-existent pool: minecraft:south
[05:02:35] [Paper Common Worker #2/WARN]: Empty or non-existent pool: minecraft:south
[05:02:35] [Paper Common Worker #2/WARN]: Empty or non-existent pool: minecraft:south
[05:02:35] [Paper Common Worker #2/WARN]: Empty or non-existent pool: minecraft:south
[05:02:35] [Paper Common Worker #2/WARN]: Empty or non-existent pool: minecraft:south
[05:02:35] [Paper Common Worker #2/WARN]: Empty or non-existent pool: minecraft:south
[05:02:38] [Paper Common Worker #2/WARN]: Empty or non-existent pool: minecraft:south
[05:02:38] [Paper Common Worker #2/WARN]: Empty or non-existent pool: minecraft:south
[05:02:38] [Paper Common Worker #2/WARN]: Empty or non-existent pool: minecraft:south
[05:02:38] [Paper Common Worker #2/WARN]: Empty or non-existent pool: minecraft:south
[05:02:38] [Paper Common Worker #2/WARN]: Empty or non-existent pool: minecraft:south
[05:02:38] [Paper Common Worker #2/WARN]: Empty or non-existent pool: minecraft:south
[05:02:38] [Paper Common Worker #2/WARN]: Empty or non-existent pool: minecraft:south
[05:02:38] [Paper Common Worker #2/WARN]: Empty or non-existent pool: minecraft:south
[05:02:38] [Paper Common Worker #2/WARN]: Empty or non-existent pool: minecraft:south
[05:02:38] [Paper Common Worker #2/WARN]: Empty or non-existent pool: minecraft:south
[05:02:38] [Paper Common Worker #2/WARN]: Empty or non-existent pool: minecraft:south
[05:02:38] [Paper Common Worker #2/WARN]: Empty or non-existent pool: minecraft:south
[05:02:38] [Paper Common Worker #2/WARN]: Empty or non-existent pool: minecraft:south
[05:02:38] [Paper Common Worker #2/WARN]: Empty or non-existent pool: minecraft:south
[05:02:38] [Paper Common Worker #2/WARN]: Empty or non-existent pool: minecraft:south
[05:02:38] [Paper Common Worker #2/WARN]: Empty or non-existent pool: minecraft:south
[05:02:38] [Paper Common Worker #2/WARN]: Empty or non-existent pool: minecraft:south
[05:02:38] [Paper Common Worker #2/WARN]: Empty or non-existent pool: crazy_chambers:spawner/breeze_spawner
[05:02:38] [Paper Common Worker #2/WARN]: Empty or non-existent pool: minecraft:south
[05:02:38] [Paper Common Worker #2/WARN]: Empty or non-existent pool: minecraft:south
[05:02:38] [Paper Common Worker #2/WARN]: Empty or non-existent pool: minecraft:south
[05:02:38] [Paper Common Worker #2/WARN]: Empty or non-existent pool: minecraft:south
[05:02:38] [Paper Common Worker #2/WARN]: Empty or non-existent pool: minecraft:south
[05:02:39] [Paper Common Worker #2/WARN]: Empty or non-existent pool: minecraft:south
[05:02:39] [Paper Common Worker #2/WARN]: Empty or non-existent pool: minecraft:south
[05:02:39] [Paper Common Worker #2/WARN]: Empty or non-existent pool: minecraft:south
[05:02:39] [Paper Common Worker #2/WARN]: Empty or non-existent pool: minecraft:south
[05:02:39] [Paper Common Worker #2/WARN]: Empty or non-existent pool: minecraft:south
[05:02:39] [Paper Common Worker #2/WARN]: Empty or non-existent pool: minecraft:south
[05:02:39] [Paper Common Worker #2/WARN]: Empty or non-existent pool: minecraft:south
[05:02:39] [Paper Common Worker #2/WARN]: Empty or non-existent pool: minecraft:south
[05:02:39] [Paper Common Worker #2/WARN]: Empty or non-existent pool: minecraft:south
[05:02:39] [Paper Common Worker #2/WARN]: Empty or non-existent pool: minecraft:south
[05:02:39] [Paper Common Worker #2/WARN]: Empty or non-existent pool: minecraft:south
[05:02:39] [Paper Common Worker #2/WARN]: Empty or non-existent pool: minecraft:south
[05:02:39] [Paper Common Worker #2/WARN]: Empty or non-existent pool: minecraft:south
[05:02:39] [Paper Common Worker #2/WARN]: Empty or non-existent pool: minecraft:south
[05:02:39] [Paper Common Worker #2/WARN]: Empty or non-existent pool: minecraft:south
[05:02:39] [Paper Common Worker #2/WARN]: Empty or non-existent pool: minecraft:south
[05:02:39] [Paper Common Worker #2/WARN]: Empty or non-existent pool: minecraft:south
[05:02:39] [Paper Common Worker #2/WARN]: Empty or non-existent pool: minecraft:south
[05:02:39] [Paper Common Worker #2/WARN]: Empty or non-existent pool: minecraft:south
[05:02:39] [Paper Common Worker #2/WARN]: Empty or non-existent pool: minecraft:south
[05:02:39] [Paper Common Worker #2/WARN]: Empty or non-existent pool: minecraft:south
[05:02:39] [Paper Common Worker #2/WARN]: Empty or non-existent pool: minecraft:south
[05:02:39] [Paper Common Worker #2/WARN]: Empty or non-existent pool: minecraft:south
[05:02:39] [Paper Common Worker #2/WARN]: Empty or non-existent pool: minecraft:south
[05:02:39] [Paper Common Worker #2/WARN]: Empty or non-existent pool: minecraft:south
[05:02:39] [Paper Common Worker #2/WARN]: Empty or non-existent pool: minecraft:south
[05:02:39] [Paper Common Worker #2/WARN]: Empty or non-existent pool: minecraft:south
[05:02:39] [Paper Common Worker #2/WARN]: Empty or non-existent pool: minecraft:south
[05:02:48] [Paper Common Worker #0/WARN]: Empty or non-existent pool: minecraft:south
[05:02:48] [Paper Common Worker #0/WARN]: Empty or non-existent pool: minecraft:south
[05:02:48] [Paper Common Worker #0/WARN]: Empty or non-existent pool: minecraft:south
[05:02:48] [Paper Common Worker #0/WARN]: Empty or non-existent pool: minecraft:south
[05:02:48] [Paper Common Worker #0/WARN]: Empty or non-existent pool: minecraft:south
[05:02:48] [Paper Common Worker #0/WARN]: Empty or non-existent pool: minecraft:south
[05:02:48] [Paper Common Worker #0/WARN]: Empty or non-existent pool: minecraft:south
[05:02:48] [Paper Common Worker #0/WARN]: Empty or non-existent pool: minecraft:south
[05:02:48] [Paper Common Worker #0/WARN]: Empty or non-existent pool: minecraft:south
[05:02:48] [Paper Common Worker #0/WARN]: Empty or non-existent pool: minecraft:south
[05:02:48] [Paper Common Worker #0/WARN]: Empty or non-existent pool: crazy_chambers:spawner/breeze_spawner
[05:02:48] [Paper Common Worker #0/WARN]: Empty or non-existent pool: minecraft:south
[05:02:48] [Paper Common Worker #0/WARN]: Empty or non-existent pool: minecraft:south
[05:02:48] [Paper Common Worker #0/WARN]: Empty or non-existent pool: minecraft:south
[05:02:48] [Paper Common Worker #0/WARN]: Empty or non-existent pool: minecraft:south
[05:02:48] [Paper Common Worker #0/WARN]: Empty or non-existent pool: minecraft:south
[05:02:48] [Paper Common Worker #0/WARN]: Empty or non-existent pool: minecraft:south
[05:02:48] [Paper Common Worker #0/WARN]: Empty or non-existent pool: minecraft:south
[05:02:48] [Paper Common Worker #0/WARN]: Empty or non-existent pool: minecraft:south
[05:02:48] [Paper Common Worker #0/WARN]: Empty or non-existent pool: minecraft:south
[05:02:48] [Paper Common Worker #0/WARN]: Empty or non-existent pool: minecraft:south
[05:02:48] [Paper Common Worker #0/WARN]: Empty or non-existent pool: minecraft:south
[05:02:48] [Paper Common Worker #0/WARN]: Empty or non-existent pool: minecraft:south
[05:02:48] [Paper Common Worker #0/WARN]: Empty or non-existent pool: minecraft:south
[05:02:48] [Paper Common Worker #0/WARN]: Empty or non-existent pool: minecraft:south
[05:02:48] [Paper Common Worker #0/WARN]: Empty or non-existent pool: minecraft:south
[05:02:48] [Paper Common Worker #0/WARN]: Empty or non-existent pool: minecraft:south
[05:02:48] [Paper Common Worker #0/WARN]: Empty or non-existent pool: minecraft:south
[05:02:48] [Paper Common Worker #0/WARN]: Empty or non-existent pool: minecraft:south
[05:02:48] [Paper Common Worker #0/WARN]: Empty or non-existent pool: minecraft:south
[05:02:48] [Paper Common Worker #0/WARN]: Empty or non-existent pool: minecraft:south
[05:02:48] [Paper Common Worker #0/WARN]: Empty or non-existent pool: minecraft:south
[05:02:48] [Paper Common Worker #0/WARN]: Empty or non-existent pool: minecraft:south
[05:02:48] [Paper Common Worker #0/WARN]: Empty or non-existent pool: minecraft:south
[05:02:48] [Paper Common Worker #0/WARN]: Empty or non-existent pool: minecraft:south
[05:02:48] [Paper Common Worker #0/WARN]: Empty or non-existent pool: minecraft:south
[05:02:48] [Paper Common Worker #0/WARN]: Empty or non-existent pool: minecraft:south
[05:02:48] [Paper Common Worker #0/WARN]: Empty or non-existent pool: minecraft:south
[05:02:48] [Paper Common Worker #0/WARN]: Empty or non-existent pool: minecraft:south
[05:02:48] [Paper Common Worker #0/WARN]: Empty or non-existent pool: minecraft:south
[05:03:25] [Paper Common Worker #1/WARN]: Empty or non-existent pool: minecraft:south
[05:03:25] [Paper Common Worker #1/WARN]: Empty or non-existent pool: minecraft:south
[05:03:25] [Paper Common Worker #1/WARN]: Empty or non-existent pool: minecraft:south
[05:03:25] [Paper Common Worker #1/WARN]: Empty or non-existent pool: minecraft:south
[05:03:25] [Paper Common Worker #1/WARN]: Empty or non-existent pool: minecraft:south
[05:03:25] [Paper Common Worker #1/WARN]: Empty or non-existent pool: minecraft:south
[05:03:25] [Paper Common Worker #1/WARN]: Empty or non-existent pool: minecraft:south
[05:03:25] [Paper Common Worker #1/WARN]: Empty or non-existent pool: minecraft:south
[05:03:25] [Paper Common Worker #1/WARN]: Empty or non-existent pool: minecraft:south
[05:03:25] [Paper Common Worker #1/WARN]: Empty or non-existent pool: minecraft:south
[05:03:25] [Paper Common Worker #1/WARN]: Empty or non-existent pool: minecraft:south
[05:03:25] [Paper Common Worker #1/WARN]: Empty or non-existent pool: minecraft:south
[05:03:25] [Paper Common Worker #1/WARN]: Empty or non-existent pool: minecraft:south
[05:03:25] [Paper Common Worker #1/WARN]: Empty or non-existent pool: minecraft:south
[05:03:25] [Paper Common Worker #1/WARN]: Empty or non-existent pool: crazy_chambers:melee_spawner
[05:03:25] [Paper Common Worker #1/WARN]: Empty or non-existent pool: minecraft:south
[05:03:25] [Paper Common Worker #1/WARN]: Empty or non-existent pool: minecraft:south
[05:03:25] [Paper Common Worker #1/WARN]: Empty or non-existent pool: minecraft:south
[05:03:25] [Paper Common Worker #1/WARN]: Empty or non-existent pool: minecraft:south
[05:03:25] [Paper Common Worker #1/WARN]: Empty or non-existent pool: minecraft:south
[05:03:25] [Paper Common Worker #1/WARN]: Empty or non-existent pool: minecraft:south
[05:03:25] [Paper Common Worker #1/WARN]: Empty or non-existent pool: crazy_chambers:spawner/breeze_spawner
[05:03:25] [Paper Common Worker #1/WARN]: Empty or non-existent pool: minecraft:south
[05:03:25] [Paper Common Worker #1/WARN]: Empty or non-existent pool: minecraft:south
[05:03:25] [Paper Common Worker #1/WARN]: Empty or non-existent pool: minecraft:south
[05:03:25] [Paper Common Worker #1/WARN]: Empty or non-existent pool: crazy_chambers:spawner/breeze_spawner
[05:03:25] [Paper Common Worker #1/WARN]: Empty or non-existent pool: minecraft:south
[05:03:25] [Paper Common Worker #1/WARN]: Empty or non-existent pool: minecraft:south
[05:03:25] [Paper Common Worker #1/WARN]: Empty or non-existent pool: minecraft:south
[05:03:25] [Paper Common Worker #1/WARN]: Empty or non-existent pool: minecraft:south
[05:03:25] [Paper Common Worker #1/WARN]: Empty or non-existent pool: minecraft:south
[05:03:25] [Paper Common Worker #1/WARN]: Empty or non-existent pool: minecraft:south
[05:03:25] [Paper Common Worker #1/WARN]: Empty or non-existent pool: minecraft:south
[05:03:25] [Paper Common Worker #1/WARN]: Empty or non-existent pool: minecraft:south
[05:03:25] [Paper Common Worker #1/WARN]: Empty or non-existent pool: minecraft:south
[05:03:25] [Paper Common Worker #1/WARN]: Empty or non-existent pool: minecraft:south
[05:03:25] [Paper Common Worker #1/WARN]: Empty or non-existent pool: minecraft:south
[05:03:25] [Paper Common Worker #1/WARN]: Empty or non-existent pool: minecraft:south
[05:03:25] [Paper Common Worker #1/WARN]: Empty or non-existent pool: minecraft:south
[05:03:25] [Paper Common Worker #1/WARN]: Empty or non-existent pool: minecraft:south
[05:03:25] [Paper Common Worker #1/WARN]: Empty or non-existent pool: minecraft:south
[05:03:25] [Paper Common Worker #1/WARN]: Empty or non-existent pool: minecraft:south
[05:03:25] [Paper Common Worker #1/WARN]: Empty or non-existent pool: minecraft:south
[05:03:25] [Paper Common Worker #1/WARN]: Empty or non-existent pool: minecraft:south
[05:03:25] [Paper Common Worker #1/WARN]: Empty or non-existent pool: minecraft:south
[05:03:25] [Paper Common Worker #1/WARN]: Empty or non-existent pool: minecraft:south
[05:03:25] [Paper Common Worker #1/WARN]: Empty or non-existent pool: minecraft:south
[05:03:25] [Paper Common Worker #1/WARN]: Empty or non-existent pool: minecraft:south
[05:03:25] [Paper Common Worker #1/WARN]: Empty or non-existent pool: minecraft:south
[05:03:25] [Paper Common Worker #1/WARN]: Empty or non-existent pool: minecraft:south
[05:03:25] [Paper Common Worker #1/WARN]: Empty or non-existent pool: minecraft:south
[05:03:25] [Paper Common Worker #1/WARN]: Empty or non-existent pool: minecraft:south
[05:03:25] [Paper Common Worker #1/WARN]: Empty or non-existent pool: minecraft:south
[05:03:25] [Paper Common Worker #1/WARN]: Empty or non-existent pool: minecraft:south
[05:03:25] [Paper Common Worker #1/WARN]: Empty or non-existent pool: minecraft:south
[05:03:25] [Paper Common Worker #1/WARN]: Empty or non-existent pool: minecraft:south
[05:03:25] [Paper Common Worker #1/WARN]: Empty or non-existent pool: minecraft:south
[05:03:25] [Paper Common Worker #1/WARN]: Empty or non-existent pool: minecraft:south
[05:03:25] [Paper Common Worker #1/WARN]: Empty or non-existent pool: minecraft:south
[05:03:25] [Paper Common Worker #1/WARN]: Empty or non-existent pool: minecraft:south
[05:03:25] [Paper Common Worker #1/WARN]: Empty or non-existent pool: minecraft:south
[05:03:28] [Paper Common Worker #0/WARN]: Empty or non-existent pool: minecraft:south
[05:03:28] [Paper Common Worker #0/WARN]: Empty or non-existent pool: minecraft:south
[05:03:28] [Paper Common Worker #0/WARN]: Empty or non-existent pool: minecraft:south
[05:03:28] [Paper Common Worker #0/WARN]: Empty or non-existent pool: minecraft:south
[05:03:28] [Paper Common Worker #0/WARN]: Empty or non-existent pool: minecraft:south
[05:03:28] [Paper Common Worker #0/WARN]: Empty or non-existent pool: minecraft:south
[05:03:28] [Paper Common Worker #0/WARN]: Empty or non-existent pool: minecraft:south
[05:03:28] [Paper Common Worker #0/WARN]: Empty or non-existent pool: minecraft:south
[05:03:28] [Paper Common Worker #0/WARN]: Empty or non-existent pool: minecraft:south
[05:03:28] [Paper Common Worker #0/WARN]: Empty or non-existent pool: minecraft:south
[05:03:28] [Paper Common Worker #0/WARN]: Empty or non-existent pool: minecraft:south
[05:03:28] [Paper Common Worker #0/WARN]: Empty or non-existent pool: minecraft:south
[05:03:28] [Paper Common Worker #0/WARN]: Empty or non-existent pool: minecraft:south
[05:03:28] [Paper Common Worker #0/WARN]: Empty or non-existent pool: minecraft:south
[05:03:28] [Paper Common Worker #0/WARN]: Empty or non-existent pool: crazy_chambers:spawner/breeze_spawner
[05:03:28] [Paper Common Worker #0/WARN]: Empty or non-existent pool: minecraft:south
[05:03:28] [Paper Common Worker #0/WARN]: Empty or non-existent pool: crazy_chambers:spawner/breeze_spawner
[05:03:28] [Paper Common Worker #0/WARN]: Empty or non-existent pool: minecraft:south
[05:03:28] [Paper Common Worker #0/WARN]: Empty or non-existent pool: minecraft:south
[05:03:28] [Paper Common Worker #0/WARN]: Empty or non-existent pool: minecraft:south
[05:03:28] [Paper Common Worker #0/WARN]: Empty or non-existent pool: minecraft:south
[05:03:28] [Paper Common Worker #0/WARN]: Empty or non-existent pool: minecraft:south
[05:03:28] [Paper Common Worker #0/WARN]: Empty or non-existent pool: minecraft:south
[05:03:28] [Paper Common Worker #0/WARN]: Empty or non-existent pool: minecraft:south
[05:03:28] [Paper Common Worker #0/WARN]: Empty or non-existent pool: crazy_chambers:melee_spawner
[05:03:28] [Paper Common Worker #0/WARN]: Empty or non-existent pool: minecraft:south
[05:03:28] [Paper Common Worker #0/WARN]: Empty or non-existent pool: minecraft:south
[05:03:28] [Paper Common Worker #0/WARN]: Empty or non-existent pool: minecraft:south
[05:03:28] [Paper Common Worker #0/WARN]: Empty or non-existent pool: minecraft:south
[05:03:28] [Paper Common Worker #0/WARN]: Empty or non-existent pool: minecraft:south
[05:03:28] [Paper Common Worker #0/WARN]: Empty or non-existent pool: minecraft:south
[05:03:28] [Paper Common Worker #0/WARN]: Empty or non-existent pool: minecraft:south
[05:03:28] [Paper Common Worker #0/WARN]: Empty or non-existent pool: minecraft:south
[05:03:28] [Paper Common Worker #0/WARN]: Empty or non-existent pool: minecraft:south
[05:03:28] [Paper Common Worker #0/WARN]: Empty or non-existent pool: minecraft:south
[05:03:28] [Paper Common Worker #0/WARN]: Empty or non-existent pool: minecraft:south
[05:03:28] [Paper Common Worker #0/WARN]: Empty or non-existent pool: minecraft:south
[05:03:28] [Paper Common Worker #0/WARN]: Empty or non-existent pool: minecraft:south
[05:03:28] [Paper Common Worker #0/WARN]: Empty or non-existent pool: minecraft:south
[05:03:28] [Paper Common Worker #0/WARN]: Empty or non-existent pool: minecraft:south
[05:03:28] [Paper Common Worker #0/WARN]: Empty or non-existent pool: minecraft:south
[05:03:28] [Paper Common Worker #0/WARN]: Empty or non-existent pool: minecraft:south
[05:03:28] [Paper Common Worker #0/WARN]: Empty or non-existent pool: minecraft:south
[05:03:28] [Paper Common Worker #0/WARN]: Empty or non-existent pool: minecraft:south
[05:03:28] [Paper Common Worker #0/WARN]: Empty or non-existent pool: minecraft:south
[05:03:28] [Paper Common Worker #0/WARN]: Empty or non-existent pool: minecraft:south
[05:03:28] [Paper Common Worker #0/WARN]: Empty or non-existent pool: minecraft:south
[05:07:21] [Server thread/INFO]: Usage: /pregen <ParallelTasksMultiplier> <PrintUpdateDelayin(Seconds/Minutes/Hours)> <world> <Radius(Blocks/Chunks/Regions)>
